数据年月,商品编码,商品名称,贸易伙伴编码,贸易伙伴名称,美元
202001,1,第1章   活动物,146,吉尔吉斯斯坦,121480.0
202001,1,第1章   活动物,302,丹麦,2758664.0
202001,1,第1章   活动物,330,瑞典,930.0
202001,1,第1章   活动物,352,捷克,3889.0
202001,1,第1章   活动物,434,秘鲁,122868.0
202001,1,第1章   活动物,609,新西兰,13087533.0
202001,2,第2章   肉及食用杂碎,302,丹麦,146734856.0
202001,2,第2章   肉及食用杂碎,311,葡萄牙,5220501.0
202001,2,第2章   肉及食用杂碎,331,瑞士,56112.0
202001,2,第2章   肉及食用杂碎,347,乌克兰,2762487.0
202001,2,第2章   肉及食用杂碎,402,阿根廷,218413497.0
202001,2,第2章   肉及食用杂碎,412,智利,56778645.0
202001,2,第2章   肉及食用杂碎,432,巴拿马,1411940.0
202001,2,第2章   肉及食用杂碎,609,新西兰,204177104.0
202001,3,第3章   鱼、甲壳动物、软体动物及其他水生无脊椎动物,103,孟加拉国,7513497.0
202001,3,第3章   鱼、甲壳动物、软体动物及其他水生无脊椎动物,106,缅甸,2018598.0
202001,3,第3章   鱼、甲壳动物、软体动物及其他水生无脊椎动物,131,沙特阿拉伯,25412123.0
202001,3,第3章   鱼、甲壳动物、软体动物及其他水生无脊椎动物,134,斯里兰卡,789814.0
202001,3,第3章   鱼、甲壳动物、软体动物及其他水生无脊椎动物,215,埃及,16022.0
202001,3,第3章   鱼、甲壳动物、软体动物及其他水生无脊椎动物,232,摩洛哥,368943.0
202001,3,第3章   鱼、甲壳动物、软体动物及其他水生无脊椎动物,247,坦桑尼亚,481389.0
202001,3,第3章   鱼、甲壳动物、软体动物及其他水生无脊椎动物,302,丹麦,8243124.0
202001,3,第3章   鱼、甲壳动物、软体动物及其他水生无脊椎动物,311,葡萄牙,1569945.0
202001,3,第3章   鱼、甲壳动物、软体动物及其他水生无脊椎动物,322,冰岛,5446404.0
202001,3,第3章   鱼、甲壳动物、软体动物及其他水生无脊椎动物,334,爱沙尼亚,2860496.0
202001,3,第3章   鱼、甲壳动物、软体动物及其他水生无脊椎动物,402,阿根廷,35624176.0
202001,3,第3章   鱼、甲壳动物、软体动物及其他水生无脊椎动物,412,智利,62321254.0
202001,3,第3章   鱼、甲壳动物、软体动物及其他水生无脊椎动物,413,哥伦比亚,24913.0
202001,3,第3章   鱼、甲壳动物、软体动物及其他水生无脊椎动物,416,古巴,1297532.0
202001,3,第3章   鱼、甲壳动物、软体动物及其他水生无脊椎动物,418,多米尼加 ,5417.0
202001,3,第3章   鱼、甲壳动物、软体动物及其他水生无脊椎动物,419,厄瓜多尔,210281967.0
202001,3,第3章   鱼、甲壳动物、软体动物及其他水生无脊椎动物,432,巴拿马,77379.0
202001,3,第3章   鱼、甲壳动物、软体动物及其他水生无脊椎动物,434,秘鲁,17770080.0
202001,3,第3章   鱼、甲壳动物、软体动物及其他水生无脊椎动物,602,库克群岛,625628.0
202001,3,第3章   鱼、甲壳动物、软体动物及其他水生无脊椎动物,609,新西兰,29843798.0
202001,3,第3章   鱼、甲壳动物、软体动物及其他水生无脊椎动物,611,巴布亚新几内亚,176907.0
202001,3,第3章   鱼、甲壳动物、软体动物及其他水生无脊椎动物,620,密克罗尼西亚联邦,73096.0
202001,4,第4章   乳品；蛋品；天然蜂蜜；其他食用动物产品,146,吉尔吉斯斯坦,20888.0
202001,4,第4章   乳品；蛋品；天然蜂蜜；其他食用动物产品,302,丹麦,4739223.0
202001,4,第4章   乳品；蛋品；天然蜂蜜；其他食用动物产品,308,卢森堡,3110.0
202001,4,第4章   乳品；蛋品；天然蜂蜜；其他食用动物产品,311,葡萄牙,29389.0
202001,4,第4章   乳品；蛋品；天然蜂蜜；其他食用动物产品,330,瑞典,404.0
202001,4,第4章   乳品；蛋品；天然蜂蜜；其他食用动物产品,331,瑞士,2681211.0
202001,4,第4章   乳品；蛋品；天然蜂蜜；其他食用动物产品,334,爱沙尼亚,295317.0
202001,4,第4章   乳品；蛋品；天然蜂蜜；其他食用动物产品,347,乌克兰,440750.0
202001,4,第4章   乳品；蛋品；天然蜂蜜；其他食用动物产品,352,捷克,133222.0
202001,4,第4章   乳品；蛋品；天然蜂蜜；其他食用动物产品,402,阿根廷,3549073.0
202001,4,第4章   乳品；蛋品；天然蜂蜜；其他食用动物产品,412,智利,1252340.0
202001,4,第4章   乳品；蛋品；天然蜂蜜；其他食用动物产品,609,新西兰,733924991.0
202001,5,第5章   其他动物产品,103,孟加拉国,230487.0
202001,5,第5章   其他动物产品,146,吉尔吉斯斯坦,26112.0
202001,5,第5章   其他动物产品,215,埃及,165360.0
202001,5,第5章   其他动物产品,236,尼日利亚,25705.0
202001,5,第5章   其他动物产品,247,坦桑尼亚,27891.0
202001,5,第5章   其他动物产品,302,丹麦,2096278.0
202001,5,第5章   其他动物产品,322,冰岛,6550.0
202001,5,第5章   其他动物产品,331,瑞士,322.0
202001,5,第5章   其他动物产品,347,乌克兰,768431.0
202001,5,第5章   其他动物产品,402,阿根廷,14503.0
202001,5,第5章   其他动物产品,412,智利,137210.0
202001,5,第5章   其他动物产品,426,洪都拉斯,35767.0
202001,5,第5章   其他动物产品,433,巴拉圭,29145.0
202001,5,第5章   其他动物产品,609,新西兰,9181279.0
202001,5,第5章   其他动物产品,613,所罗门群岛,10848.0
202001,5,第5章   其他动物产品,623,法属波利尼西亚,108900.0
202001,6,第6章   活树及其他活植物；鳞茎、根及类似品；插花及装饰用簇叶,115,以色列,15888.0
202001,6,第6章   活树及其他活植物；鳞茎、根及类似品；插花及装饰用簇叶,134,斯里兰卡,12.0
202001,6,第6章   活树及其他活植物；鳞茎、根及类似品；插花及装饰用簇叶,247,坦桑尼亚,18083.0
202001,6,第6章   活树及其他活植物；鳞茎、根及类似品；插花及装饰用簇叶,302,丹麦,607.0
202001,6,第6章   活树及其他活植物；鳞茎、根及类似品；插花及装饰用簇叶,311,葡萄牙,62934.0
202001,6,第6章   活树及其他活植物；鳞茎、根及类似品；插花及装饰用簇叶,328,罗马尼亚,90.0
202001,6,第6章   活树及其他活植物；鳞茎、根及类似品；插花及装饰用簇叶,347,乌克兰,427.0
202001,6,第6章   活树及其他活植物；鳞茎、根及类似品；插花及装饰用簇叶,352,捷克,967.0
202001,6,第6章   活树及其他活植物；鳞茎、根及类似品；插花及装饰用簇叶,412,智利,382894.0
202001,6,第6章   活树及其他活植物；鳞茎、根及类似品；插花及装饰用簇叶,413,哥伦比亚,328315.0
202001,6,第6章   活树及其他活植物；鳞茎、根及类似品；插花及装饰用簇叶,419,厄瓜多尔,1443737.0
202001,6,第6章   活树及其他活植物；鳞茎、根及类似品；插花及装饰用簇叶,423,危地马拉,5010.0
202001,6,第6章   活树及其他活植物；鳞茎、根及类似品；插花及装饰用簇叶,434,秘鲁,13725.0
202001,6,第6章   活树及其他活植物；鳞茎、根及类似品；插花及装饰用簇叶,609,新西兰,53942.0
202001,7,第7章   食用蔬菜、根及块茎,106,缅甸,1134988.0
202001,7,第7章   食用蔬菜、根及块茎,107,柬埔寨,5218359.0
202001,7,第7章   食用蔬菜、根及块茎,330,瑞典,179000.0
202001,7,第7章   食用蔬菜、根及块茎,352,捷克,826.0
202001,7,第7章   食用蔬菜、根及块茎,402,阿根廷,215511.0
202001,7,第7章   食用蔬菜、根及块茎,434,秘鲁,2558.0
202001,7,第7章   食用蔬菜、根及块茎,609,新西兰,2268205.0
202001,8,第8章   食用水果及坚果；甜瓜或柑橘属水果的果皮,101,阿富汗,4370805.0
202001,8,第8章   食用水果及坚果；甜瓜或柑橘属水果的果皮,107,柬埔寨,3692665.0
202001,8,第8章   食用水果及坚果；甜瓜或柑橘属水果的果皮,114,伊拉克,745633.0
202001,8,第8章   食用水果及坚果；甜瓜或柑橘属水果的果皮,115,以色列,1936001.0
202001,8,第8章   食用水果及坚果；甜瓜或柑橘属水果的果皮,131,沙特阿拉伯,286890.0
202001,8,第8章   食用水果及坚果；甜瓜或柑橘属水果的果皮,134,斯里兰卡,5175.0
202001,8,第8章   食用水果及坚果；甜瓜或柑橘属水果的果皮,146,吉尔吉斯斯坦,64883.0
202001,8,第8章   食用水果及坚果；甜瓜或柑橘属水果的果皮,215,埃及,4264834.0
202001,8,第8章   食用水果及坚果；甜瓜或柑橘属水果的果皮,232,摩洛哥,456548.0
202001,8,第8章   食用水果及坚果；甜瓜或柑橘属水果的果皮,247,坦桑尼亚,159501.0
202001,8,第8章   食用水果及坚果；甜瓜或柑橘属水果的果皮,328,罗马尼亚,228965.0
202001,8,第8章   食用水果及坚果；甜瓜或柑橘属水果的果皮,330,瑞典,2078174.0
202001,8,第8章   食用水果及坚果；甜瓜或柑橘属水果的果皮,331,瑞士,32.0
202001,8,第8章   食用水果及坚果；甜瓜或柑橘属水果的果皮,347,乌克兰,2200163.0
202001,8,第8章   食用水果及坚果；甜瓜或柑橘属水果的果皮,402,阿根廷,7239254.0
202001,8,第8章   食用水果及坚果；甜瓜或柑橘属水果的果皮,412,智利,1027387251.0
202001,8,第8章   食用水果及坚果；甜瓜或柑橘属水果的果皮,413,哥伦比亚,1628340.0
202001,8,第8章   食用水果及坚果；甜瓜或柑橘属水果的果皮,419,厄瓜多尔,18213857.0
202001,8,第8章   食用水果及坚果；甜瓜或柑橘属水果的果皮,432,巴拿马,37279.0
202001,8,第8章   食用水果及坚果；甜瓜或柑橘属水果的果皮,434,秘鲁,30132077.0
202001,8,第8章   食用水果及坚果；甜瓜或柑橘属水果的果皮,609,新西兰,6495791.0
202001,9,第9章   咖啡、茶、马黛茶及调味香料,106,缅甸,79500.0
202001,9,第9章   咖啡、茶、马黛茶及调味香料,107,柬埔寨,750.0
202001,9,第9章   咖啡、茶、马黛茶及调味香料,121,中国澳门,217.0
202001,9,第9章   咖啡、茶、马黛茶及调味香料,134,斯里兰卡,3140111.0
202001,9,第9章   咖啡、茶、马黛茶及调味香料,144,东帝汶,514.0
202001,9,第9章   咖啡、茶、马黛茶及调味香料,215,埃及,18760.0
202001,9,第9章   咖啡、茶、马黛茶及调味香料,228,马拉维,258080.0
202001,9,第9章   咖啡、茶、马黛茶及调味香料,229,马里,29.0
202001,9,第9章   咖啡、茶、马黛茶及调味香料,232,摩洛哥,3848.0
202001,9,第9章   咖啡、茶、马黛茶及调味香料,238,卢旺达,141592.0
202001,9,第9章   咖啡、茶、马黛茶及调味香料,247,坦桑尼亚,208952.0
202001,9,第9章   咖啡、茶、马黛茶及调味香料,302,丹麦,813.0
202001,9,第9章   咖啡、茶、马黛茶及调味香料,311,葡萄牙,169996.0
202001,9,第9章   咖啡、茶、马黛茶及调味香料,330,瑞典,14964.0
202001,9,第9章   咖啡、茶、马黛茶及调味香料,331,瑞士,1374906.0
202001,9,第9章   咖啡、茶、马黛茶及调味香料,353,斯洛伐克,24.0
202001,9,第9章   咖啡、茶、马黛茶及调味香料,402,阿根廷,232.0
202001,9,第9章   咖啡、茶、马黛茶及调味香料,413,哥伦比亚,1859832.0
202001,9,第9章   咖啡、茶、马黛茶及调味香料,419,厄瓜多尔,71577.0
202001,9,第9章   咖啡、茶、马黛茶及调味香料,423,危地马拉,375094.0
202001,9,第9章   咖啡、茶、马黛茶及调味香料,426,洪都拉斯,44273.0
202001,9,第9章   咖啡、茶、马黛茶及调味香料,432,巴拿马,91278.0
202001,9,第9章   咖啡、茶、马黛茶及调味香料,433,巴拉圭,43.0
202001,9,第9章   咖啡、茶、马黛茶及调味香料,434,秘鲁,171598.0
202001,9,第9章   咖啡、茶、马黛茶及调味香料,609,新西兰,18519.0
202001,9,第9章   咖啡、茶、马黛茶及调味香料,611,巴布亚新几内亚,344710.0
202001,10,第10章  谷物,106,缅甸,13762197.0
202001,10,第10章  谷物,107,柬埔寨,11930198.0
202001,10,第10章  谷物,347,乌克兰,118058070.0
202001,10,第10章  谷物,412,智利,9245.0
202001,10,第10章  谷物,434,秘鲁,843.0
202001,11,第11章  制粉工业产品；麦芽；淀粉；菊粉；面筋,107,柬埔寨,581140.0
202001,11,第11章  制粉工业产品；麦芽；淀粉；菊粉；面筋,302,丹麦,244540.0
202001,11,第11章  制粉工业产品；麦芽；淀粉；菊粉；面筋,330,瑞典,92.0
202001,11,第11章  制粉工业产品；麦芽；淀粉；菊粉；面筋,331,瑞士,6.0
202001,11,第11章  制粉工业产品；麦芽；淀粉；菊粉；面筋,347,乌克兰,6095568.0
202001,11,第11章  制粉工业产品；麦芽；淀粉；菊粉；面筋,412,智利,149821.0
202001,11,第11章  制粉工业产品；麦芽；淀粉；菊粉；面筋,434,秘鲁,11596.0
202001,12,第12章  含油子仁及果实；杂项子仁及果仁；工业用或药用植物；稻草、秸秆及饲料,103,孟加拉国,656808.0
202001,12,第12章  含油子仁及果实；杂项子仁及果仁；工业用或药用植物；稻草、秸秆及饲料,106,缅甸,3976428.0
202001,12,第12章  含油子仁及果实；杂项子仁及果仁；工业用或药用植物；稻草、秸秆及饲料,115,以色列,403.0
202001,12,第12章  含油子仁及果实；杂项子仁及果仁；工业用或药用植物；稻草、秸秆及饲料,134,斯里兰卡,9.0
202001,12,第12章  含油子仁及果实；杂项子仁及果仁；工业用或药用植物；稻草、秸秆及饲料,144,东帝汶,51193.0
202001,12,第12章  含油子仁及果实；杂项子仁及果仁；工业用或药用植物；稻草、秸秆及饲料,146,吉尔吉斯斯坦,6110.0
202001,12,第12章  含油子仁及果实；杂项子仁及果仁；工业用或药用植物；稻草、秸秆及饲料,215,埃及,4718.0
202001,12,第12章  含油子仁及果实；杂项子仁及果仁；工业用或药用植物；稻草、秸秆及饲料,229,马里,1909265.0
202001,12,第12章  含油子仁及果实；杂项子仁及果仁；工业用或药用植物；稻草、秸秆及饲料,232,摩洛哥,90805.0
202001,12,第12章  含油子仁及果实；杂项子仁及果仁；工业用或药用植物；稻草、秸秆及饲料,236,尼日利亚,485610.0
202001,12,第12章  含油子仁及果实；杂项子仁及果仁；工业用或药用植物；稻草、秸秆及饲料,246,苏丹,27316895.0
202001,12,第12章  含油子仁及果实；杂项子仁及果仁；工业用或药用植物；稻草、秸秆及饲料,247,坦桑尼亚,3462756.0
202001,12,第12章  含油子仁及果实；杂项子仁及果仁；工业用或药用植物；稻草、秸秆及饲料,248,多哥,2141646.0
202001,12,第12章  含油子仁及果实；杂项子仁及果仁；工业用或药用植物；稻草、秸秆及饲料,253,赞比亚,184143.0
202001,12,第12章  含油子仁及果实；杂项子仁及果仁；工业用或药用植物；稻草、秸秆及饲料,302,丹麦,1870636.0
202001,12,第12章  含油子仁及果实；杂项子仁及果仁；工业用或药用植物；稻草、秸秆及饲料,347,乌克兰,3177034.0
202001,12,第12章  含油子仁及果实；杂项子仁及果仁；工业用或药用植物；稻草、秸秆及饲料,352,捷克,3109023.0
202001,12,第12章  含油子仁及果实；杂项子仁及果仁；工业用或药用植物；稻草、秸秆及饲料,402,阿根廷,554027943.0
202001,12,第12章  含油子仁及果实；杂项子仁及果仁；工业用或药用植物；稻草、秸秆及饲料,412,智利,4793466.0
202001,12,第12章  含油子仁及果实；杂项子仁及果仁；工业用或药用植物；稻草、秸秆及饲料,419,厄瓜多尔,244288.0
202001,12,第12章  含油子仁及果实；杂项子仁及果仁；工业用或药用植物；稻草、秸秆及饲料,423,危地马拉,202.0
202001,12,第12章  含油子仁及果实；杂项子仁及果仁；工业用或药用植物；稻草、秸秆及饲料,433,巴拉圭,204897.0
202001,12,第12章  含油子仁及果实；杂项子仁及果仁；工业用或药用植物；稻草、秸秆及饲料,434,秘鲁,2208580.0
202001,12,第12章  含油子仁及果实；杂项子仁及果仁；工业用或药用植物；稻草、秸秆及饲料,608,瓦努阿图,150360.0
202001,12,第12章  含油子仁及果实；杂项子仁及果仁；工业用或药用植物；稻草、秸秆及饲料,609,新西兰,150600.0
202001,13,第13章  虫胶；树胶、树脂及其他植物液、汁,106,缅甸,96780.0
202001,13,第13章  虫胶；树胶、树脂及其他植物液、汁,232,摩洛哥,136948.0
202001,13,第13章  虫胶；树胶、树脂及其他植物液、汁,246,苏丹,329925.0
202001,13,第13章  虫胶；树胶、树脂及其他植物液、汁,302,丹麦,2217.0
202001,13,第13章  虫胶；树胶、树脂及其他植物液、汁,331,瑞士,7253.0
202001,13,第13章  虫胶；树胶、树脂及其他植物液、汁,352,捷克,232172.0
202001,13,第13章  虫胶；树胶、树脂及其他植物液、汁,412,智利,387179.0
202001,13,第13章  虫胶；树胶、树脂及其他植物液、汁,434,秘鲁,78234.0
202001,14,第14章  编结用植物材料；其他植物产品,101,阿富汗,2991.0
202001,14,第14章  编结用植物材料；其他植物产品,106,缅甸,85604.0
202001,14,第14章  编结用植物材料；其他植物产品,134,斯里兰卡,216535.0
202001,14,第14章  编结用植物材料；其他植物产品,228,马拉维,9200.0
202001,14,第14章  编结用植物材料；其他植物产品,247,坦桑尼亚,52969.0
202001,14,第14章  编结用植物材料；其他植物产品,412,智利,186366.0
202001,14,第14章  编结用植物材料；其他植物产品,434,秘鲁,697596.0
202001,14,第14章  编结用植物材料；其他植物产品,611,巴布亚新几内亚,14433.0
202001,15,第15章  动、植物油、脂及其分解产品；精制的食用油脂；动、植物蜡,134,斯里兰卡,45169.0
202001,15,第15章  动、植物油、脂及其分解产品；精制的食用油脂；动、植物蜡,215,埃及,3137.0
202001,15,第15章  动、植物油、脂及其分解产品；精制的食用油脂；动、植物蜡,232,摩洛哥,13950.0
202001,15,第15章  动、植物油、脂及其分解产品；精制的食用油脂；动、植物蜡,246,苏丹,1165142.0
202001,15,第15章  动、植物油、脂及其分解产品；精制的食用油脂；动、植物蜡,302,丹麦,56112.0
202001,15,第15章  动、植物油、脂及其分解产品；精制的食用油脂；动、植物蜡,311,葡萄牙,505556.0
202001,15,第15章  动、植物油、脂及其分解产品；精制的食用油脂；动、植物蜡,322,冰岛,257070.0
202001,15,第15章  动、植物油、脂及其分解产品；精制的食用油脂；动、植物蜡,328,罗马尼亚,165653.0
202001,15,第15章  动、植物油、脂及其分解产品；精制的食用油脂；动、植物蜡,330,瑞典,1814150.0
202001,15,第15章  动、植物油、脂及其分解产品；精制的食用油脂；动、植物蜡,331,瑞士,142540.0
202001,15,第15章  动、植物油、脂及其分解产品；精制的食用油脂；动、植物蜡,347,乌克兰,32450399.0
202001,15,第15章  动、植物油、脂及其分解产品；精制的食用油脂；动、植物蜡,402,阿根廷,24202738.0
202001,15,第15章  动、植物油、脂及其分解产品；精制的食用油脂；动、植物蜡,412,智利,1525953.0
202001,15,第15章  动、植物油、脂及其分解产品；精制的食用油脂；动、植物蜡,413,哥伦比亚,171548.0
202001,15,第15章  动、植物油、脂及其分解产品；精制的食用油脂；动、植物蜡,419,厄瓜多尔,4948.0
202001,15,第15章  动、植物油、脂及其分解产品；精制的食用油脂；动、植物蜡,433,巴拉圭,520299.0
202001,15,第15章  动、植物油、脂及其分解产品；精制的食用油脂；动、植物蜡,434,秘鲁,2839411.0
202001,15,第15章  动、植物油、脂及其分解产品；精制的食用油脂；动、植物蜡,609,新西兰,3236608.0
202001,15,第15章  动、植物油、脂及其分解产品；精制的食用油脂；动、植物蜡,611,巴布亚新几内亚,3690300.0
202001,16,第16章  肉、鱼、甲壳动物、软体动物及其他水生无脊椎动物的制品,302,丹麦,575548.0
202001,16,第16章  肉、鱼、甲壳动物、软体动物及其他水生无脊椎动物的制品,330,瑞典,79772.0
202001,16,第16章  肉、鱼、甲壳动物、软体动物及其他水生无脊椎动物的制品,335,拉脱维亚,22021.0
202001,16,第16章  肉、鱼、甲壳动物、软体动物及其他水生无脊椎动物的制品,347,乌克兰,351022.0
202001,16,第16章  肉、鱼、甲壳动物、软体动物及其他水生无脊椎动物的制品,402,阿根廷,55038.0
202001,16,第16章  肉、鱼、甲壳动物、软体动物及其他水生无脊椎动物的制品,412,智利,110235.0
202001,16,第16章  肉、鱼、甲壳动物、软体动物及其他水生无脊椎动物的制品,434,秘鲁,12677120.0
202001,17,第17章  糖及糖食,106,缅甸,96615.0
202001,17,第17章  糖及糖食,107,柬埔寨,135.0
202001,17,第17章  糖及糖食,115,以色列,138408.0
202001,17,第17章  糖及糖食,121,中国澳门,9243.0
202001,17,第17章  糖及糖食,215,埃及,738.0
202001,17,第17章  糖及糖食,302,丹麦,60210.0
202001,17,第17章  糖及糖食,330,瑞典,1352.0
202001,17,第17章  糖及糖食,331,瑞士,144282.0
202001,17,第17章  糖及糖食,347,乌克兰,88785.0
202001,17,第17章  糖及糖食,352,捷克,8645.0
202001,17,第17章  糖及糖食,402,阿根廷,731.0
202001,17,第17章  糖及糖食,413,哥伦比亚,12782.0
202001,17,第17章  糖及糖食,419,厄瓜多尔,15626.0
202001,17,第17章  糖及糖食,609,新西兰,1021698.0
202001,18,第18章  可可及可可制品,103,孟加拉国,662.0
202001,18,第18章  可可及可可制品,134,斯里兰卡,51519.0
202001,18,第18章  可可及可可制品,248,多哥,347129.0
202001,18,第18章  可可及可可制品,302,丹麦,215393.0
202001,18,第18章  可可及可可制品,308,卢森堡,23077.0
202001,18,第18章  可可及可可制品,328,罗马尼亚,16.0
202001,18,第18章  可可及可可制品,330,瑞典,17650.0
202001,18,第18章  可可及可可制品,331,瑞士,1344388.0
202001,18,第18章  可可及可可制品,347,乌克兰,4659.0
202001,18,第18章  可可及可可制品,352,捷克,3163.0
202001,18,第18章  可可及可可制品,353,斯洛伐克,5565.0
202001,18,第18章  可可及可可制品,413,哥伦比亚,8409.0
202001,18,第18章  可可及可可制品,418,多米尼加 ,7.0
202001,18,第18章  可可及可可制品,419,厄瓜多尔,157118.0
202001,18,第18章  可可及可可制品,434,秘鲁,5166.0
202001,18,第18章  可可及可可制品,609,新西兰,120851.0
202001,19,第19章  谷物、粮食粉、淀粉或乳的制品；糕饼点心,106,缅甸,10622.0
202001,19,第19章  谷物、粮食粉、淀粉或乳的制品；糕饼点心,107,柬埔寨,14868.0
202001,19,第19章  谷物、粮食粉、淀粉或乳的制品；糕饼点心,115,以色列,15.0
202001,19,第19章  谷物、粮食粉、淀粉或乳的制品；糕饼点心,121,中国澳门,256380.0
202001,19,第19章  谷物、粮食粉、淀粉或乳的制品；糕饼点心,131,沙特阿拉伯,5339.0
202001,19,第19章  谷物、粮食粉、淀粉或乳的制品；糕饼点心,134,斯里兰卡,612.0
202001,19,第19章  谷物、粮食粉、淀粉或乳的制品；糕饼点心,302,丹麦,11514571.0
202001,19,第19章  谷物、粮食粉、淀粉或乳的制品；糕饼点心,311,葡萄牙,117954.0
202001,19,第19章  谷物、粮食粉、淀粉或乳的制品；糕饼点心,328,罗马尼亚,148.0
202001,19,第19章  谷物、粮食粉、淀粉或乳的制品；糕饼点心,330,瑞典,522293.0
202001,19,第19章  谷物、粮食粉、淀粉或乳的制品；糕饼点心,331,瑞士,1836847.0
202001,19,第19章  谷物、粮食粉、淀粉或乳的制品；糕饼点心,334,爱沙尼亚,39958.0
202001,19,第19章  谷物、粮食粉、淀粉或乳的制品；糕饼点心,335,拉脱维亚,2802.0
202001,19,第19章  谷物、粮食粉、淀粉或乳的制品；糕饼点心,347,乌克兰,138482.0
202001,19,第19章  谷物、粮食粉、淀粉或乳的制品；糕饼点心,352,捷克,88286.0
202001,19,第19章  谷物、粮食粉、淀粉或乳的制品；糕饼点心,353,斯洛伐克,70.0
202001,19,第19章  谷物、粮食粉、淀粉或乳的制品；糕饼点心,412,智利,172988.0
202001,19,第19章  谷物、粮食粉、淀粉或乳的制品；糕饼点心,413,哥伦比亚,59526.0
202001,19,第19章  谷物、粮食粉、淀粉或乳的制品；糕饼点心,609,新西兰,77203270.0
202001,20,第20章  蔬菜、水果、坚果或植物其他部分的制品,107,柬埔寨,1309534.0
202001,20,第20章  蔬菜、水果、坚果或植物其他部分的制品,115,以色列,1561397.0
202001,20,第20章  蔬菜、水果、坚果或植物其他部分的制品,121,中国澳门,32505.0
202001,20,第20章  蔬菜、水果、坚果或植物其他部分的制品,134,斯里兰卡,1267.0
202001,20,第20章  蔬菜、水果、坚果或植物其他部分的制品,215,埃及,20183.0
202001,20,第20章  蔬菜、水果、坚果或植物其他部分的制品,302,丹麦,72947.0
202001,20,第20章  蔬菜、水果、坚果或植物其他部分的制品,330,瑞典,59713.0
202001,20,第20章  蔬菜、水果、坚果或植物其他部分的制品,331,瑞士,311849.0
202001,20,第20章  蔬菜、水果、坚果或植物其他部分的制品,343,摩尔多瓦,12589.0
202001,20,第20章  蔬菜、水果、坚果或植物其他部分的制品,347,乌克兰,23381.0
202001,20,第20章  蔬菜、水果、坚果或植物其他部分的制品,352,捷克,76242.0
202001,20,第20章  蔬菜、水果、坚果或植物其他部分的制品,353,斯洛伐克,8.0
202001,20,第20章  蔬菜、水果、坚果或植物其他部分的制品,355,波斯尼亚和黑塞哥维那,5.0
202001,20,第20章  蔬菜、水果、坚果或植物其他部分的制品,402,阿根廷,256166.0
202001,20,第20章  蔬菜、水果、坚果或植物其他部分的制品,412,智利,1954998.0
202001,20,第20章  蔬菜、水果、坚果或植物其他部分的制品,419,厄瓜多尔,25363.0
202001,20,第20章  蔬菜、水果、坚果或植物其他部分的制品,426,洪都拉斯,300.0
202001,20,第20章  蔬菜、水果、坚果或植物其他部分的制品,434,秘鲁,58098.0
202001,20,第20章  蔬菜、水果、坚果或植物其他部分的制品,603,斐济,86240.0
202001,20,第20章  蔬菜、水果、坚果或植物其他部分的制品,609,新西兰,373460.0
202001,21,第21章  杂项食品,103,孟加拉国,181.0
202001,21,第21章  杂项食品,105,文莱,29536.0
202001,21,第21章  杂项食品,106,缅甸,9771.0
202001,21,第21章  杂项食品,107,柬埔寨,600.0
202001,21,第21章  杂项食品,115,以色列,62404.0
202001,21,第21章  杂项食品,121,中国澳门,4467.0
202001,21,第21章  杂项食品,134,斯里兰卡,15445.0
202001,21,第21章  杂项食品,215,埃及,11.0
202001,21,第21章  杂项食品,232,摩洛哥,162.0
202001,21,第21章  杂项食品,302,丹麦,3387003.0
202001,21,第21章  杂项食品,311,葡萄牙,207.0
202001,21,第21章  杂项食品,322,冰岛,57679.0
202001,21,第21章  杂项食品,328,罗马尼亚,35191.0
202001,21,第21章  杂项食品,330,瑞典,656140.0
202001,21,第21章  杂项食品,331,瑞士,2354833.0
202001,21,第21章  杂项食品,334,爱沙尼亚,89.0
202001,21,第21章  杂项食品,347,乌克兰,77.0
202001,21,第21章  杂项食品,352,捷克,1659725.0
202001,21,第21章  杂项食品,402,阿根廷,475.0
202001,21,第21章  杂项食品,412,智利,14024.0
202001,21,第21章  杂项食品,413,哥伦比亚,475177.0
202001,21,第21章  杂项食品,419,厄瓜多尔,51840.0
202001,21,第21章  杂项食品,434,秘鲁,4385.0
202001,21,第21章  杂项食品,449,博纳尔，圣俄斯塔休斯和萨巴 ,164.0
202001,21,第21章  杂项食品,609,新西兰,3014022.0
202001,22,第22章  饮料、酒及醋,106,缅甸,125208.0
202001,22,第22章  饮料、酒及醋,107,柬埔寨,142.0
202001,22,第22章  饮料、酒及醋,114,伊拉克,202.0
202001,22,第22章  饮料、酒及醋,115,以色列,141857.0
202001,22,第22章  饮料、酒及醋,117,约旦,91.0
202001,22,第22章  饮料、酒及醋,121,中国澳门,7181.0
202001,22,第22章  饮料、酒及醋,130,卡塔尔,84.0
202001,22,第22章  饮料、酒及醋,131,沙特阿拉伯,541.0
202001,22,第22章  饮料、酒及醋,146,吉尔吉斯斯坦,25107.0
202001,22,第22章  饮料、酒及醋,201,阿尔及利亚,152.0
202001,22,第22章  饮料、酒及醋,215,埃及,21203.0
202001,22,第22章  饮料、酒及醋,226,利比亚,175.0
202001,22,第22章  饮料、酒及醋,232,摩洛哥,57.0
202001,22,第22章  饮料、酒及醋,247,坦桑尼亚,96600.0
202001,22,第22章  饮料、酒及醋,302,丹麦,141335.0
202001,22,第22章  饮料、酒及醋,311,葡萄牙,3440163.0
202001,22,第22章  饮料、酒及醋,322,冰岛,50699.0
202001,22,第22章  饮料、酒及醋,328,罗马尼亚,192651.0
202001,22,第22章  饮料、酒及醋,330,瑞典,1083947.0
202001,22,第22章  饮料、酒及醋,331,瑞士,156651.0
202001,22,第22章  饮料、酒及醋,335,拉脱维亚,107732.0
202001,22,第22章  饮料、酒及醋,343,摩尔多瓦,762547.0
202001,22,第22章  饮料、酒及醋,347,乌克兰,237345.0
202001,22,第22章  饮料、酒及醋,352,捷克,790623.0
202001,22,第22章  饮料、酒及醋,353,斯洛伐克,75783.0
202001,22,第22章  饮料、酒及醋,354,北马其顿,153994.0
202001,22,第22章  饮料、酒及醋,402,阿根廷,2107566.0
202001,22,第22章  饮料、酒及醋,412,智利,22183546.0
202001,22,第22章  饮料、酒及醋,416,古巴,2603.0
202001,22,第22章  饮料、酒及醋,445,委内瑞拉,3259.0
202001,22,第22章  饮料、酒及醋,603,斐济,176282.0
202001,22,第22章  饮料、酒及醋,609,新西兰,2644696.0
202001,23,第23章  食品工业的残渣及废料；配制的动物饲料,106,缅甸,1639967.0
202001,23,第23章  食品工业的残渣及废料；配制的动物饲料,107,柬埔寨,83229.0
202001,23,第23章  食品工业的残渣及废料；配制的动物饲料,246,苏丹,2325376.0
202001,23,第23章  食品工业的残渣及废料；配制的动物饲料,247,坦桑尼亚,759445.0
202001,23,第23章  食品工业的残渣及废料；配制的动物饲料,302,丹麦,1152291.0
202001,23,第23章  食品工业的残渣及废料；配制的动物饲料,330,瑞典,8024.0
202001,23,第23章  食品工业的残渣及废料；配制的动物饲料,331,瑞士,227542.0
202001,23,第23章  食品工业的残渣及废料；配制的动物饲料,347,乌克兰,51473495.0
202001,23,第23章  食品工业的残渣及废料；配制的动物饲料,352,捷克,155565.0
202001,23,第23章  食品工业的残渣及废料；配制的动物饲料,402,阿根廷,1953095.0
202001,23,第23章  食品工业的残渣及废料；配制的动物饲料,412,智利,7980311.0
202001,23,第23章  食品工业的残渣及废料；配制的动物饲料,419,厄瓜多尔,2934670.0
202001,23,第23章  食品工业的残渣及废料；配制的动物饲料,432,巴拿马,2024450.0
202001,23,第23章  食品工业的残渣及废料；配制的动物饲料,434,秘鲁,26170579.0
202001,23,第23章  食品工业的残渣及废料；配制的动物饲料,609,新西兰,4714414.0
202001,24,第24章  烟草、烟草及烟草代用品的制品,106,缅甸,344935.0
202001,24,第24章  烟草、烟草及烟草代用品的制品,107,柬埔寨,532549.0
202001,24,第24章  烟草、烟草及烟草代用品的制品,117,约旦,155220.0
202001,24,第24章  烟草、烟草及烟草代用品的制品,121,中国澳门,1249761.0
202001,24,第24章  烟草、烟草及烟草代用品的制品,302,丹麦,18333.0
202001,24,第24章  烟草、烟草及烟草代用品的制品,331,瑞士,139000.0
202001,24,第24章  烟草、烟草及烟草代用品的制品,347,乌克兰,183653.0
202001,24,第24章  烟草、烟草及烟草代用品的制品,416,古巴,764810.0
202001,24,第24章  烟草、烟草及烟草代用品的制品,418,多米尼加 ,2993167.0
202001,25,第25章  盐；硫磺；泥土及石料；石膏料、石灰及水泥,103,孟加拉国,1804.0
202001,25,第25章  盐；硫磺；泥土及石料；石膏料、石灰及水泥,106,缅甸,2142951.0
202001,25,第25章  盐；硫磺；泥土及石料；石膏料、石灰及水泥,107,柬埔寨,381953.0
202001,25,第25章  盐；硫磺；泥土及石料；石膏料、石灰及水泥,114,伊拉克,2000.0
202001,25,第25章  盐；硫磺；泥土及石料；石膏料、石灰及水泥,115,以色列,593114.0
202001,25,第25章  盐；硫磺；泥土及石料；石膏料、石灰及水泥,117,约旦,66799.0
202001,25,第25章  盐；硫磺；泥土及石料；石膏料、石灰及水泥,130,卡塔尔,5905183.0
202001,25,第25章  盐；硫磺；泥土及石料；石膏料、石灰及水泥,131,沙特阿拉伯,5470297.0
202001,25,第25章  盐；硫磺；泥土及石料；石膏料、石灰及水泥,134,斯里兰卡,198743.0
202001,25,第25章  盐；硫磺；泥土及石料；石膏料、石灰及水泥,146,吉尔吉斯斯坦,626.0
202001,25,第25章  盐；硫磺；泥土及石料；石膏料、石灰及水泥,201,阿尔及利亚,104144.0
202001,25,第25章  盐；硫磺；泥土及石料；石膏料、石灰及水泥,215,埃及,4405035.0
202001,25,第25章  盐；硫磺；泥土及石料；石膏料、石灰及水泥,228,马拉维,8960.0
202001,25,第25章  盐；硫磺；泥土及石料；石膏料、石灰及水泥,232,摩洛哥,302211.0
202001,25,第25章  盐；硫磺；泥土及石料；石膏料、石灰及水泥,236,尼日利亚,278132.0
202001,25,第25章  盐；硫磺；泥土及石料；石膏料、石灰及水泥,238,卢旺达,1000.0
202001,25,第25章  盐；硫磺；泥土及石料；石膏料、石灰及水泥,246,苏丹,239.0
202001,25,第25章  盐；硫磺；泥土及石料；石膏料、石灰及水泥,247,坦桑尼亚,296245.0
202001,25,第25章  盐；硫磺；泥土及石料；石膏料、石灰及水泥,253,赞比亚,143500.0
202001,25,第25章  盐；硫磺；泥土及石料；石膏料、石灰及水泥,302,丹麦,294685.0
202001,25,第25章  盐；硫磺；泥土及石料；石膏料、石灰及水泥,311,葡萄牙,6244753.0
202001,25,第25章  盐；硫磺；泥土及石料；石膏料、石灰及水泥,328,罗马尼亚,12.0
202001,25,第25章  盐；硫磺；泥土及石料；石膏料、石灰及水泥,330,瑞典,29252.0
202001,25,第25章  盐；硫磺；泥土及石料；石膏料、石灰及水泥,331,瑞士,3180.0
202001,25,第25章  盐；硫磺；泥土及石料；石膏料、石灰及水泥,335,拉脱维亚,11616.0
202001,25,第25章  盐；硫磺；泥土及石料；石膏料、石灰及水泥,347,乌克兰,154966.0
202001,25,第25章  盐；硫磺；泥土及石料；石膏料、石灰及水泥,352,捷克,1277.0
202001,25,第25章  盐；硫磺；泥土及石料；石膏料、石灰及水泥,353,斯洛伐克,8726.0
202001,25,第25章  盐；硫磺；泥土及石料；石膏料、石灰及水泥,354,北马其顿,2625642.0
202001,25,第25章  盐；硫磺；泥土及石料；石膏料、石灰及水泥,355,波斯尼亚和黑塞哥维那,137419.0
202001,25,第25章  盐；硫磺；泥土及石料；石膏料、石灰及水泥,402,阿根廷,1391.0
202001,25,第25章  盐；硫磺；泥土及石料；石膏料、石灰及水泥,412,智利,205433.0
202001,25,第25章  盐；硫磺；泥土及石料；石膏料、石灰及水泥,418,多米尼加 ,7451.0
202001,25,第25章  盐；硫磺；泥土及石料；石膏料、石灰及水泥,423,危地马拉,30462.0
202001,25,第25章  盐；硫磺；泥土及石料；石膏料、石灰及水泥,434,秘鲁,21224.0
202001,25,第25章  盐；硫磺；泥土及石料；石膏料、石灰及水泥,609,新西兰,42300.0
202001,26,第26章  矿砂、矿渣及矿灰,103,孟加拉国,34544.0
202001,26,第26章  矿砂、矿渣及矿灰,106,缅甸,75440678.0
202001,26,第26章  矿砂、矿渣及矿灰,131,沙特阿拉伯,31643370.0
202001,26,第26章  矿砂、矿渣及矿灰,134,斯里兰卡,2141692.0
202001,26,第26章  矿砂、矿渣及矿灰,146,吉尔吉斯斯坦,4095565.0
202001,26,第26章  矿砂、矿渣及矿灰,229,马里,104.0
202001,26,第26章  矿砂、矿渣及矿灰,232,摩洛哥,889309.0
202001,26,第26章  矿砂、矿渣及矿灰,236,尼日利亚,6148150.0
202001,26,第26章  矿砂、矿渣及矿灰,238,卢旺达,2556439.0
202001,26,第26章  矿砂、矿渣及矿灰,246,苏丹,249444.0
202001,26,第26章  矿砂、矿渣及矿灰,247,坦桑尼亚,3502223.0
202001,26,第26章  矿砂、矿渣及矿灰,253,赞比亚,15297157.0
202001,26,第26章  矿砂、矿渣及矿灰,311,葡萄牙,1130531.0
202001,26,第26章  矿砂、矿渣及矿灰,330,瑞典,57782186.0
202001,26,第26章  矿砂、矿渣及矿灰,347,乌克兰,143367198.0
202001,26,第26章  矿砂、矿渣及矿灰,352,捷克,1949.0
202001,26,第26章  矿砂、矿渣及矿灰,354,北马其顿,266065.0
202001,26,第26章  矿砂、矿渣及矿灰,412,智利,990282921.0
202001,26,第26章  矿砂、矿渣及矿灰,413,哥伦比亚,12942667.0
202001,26,第26章  矿砂、矿渣及矿灰,416,古巴,10846958.0
202001,26,第26章  矿砂、矿渣及矿灰,418,多米尼加 ,735507.0
202001,26,第26章  矿砂、矿渣及矿灰,419,厄瓜多尔,38473601.0
202001,26,第26章  矿砂、矿渣及矿灰,423,危地马拉,2385031.0
202001,26,第26章  矿砂、矿渣及矿灰,434,秘鲁,1191581647.0
202001,26,第26章  矿砂、矿渣及矿灰,445,委内瑞拉,6218471.0
202001,26,第26章  矿砂、矿渣及矿灰,609,新西兰,10224829.0
202001,26,第26章  矿砂、矿渣及矿灰,611,巴布亚新几内亚,763619.0
202001,26,第26章  矿砂、矿渣及矿灰,613,所罗门群岛,5416076.0
202001,27,第27章  矿物燃料、矿物油及其蒸馏产品；沥青物质；矿物蜡,105,文莱,82243639.0
202001,27,第27章  矿物燃料、矿物油及其蒸馏产品；沥青物质；矿物蜡,106,缅甸,151014115.0
202001,27,第27章  矿物燃料、矿物油及其蒸馏产品；沥青物质；矿物蜡,114,伊拉克,2977610684.0
202001,27,第27章  矿物燃料、矿物油及其蒸馏产品；沥青物质；矿物蜡,115,以色列,13445.0
202001,27,第27章  矿物燃料、矿物油及其蒸馏产品；沥青物质；矿物蜡,130,卡塔尔,913088241.0
202001,27,第27章  矿物燃料、矿物油及其蒸馏产品；沥青物质；矿物蜡,131,沙特阿拉伯,3738924715.0
202001,27,第27章  矿物燃料、矿物油及其蒸馏产品；沥青物质；矿物蜡,134,斯里兰卡,313112.0
202001,27,第27章  矿物燃料、矿物油及其蒸馏产品；沥青物质；矿物蜡,201,阿尔及利亚,20373604.0
202001,27,第27章  矿物燃料、矿物油及其蒸馏产品；沥青物质；矿物蜡,215,埃及,45498235.0
202001,27,第27章  矿物燃料、矿物油及其蒸馏产品；沥青物质；矿物蜡,216,赤道几内亚,90308414.0
202001,27,第27章  矿物燃料、矿物油及其蒸馏产品；沥青物质；矿物蜡,226,利比亚,396970831.0
202001,27,第27章  矿物燃料、矿物油及其蒸馏产品；沥青物质；矿物蜡,236,尼日利亚,207450345.0
202001,27,第27章  矿物燃料、矿物油及其蒸馏产品；沥青物质；矿物蜡,302,丹麦,22734.0
202001,27,第27章  矿物燃料、矿物油及其蒸馏产品；沥青物质；矿物蜡,311,葡萄牙,4050.0
202001,27,第27章  矿物燃料、矿物油及其蒸馏产品；沥青物质；矿物蜡,328,罗马尼亚,7199450.0
202001,27,第27章  矿物燃料、矿物油及其蒸馏产品；沥青物质；矿物蜡,330,瑞典,379458.0
202001,27,第27章  矿物燃料、矿物油及其蒸馏产品；沥青物质；矿物蜡,331,瑞士,167943.0
202001,27,第27章  矿物燃料、矿物油及其蒸馏产品；沥青物质；矿物蜡,334,爱沙尼亚,429098.0
202001,27,第27章  矿物燃料、矿物油及其蒸馏产品；沥青物质；矿物蜡,335,拉脱维亚,1598189.0
202001,27,第27章  矿物燃料、矿物油及其蒸馏产品；沥青物质；矿物蜡,347,乌克兰,50723.0
202001,27,第27章  矿物燃料、矿物油及其蒸馏产品；沥青物质；矿物蜡,352,捷克,71.0
202001,27,第27章  矿物燃料、矿物油及其蒸馏产品；沥青物质；矿物蜡,402,阿根廷,72766946.0
202001,27,第27章  矿物燃料、矿物油及其蒸馏产品；沥青物质；矿物蜡,413,哥伦比亚,493584016.0
202001,27,第27章  矿物燃料、矿物油及其蒸馏产品；沥青物质；矿物蜡,419,厄瓜多尔,116590358.0
202001,27,第27章  矿物燃料、矿物油及其蒸馏产品；沥青物质；矿物蜡,434,秘鲁,29264469.0
202001,27,第27章  矿物燃料、矿物油及其蒸馏产品；沥青物质；矿物蜡,611,巴布亚新几内亚,136475228.0
202001,28,第28章  无机化学品；贵金属、稀土金属、放射性元素及其同位素的有机及无机化合物,106,缅甸,25662090.0
202001,28,第28章  无机化学品；贵金属、稀土金属、放射性元素及其同位素的有机及无机化合物,107,柬埔寨,14.0
202001,28,第28章  无机化学品；贵金属、稀土金属、放射性元素及其同位素的有机及无机化合物,114,伊拉克,9.0
202001,28,第28章  无机化学品；贵金属、稀土金属、放射性元素及其同位素的有机及无机化合物,115,以色列,14197765.0
202001,28,第28章  无机化学品；贵金属、稀土金属、放射性元素及其同位素的有机及无机化合物,117,约旦,4254132.0
202001,28,第28章  无机化学品；贵金属、稀土金属、放射性元素及其同位素的有机及无机化合物,130,卡塔尔,11243002.0
202001,28,第28章  无机化学品；贵金属、稀土金属、放射性元素及其同位素的有机及无机化合物,131,沙特阿拉伯,32.0
202001,28,第28章  无机化学品；贵金属、稀土金属、放射性元素及其同位素的有机及无机化合物,214,吉布提,1851300.0
202001,28,第28章  无机化学品；贵金属、稀土金属、放射性元素及其同位素的有机及无机化合物,215,埃及,50.0
202001,28,第28章  无机化学品；贵金属、稀土金属、放射性元素及其同位素的有机及无机化合物,232,摩洛哥,8.0
202001,28,第28章  无机化学品；贵金属、稀土金属、放射性元素及其同位素的有机及无机化合物,302,丹麦,223684.0
202001,28,第28章  无机化学品；贵金属、稀土金属、放射性元素及其同位素的有机及无机化合物,308,卢森堡,46895.0
202001,28,第28章  无机化学品；贵金属、稀土金属、放射性元素及其同位素的有机及无机化合物,323,列支敦士登,563.0
202001,28,第28章  无机化学品；贵金属、稀土金属、放射性元素及其同位素的有机及无机化合物,328,罗马尼亚,168159.0
202001,28,第28章  无机化学品；贵金属、稀土金属、放射性元素及其同位素的有机及无机化合物,329,圣马力诺,5.0
202001,28,第28章  无机化学品；贵金属、稀土金属、放射性元素及其同位素的有机及无机化合物,330,瑞典,622509.0
202001,28,第28章  无机化学品；贵金属、稀土金属、放射性元素及其同位素的有机及无机化合物,331,瑞士,450729.0
202001,28,第28章  无机化学品；贵金属、稀土金属、放射性元素及其同位素的有机及无机化合物,334,爱沙尼亚,731600.0
202001,28,第28章  无机化学品；贵金属、稀土金属、放射性元素及其同位素的有机及无机化合物,347,乌克兰,406938.0
202001,28,第28章  无机化学品；贵金属、稀土金属、放射性元素及其同位素的有机及无机化合物,352,捷克,647851.0
202001,28,第28章  无机化学品；贵金属、稀土金属、放射性元素及其同位素的有机及无机化合物,355,波斯尼亚和黑塞哥维那,109110.0
202001,28,第28章  无机化学品；贵金属、稀土金属、放射性元素及其同位素的有机及无机化合物,402,阿根廷,6315451.0
202001,28,第28章  无机化学品；贵金属、稀土金属、放射性元素及其同位素的有机及无机化合物,412,智利,17366711.0
202001,28,第28章  无机化学品；贵金属、稀土金属、放射性元素及其同位素的有机及无机化合物,413,哥伦比亚,17758.0
202001,28,第28章  无机化学品；贵金属、稀土金属、放射性元素及其同位素的有机及无机化合物,416,古巴,272235.0
202001,28,第28章  无机化学品；贵金属、稀土金属、放射性元素及其同位素的有机及无机化合物,434,秘鲁,577213.0
202001,29,第29章  有机化学品,103,孟加拉国,147863.0
202001,29,第29章  有机化学品,105,文莱,101915992.0
202001,29,第29章  有机化学品,106,缅甸,1042538.0
202001,29,第29章  有机化学品,115,以色列,8936799.0
202001,29,第29章  有机化学品,117,约旦,8158141.0
202001,29,第29章  有机化学品,121,中国澳门,307.0
202001,29,第29章  有机化学品,130,卡塔尔,4993617.0
202001,29,第29章  有机化学品,131,沙特阿拉伯,494691645.0
202001,29,第29章  有机化学品,134,斯里兰卡,36.0
202001,29,第29章  有机化学品,215,埃及,64990.0
202001,29,第29章  有机化学品,302,丹麦,22484453.0
202001,29,第29章  有机化学品,308,卢森堡,8449.0
202001,29,第29章  有机化学品,311,葡萄牙,1647498.0
202001,29,第29章  有机化学品,328,罗马尼亚,258315.0
202001,29,第29章  有机化学品,330,瑞典,4296111.0
202001,29,第29章  有机化学品,331,瑞士,14049763.0
202001,29,第29章  有机化学品,335,拉脱维亚,155489.0
202001,29,第29章  有机化学品,347,乌克兰,260364.0
202001,29,第29章  有机化学品,352,捷克,1017954.0
202001,29,第29章  有机化学品,353,斯洛伐克,33309.0
202001,29,第29章  有机化学品,402,阿根廷,377154.0
202001,29,第29章  有机化学品,418,多米尼加 ,16.0
202001,29,第29章  有机化学品,445,委内瑞拉,9249730.0
202001,29,第29章  有机化学品,609,新西兰,40899948.0
202001,30,第30章  药品,107,柬埔寨,213827.0
202001,30,第30章  药品,115,以色列,1720945.0
202001,30,第30章  药品,215,埃及,56199.0
202001,30,第30章  药品,302,丹麦,26403484.0
202001,30,第30章  药品,311,葡萄牙,251.0
202001,30,第30章  药品,323,列支敦士登,194009.0
202001,30,第30章  药品,328,罗马尼亚,50401.0
202001,30,第30章  药品,330,瑞典,81470250.0
202001,30,第30章  药品,331,瑞士,77382176.0
202001,30,第30章  药品,334,爱沙尼亚,277.0
202001,30,第30章  药品,352,捷克,51924.0
202001,30,第30章  药品,353,斯洛伐克,208860.0
202001,30,第30章  药品,402,阿根廷,598148.0
202001,30,第30章  药品,412,智利,597.0
202001,30,第30章  药品,418,多米尼加 ,1430218.0
202001,30,第30章  药品,434,秘鲁,61550.0
202001,30,第30章  药品,609,新西兰,193671.0
202001,31,第31章  肥料,115,以色列,2224417.0
202001,31,第31章  肥料,117,约旦,30605798.0
202001,31,第31章  肥料,215,埃及,25017.0
202001,31,第31章  肥料,328,罗马尼亚,1380000.0
202001,31,第31章  肥料,330,瑞典,56255.0
202001,32,第32章  鞣料浸膏及染料浸膏；鞣酸及其衍生物；染料、颜料及其他着色料；油漆及清漆；油灰及其他类似胶粘剂；墨水、油墨,103,孟加拉国,664.0
202001,32,第32章  鞣料浸膏及染料浸膏；鞣酸及其衍生物；染料、颜料及其他着色料；油漆及清漆；油灰及其他类似胶粘剂；墨水、油墨,106,缅甸,187532.0
202001,32,第32章  鞣料浸膏及染料浸膏；鞣酸及其衍生物；染料、颜料及其他着色料；油漆及清漆；油灰及其他类似胶粘剂；墨水、油墨,115,以色列,588757.0
202001,32,第32章  鞣料浸膏及染料浸膏；鞣酸及其衍生物；染料、颜料及其他着色料；油漆及清漆；油灰及其他类似胶粘剂；墨水、油墨,131,沙特阿拉伯,101800.0
202001,32,第32章  鞣料浸膏及染料浸膏；鞣酸及其衍生物；染料、颜料及其他着色料；油漆及清漆；油灰及其他类似胶粘剂；墨水、油墨,215,埃及,6062.0
202001,32,第32章  鞣料浸膏及染料浸膏；鞣酸及其衍生物；染料、颜料及其他着色料；油漆及清漆；油灰及其他类似胶粘剂；墨水、油墨,302,丹麦,899133.0
202001,32,第32章  鞣料浸膏及染料浸膏；鞣酸及其衍生物；染料、颜料及其他着色料；油漆及清漆；油灰及其他类似胶粘剂；墨水、油墨,308,卢森堡,16949.0
202001,32,第32章  鞣料浸膏及染料浸膏；鞣酸及其衍生物；染料、颜料及其他着色料；油漆及清漆；油灰及其他类似胶粘剂；墨水、油墨,311,葡萄牙,249331.0
202001,32,第32章  鞣料浸膏及染料浸膏；鞣酸及其衍生物；染料、颜料及其他着色料；油漆及清漆；油灰及其他类似胶粘剂；墨水、油墨,323,列支敦士登,114529.0
202001,32,第32章  鞣料浸膏及染料浸膏；鞣酸及其衍生物；染料、颜料及其他着色料；油漆及清漆；油灰及其他类似胶粘剂；墨水、油墨,328,罗马尼亚,13434.0
202001,32,第32章  鞣料浸膏及染料浸膏；鞣酸及其衍生物；染料、颜料及其他着色料；油漆及清漆；油灰及其他类似胶粘剂；墨水、油墨,330,瑞典,413271.0
202001,32,第32章  鞣料浸膏及染料浸膏；鞣酸及其衍生物；染料、颜料及其他着色料；油漆及清漆；油灰及其他类似胶粘剂；墨水、油墨,331,瑞士,2976139.0
202001,32,第32章  鞣料浸膏及染料浸膏；鞣酸及其衍生物；染料、颜料及其他着色料；油漆及清漆；油灰及其他类似胶粘剂；墨水、油墨,352,捷克,270549.0
202001,32,第32章  鞣料浸膏及染料浸膏；鞣酸及其衍生物；染料、颜料及其他着色料；油漆及清漆；油灰及其他类似胶粘剂；墨水、油墨,353,斯洛伐克,3652.0
202001,32,第32章  鞣料浸膏及染料浸膏；鞣酸及其衍生物；染料、颜料及其他着色料；油漆及清漆；油灰及其他类似胶粘剂；墨水、油墨,402,阿根廷,357172.0
202001,32,第32章  鞣料浸膏及染料浸膏；鞣酸及其衍生物；染料、颜料及其他着色料；油漆及清漆；油灰及其他类似胶粘剂；墨水、油墨,412,智利,7844.0
202001,32,第32章  鞣料浸膏及染料浸膏；鞣酸及其衍生物；染料、颜料及其他着色料；油漆及清漆；油灰及其他类似胶粘剂；墨水、油墨,413,哥伦比亚,160835.0
202001,32,第32章  鞣料浸膏及染料浸膏；鞣酸及其衍生物；染料、颜料及其他着色料；油漆及清漆；油灰及其他类似胶粘剂；墨水、油墨,434,秘鲁,486108.0
202001,32,第32章  鞣料浸膏及染料浸膏；鞣酸及其衍生物；染料、颜料及其他着色料；油漆及清漆；油灰及其他类似胶粘剂；墨水、油墨,609,新西兰,450.0
202001,33,第33章  精油及香膏；芳香料制品及化妆盥洗品,101,阿富汗,158.0
202001,33,第33章  精油及香膏；芳香料制品及化妆盥洗品,105,文莱,4891.0
202001,33,第33章  精油及香膏；芳香料制品及化妆盥洗品,107,柬埔寨,3614.0
202001,33,第33章  精油及香膏；芳香料制品及化妆盥洗品,115,以色列,1031697.0
202001,33,第33章  精油及香膏；芳香料制品及化妆盥洗品,117,约旦,2752.0
202001,33,第33章  精油及香膏；芳香料制品及化妆盥洗品,121,中国澳门,21.0
202001,33,第33章  精油及香膏；芳香料制品及化妆盥洗品,131,沙特阿拉伯,2.0
202001,33,第33章  精油及香膏；芳香料制品及化妆盥洗品,134,斯里兰卡,29033.0
202001,33,第33章  精油及香膏；芳香料制品及化妆盥洗品,146,吉尔吉斯斯坦,39.0
202001,33,第33章  精油及香膏；芳香料制品及化妆盥洗品,215,埃及,39416.0
202001,33,第33章  精油及香膏；芳香料制品及化妆盥洗品,232,摩洛哥,32920.0
202001,33,第33章  精油及香膏；芳香料制品及化妆盥洗品,302,丹麦,44646.0
202001,33,第33章  精油及香膏；芳香料制品及化妆盥洗品,308,卢森堡,35946.0
202001,33,第33章  精油及香膏；芳香料制品及化妆盥洗品,311,葡萄牙,81845.0
202001,33,第33章  精油及香膏；芳香料制品及化妆盥洗品,322,冰岛,307469.0
202001,33,第33章  精油及香膏；芳香料制品及化妆盥洗品,323,列支敦士登,12635.0
202001,33,第33章  精油及香膏；芳香料制品及化妆盥洗品,325,摩纳哥,16813.0
202001,33,第33章  精油及香膏；芳香料制品及化妆盥洗品,328,罗马尼亚,21823.0
202001,33,第33章  精油及香膏；芳香料制品及化妆盥洗品,330,瑞典,413002.0
202001,33,第33章  精油及香膏；芳香料制品及化妆盥洗品,331,瑞士,11630904.0
202001,33,第33章  精油及香膏；芳香料制品及化妆盥洗品,334,爱沙尼亚,52.0
202001,33,第33章  精油及香膏；芳香料制品及化妆盥洗品,335,拉脱维亚,113828.0
202001,33,第33章  精油及香膏；芳香料制品及化妆盥洗品,347,乌克兰,26834.0
202001,33,第33章  精油及香膏；芳香料制品及化妆盥洗品,352,捷克,154006.0
202001,33,第33章  精油及香膏；芳香料制品及化妆盥洗品,353,斯洛伐克,129204.0
202001,33,第33章  精油及香膏；芳香料制品及化妆盥洗品,355,波斯尼亚和黑塞哥维那,9876.0
202001,33,第33章  精油及香膏；芳香料制品及化妆盥洗品,402,阿根廷,18018.0
202001,33,第33章  精油及香膏；芳香料制品及化妆盥洗品,412,智利,7735.0
202001,33,第33章  精油及香膏；芳香料制品及化妆盥洗品,413,哥伦比亚,35.0
202001,33,第33章  精油及香膏；芳香料制品及化妆盥洗品,418,多米尼加 ,1633.0
202001,33,第33章  精油及香膏；芳香料制品及化妆盥洗品,423,危地马拉,7224.0
202001,33,第33章  精油及香膏；芳香料制品及化妆盥洗品,426,洪都拉斯,7730.0
202001,33,第33章  精油及香膏；芳香料制品及化妆盥洗品,433,巴拉圭,1078.0
202001,33,第33章  精油及香膏；芳香料制品及化妆盥洗品,434,秘鲁,9251.0
202001,33,第33章  精油及香膏；芳香料制品及化妆盥洗品,609,新西兰,1966994.0
202001,34,第34章  肥皂、有机表面活性剂、洗涤剂、润滑剂、人造蜡、调制蜡、光洁剂、蜡烛及类似品、塑型用膏、“牙科用蜡”及牙科用熟石膏制剂,107,柬埔寨,790.0
202001,34,第34章  肥皂、有机表面活性剂、洗涤剂、润滑剂、人造蜡、调制蜡、光洁剂、蜡烛及类似品、塑型用膏、“牙科用蜡”及牙科用熟石膏制剂,115,以色列,60217.0
202001,34,第34章  肥皂、有机表面活性剂、洗涤剂、润滑剂、人造蜡、调制蜡、光洁剂、蜡烛及类似品、塑型用膏、“牙科用蜡”及牙科用熟石膏制剂,117,约旦,108.0
202001,34,第34章  肥皂、有机表面活性剂、洗涤剂、润滑剂、人造蜡、调制蜡、光洁剂、蜡烛及类似品、塑型用膏、“牙科用蜡”及牙科用熟石膏制剂,131,沙特阿拉伯,601178.0
202001,34,第34章  肥皂、有机表面活性剂、洗涤剂、润滑剂、人造蜡、调制蜡、光洁剂、蜡烛及类似品、塑型用膏、“牙科用蜡”及牙科用熟石膏制剂,134,斯里兰卡,388.0
202001,34,第34章  肥皂、有机表面活性剂、洗涤剂、润滑剂、人造蜡、调制蜡、光洁剂、蜡烛及类似品、塑型用膏、“牙科用蜡”及牙科用熟石膏制剂,215,埃及,163659.0
202001,34,第34章  肥皂、有机表面活性剂、洗涤剂、润滑剂、人造蜡、调制蜡、光洁剂、蜡烛及类似品、塑型用膏、“牙科用蜡”及牙科用熟石膏制剂,232,摩洛哥,3281.0
202001,34,第34章  肥皂、有机表面活性剂、洗涤剂、润滑剂、人造蜡、调制蜡、光洁剂、蜡烛及类似品、塑型用膏、“牙科用蜡”及牙科用熟石膏制剂,236,尼日利亚,88.0
202001,34,第34章  肥皂、有机表面活性剂、洗涤剂、润滑剂、人造蜡、调制蜡、光洁剂、蜡烛及类似品、塑型用膏、“牙科用蜡”及牙科用熟石膏制剂,302,丹麦,912270.0
202001,34,第34章  肥皂、有机表面活性剂、洗涤剂、润滑剂、人造蜡、调制蜡、光洁剂、蜡烛及类似品、塑型用膏、“牙科用蜡”及牙科用熟石膏制剂,311,葡萄牙,364668.0
202001,34,第34章  肥皂、有机表面活性剂、洗涤剂、润滑剂、人造蜡、调制蜡、光洁剂、蜡烛及类似品、塑型用膏、“牙科用蜡”及牙科用熟石膏制剂,323,列支敦士登,208.0
202001,34,第34章  肥皂、有机表面活性剂、洗涤剂、润滑剂、人造蜡、调制蜡、光洁剂、蜡烛及类似品、塑型用膏、“牙科用蜡”及牙科用熟石膏制剂,325,摩纳哥,2835.0
202001,34,第34章  肥皂、有机表面活性剂、洗涤剂、润滑剂、人造蜡、调制蜡、光洁剂、蜡烛及类似品、塑型用膏、“牙科用蜡”及牙科用熟石膏制剂,328,罗马尼亚,35135.0
202001,34,第34章  肥皂、有机表面活性剂、洗涤剂、润滑剂、人造蜡、调制蜡、光洁剂、蜡烛及类似品、塑型用膏、“牙科用蜡”及牙科用熟石膏制剂,330,瑞典,627036.0
202001,34,第34章  肥皂、有机表面活性剂、洗涤剂、润滑剂、人造蜡、调制蜡、光洁剂、蜡烛及类似品、塑型用膏、“牙科用蜡”及牙科用熟石膏制剂,331,瑞士,2619516.0
202001,34,第34章  肥皂、有机表面活性剂、洗涤剂、润滑剂、人造蜡、调制蜡、光洁剂、蜡烛及类似品、塑型用膏、“牙科用蜡”及牙科用熟石膏制剂,335,拉脱维亚,46578.0
202001,34,第34章  肥皂、有机表面活性剂、洗涤剂、润滑剂、人造蜡、调制蜡、光洁剂、蜡烛及类似品、塑型用膏、“牙科用蜡”及牙科用熟石膏制剂,352,捷克,79066.0
202001,34,第34章  肥皂、有机表面活性剂、洗涤剂、润滑剂、人造蜡、调制蜡、光洁剂、蜡烛及类似品、塑型用膏、“牙科用蜡”及牙科用熟石膏制剂,603,斐济,506.0
202001,34,第34章  肥皂、有机表面活性剂、洗涤剂、润滑剂、人造蜡、调制蜡、光洁剂、蜡烛及类似品、塑型用膏、“牙科用蜡”及牙科用熟石膏制剂,609,新西兰,187669.0
202001,35,第35章  蛋白类物质；改性淀粉；胶；酶,115,以色列,447418.0
202001,35,第35章  蛋白类物质；改性淀粉；胶；酶,302,丹麦,6680862.0
202001,35,第35章  蛋白类物质；改性淀粉；胶；酶,308,卢森堡,44825.0
202001,35,第35章  蛋白类物质；改性淀粉；胶；酶,311,葡萄牙,12828.0
202001,35,第35章  蛋白类物质；改性淀粉；胶；酶,322,冰岛,123.0
202001,35,第35章  蛋白类物质；改性淀粉；胶；酶,328,罗马尼亚,30037.0
202001,35,第35章  蛋白类物质；改性淀粉；胶；酶,330,瑞典,530534.0
202001,35,第35章  蛋白类物质；改性淀粉；胶；酶,331,瑞士,2264824.0
202001,35,第35章  蛋白类物质；改性淀粉；胶；酶,347,乌克兰,151000.0
202001,35,第35章  蛋白类物质；改性淀粉；胶；酶,352,捷克,336761.0
202001,35,第35章  蛋白类物质；改性淀粉；胶；酶,402,阿根廷,391939.0
202001,35,第35章  蛋白类物质；改性淀粉；胶；酶,609,新西兰,10571959.0
202001,36,第36章  炸药；烟火制品；引火合金；易燃材料制品,352,捷克,1061325.0
202001,37,第37章  照相及电影用品,105,文莱,358.0
202001,37,第37章  照相及电影用品,115,以色列,294935.0
202001,37,第37章  照相及电影用品,330,瑞典,2055.0
202001,37,第37章  照相及电影用品,331,瑞士,233389.0
202001,37,第37章  照相及电影用品,352,捷克,433.0
202001,38,第38章  杂项化学产品,103,孟加拉国,588550.0
202001,38,第38章  杂项化学产品,107,柬埔寨,152296.0
202001,38,第38章  杂项化学产品,115,以色列,1026341.0
202001,38,第38章  杂项化学产品,117,约旦,13193.0
202001,38,第38章  杂项化学产品,121,中国澳门,103.0
202001,38,第38章  杂项化学产品,130,卡塔尔,644430.0
202001,38,第38章  杂项化学产品,131,沙特阿拉伯,942974.0
202001,38,第38章  杂项化学产品,134,斯里兰卡,824815.0
202001,38,第38章  杂项化学产品,215,埃及,309090.0
202001,38,第38章  杂项化学产品,232,摩洛哥,237.0
202001,38,第38章  杂项化学产品,247,坦桑尼亚,10284.0
202001,38,第38章  杂项化学产品,253,赞比亚,310558.0
202001,38,第38章  杂项化学产品,302,丹麦,2675090.0
202001,38,第38章  杂项化学产品,308,卢森堡,192166.0
202001,38,第38章  杂项化学产品,311,葡萄牙,145142.0
202001,38,第38章  杂项化学产品,323,列支敦士登,73334.0
202001,38,第38章  杂项化学产品,325,摩纳哥,130415.0
202001,38,第38章  杂项化学产品,328,罗马尼亚,99597.0
202001,38,第38章  杂项化学产品,330,瑞典,4890990.0
202001,38,第38章  杂项化学产品,331,瑞士,5537890.0
202001,38,第38章  杂项化学产品,335,拉脱维亚,36527.0
202001,38,第38章  杂项化学产品,347,乌克兰,85400.0
202001,38,第38章  杂项化学产品,352,捷克,927476.0
202001,38,第38章  杂项化学产品,353,斯洛伐克,1377.0
202001,38,第38章  杂项化学产品,402,阿根廷,1055650.0
202001,38,第38章  杂项化学产品,412,智利,1820764.0
202001,38,第38章  杂项化学产品,413,哥伦比亚,859218.0
202001,38,第38章  杂项化学产品,418,多米尼加 ,9719.0
202001,38,第38章  杂项化学产品,426,洪都拉斯,28.0
202001,38,第38章  杂项化学产品,434,秘鲁,81753.0
202001,38,第38章  杂项化学产品,445,委内瑞拉,9609.0
202001,38,第38章  杂项化学产品,609,新西兰,286146.0
202001,38,第38章  杂项化学产品,611,巴布亚新几内亚,49784.0
202001,39,第39章  塑料及其制品,101,阿富汗,23.0
202001,39,第39章  塑料及其制品,103,孟加拉国,734161.0
202001,39,第39章  塑料及其制品,106,缅甸,1232020.0
202001,39,第39章  塑料及其制品,107,柬埔寨,777316.0
202001,39,第39章  塑料及其制品,115,以色列,6586193.0
202001,39,第39章  塑料及其制品,117,约旦,355.0
202001,39,第39章  塑料及其制品,121,中国澳门,2142.0
202001,39,第39章  塑料及其制品,130,卡塔尔,32855194.0
202001,39,第39章  塑料及其制品,131,沙特阿拉伯,295323572.0
202001,39,第39章  塑料及其制品,134,斯里兰卡,30820.0
202001,39,第39章  塑料及其制品,201,阿尔及利亚,58901.0
202001,39,第39章  塑料及其制品,215,埃及,1490084.0
202001,39,第39章  塑料及其制品,228,马拉维,381.0
202001,39,第39章  塑料及其制品,232,摩洛哥,249406.0
202001,39,第39章  塑料及其制品,236,尼日利亚,169180.0
202001,39,第39章  塑料及其制品,246,苏丹,29759.0
202001,39,第39章  塑料及其制品,247,坦桑尼亚,261000.0
202001,39,第39章  塑料及其制品,257,斯威士兰,27.0
202001,39,第39章  塑料及其制品,302,丹麦,3411921.0
202001,39,第39章  塑料及其制品,308,卢森堡,2908005.0
202001,39,第39章  塑料及其制品,311,葡萄牙,2694804.0
202001,39,第39章  塑料及其制品,322,冰岛,291.0
202001,39,第39章  塑料及其制品,323,列支敦士登,14856.0
202001,39,第39章  塑料及其制品,325,摩纳哥,79344.0
202001,39,第39章  塑料及其制品,328,罗马尼亚,2347273.0
202001,39,第39章  塑料及其制品,330,瑞典,25413978.0
202001,39,第39章  塑料及其制品,331,瑞士,19310962.0
202001,39,第39章  塑料及其制品,334,爱沙尼亚,40905.0
202001,39,第39章  塑料及其制品,335,拉脱维亚,49466.0
202001,39,第39章  塑料及其制品,343,摩尔多瓦,194408.0
202001,39,第39章  塑料及其制品,347,乌克兰,273645.0
202001,39,第39章  塑料及其制品,352,捷克,8323590.0
202001,39,第39章  塑料及其制品,353,斯洛伐克,1233539.0
202001,39,第39章  塑料及其制品,354,北马其顿,1118.0
202001,39,第39章  塑料及其制品,355,波斯尼亚和黑塞哥维那,21779.0
202001,39,第39章  塑料及其制品,402,阿根廷,180872.0
202001,39,第39章  塑料及其制品,412,智利,174532.0
202001,39,第39章  塑料及其制品,413,哥伦比亚,214950.0
202001,39,第39章  塑料及其制品,418,多米尼加 ,255876.0
202001,39,第39章  塑料及其制品,419,厄瓜多尔,157696.0
202001,39,第39章  塑料及其制品,423,危地马拉,77963.0
202001,39,第39章  塑料及其制品,426,洪都拉斯,124218.0
202001,39,第39章  塑料及其制品,434,秘鲁,1020.0
202001,39,第39章  塑料及其制品,609,新西兰,208209.0
202001,40,第40章  橡胶及其制品,103,孟加拉国,150.0
202001,40,第40章  橡胶及其制品,106,缅甸,9820244.0
202001,40,第40章  橡胶及其制品,107,柬埔寨,1790434.0
202001,40,第40章  橡胶及其制品,115,以色列,257223.0
202001,40,第40章  橡胶及其制品,131,沙特阿拉伯,21511932.0
202001,40,第40章  橡胶及其制品,134,斯里兰卡,1092260.0
202001,40,第40章  橡胶及其制品,215,埃及,581.0
202001,40,第40章  橡胶及其制品,232,摩洛哥,92710.0
202001,40,第40章  橡胶及其制品,236,尼日利亚,286748.0
202001,40,第40章  橡胶及其制品,302,丹麦,1424878.0
202001,40,第40章  橡胶及其制品,308,卢森堡,358855.0
202001,40,第40章  橡胶及其制品,311,葡萄牙,1224076.0
202001,40,第40章  橡胶及其制品,323,列支敦士登,1460.0
202001,40,第40章  橡胶及其制品,325,摩纳哥,394.0
202001,40,第40章  橡胶及其制品,328,罗马尼亚,3600181.0
202001,40,第40章  橡胶及其制品,329,圣马力诺,161.0
202001,40,第40章  橡胶及其制品,330,瑞典,2830774.0
202001,40,第40章  橡胶及其制品,331,瑞士,1300076.0
202001,40,第40章  橡胶及其制品,334,爱沙尼亚,266455.0
202001,40,第40章  橡胶及其制品,335,拉脱维亚,613.0
202001,40,第40章  橡胶及其制品,347,乌克兰,8201.0
202001,40,第40章  橡胶及其制品,352,捷克,7325387.0
202001,40,第40章  橡胶及其制品,353,斯洛伐克,888367.0
202001,40,第40章  橡胶及其制品,354,北马其顿,3494.0
202001,40,第40章  橡胶及其制品,355,波斯尼亚和黑塞哥维那,149.0
202001,40,第40章  橡胶及其制品,402,阿根廷,238.0
202001,40,第40章  橡胶及其制品,412,智利,1932.0
202001,40,第40章  橡胶及其制品,419,厄瓜多尔,8438.0
202001,40,第40章  橡胶及其制品,423,危地马拉,313.0
202001,40,第40章  橡胶及其制品,608,瓦努阿图,17.0
202001,40,第40章  橡胶及其制品,609,新西兰,65151.0
202001,41,第41章  生皮（毛皮除外）及皮革,103,孟加拉国,1961758.0
202001,41,第41章  生皮（毛皮除外）及皮革,107,柬埔寨,202015.0
202001,41,第41章  生皮（毛皮除外）及皮革,114,伊拉克,61696.0
202001,41,第41章  生皮（毛皮除外）及皮革,115,以色列,30000.0
202001,41,第41章  生皮（毛皮除外）及皮革,131,沙特阿拉伯,144334.0
202001,41,第41章  生皮（毛皮除外）及皮革,146,吉尔吉斯斯坦,453154.0
202001,41,第41章  生皮（毛皮除外）及皮革,215,埃及,1183891.0
202001,41,第41章  生皮（毛皮除外）及皮革,229,马里,24721.0
202001,41,第41章  生皮（毛皮除外）及皮革,236,尼日利亚,636895.0
202001,41,第41章  生皮（毛皮除外）及皮革,238,卢旺达,75294.0
202001,41,第41章  生皮（毛皮除外）及皮革,246,苏丹,78365.0
202001,41,第41章  生皮（毛皮除外）及皮革,247,坦桑尼亚,211170.0
202001,41,第41章  生皮（毛皮除外）及皮革,302,丹麦,852997.0
202001,41,第41章  生皮（毛皮除外）及皮革,311,葡萄牙,233573.0
202001,41,第41章  生皮（毛皮除外）及皮革,328,罗马尼亚,28800.0
202001,41,第41章  生皮（毛皮除外）及皮革,330,瑞典,76919.0
202001,41,第41章  生皮（毛皮除外）及皮革,353,斯洛伐克,3354.0
202001,41,第41章  生皮（毛皮除外）及皮革,355,波斯尼亚和黑塞哥维那,126.0
202001,41,第41章  生皮（毛皮除外）及皮革,402,阿根廷,6682144.0
202001,41,第41章  生皮（毛皮除外）及皮革,412,智利,313671.0
202001,41,第41章  生皮（毛皮除外）及皮革,413,哥伦比亚,156387.0
202001,41,第41章  生皮（毛皮除外）及皮革,418,多米尼加 ,46225.0
202001,41,第41章  生皮（毛皮除外）及皮革,419,厄瓜多尔,214720.0
202001,41,第41章  生皮（毛皮除外）及皮革,432,巴拿马,178340.0
202001,41,第41章  生皮（毛皮除外）及皮革,433,巴拉圭,601545.0
202001,41,第41章  生皮（毛皮除外）及皮革,434,秘鲁,100300.0
202001,41,第41章  生皮（毛皮除外）及皮革,609,新西兰,3319239.0
202001,42,第42章  皮革制品；鞍具及挽具；旅行用品、手提包及类似容器；动物肠线（蚕胶丝除外）制品,101,阿富汗,194.0
202001,42,第42章  皮革制品；鞍具及挽具；旅行用品、手提包及类似容器；动物肠线（蚕胶丝除外）制品,103,孟加拉国,3019357.0
202001,42,第42章  皮革制品；鞍具及挽具；旅行用品、手提包及类似容器；动物肠线（蚕胶丝除外）制品,106,缅甸,1456277.0
202001,42,第42章  皮革制品；鞍具及挽具；旅行用品、手提包及类似容器；动物肠线（蚕胶丝除外）制品,107,柬埔寨,5206187.0
202001,42,第42章  皮革制品；鞍具及挽具；旅行用品、手提包及类似容器；动物肠线（蚕胶丝除外）制品,115,以色列,100469.0
202001,42,第42章  皮革制品；鞍具及挽具；旅行用品、手提包及类似容器；动物肠线（蚕胶丝除外）制品,121,中国澳门,32161.0
202001,42,第42章  皮革制品；鞍具及挽具；旅行用品、手提包及类似容器；动物肠线（蚕胶丝除外）制品,134,斯里兰卡,1029.0
202001,42,第42章  皮革制品；鞍具及挽具；旅行用品、手提包及类似容器；动物肠线（蚕胶丝除外）制品,232,摩洛哥,34424.0
202001,42,第42章  皮革制品；鞍具及挽具；旅行用品、手提包及类似容器；动物肠线（蚕胶丝除外）制品,302,丹麦,20253.0
202001,42,第42章  皮革制品；鞍具及挽具；旅行用品、手提包及类似容器；动物肠线（蚕胶丝除外）制品,311,葡萄牙,140623.0
202001,42,第42章  皮革制品；鞍具及挽具；旅行用品、手提包及类似容器；动物肠线（蚕胶丝除外）制品,325,摩纳哥,352.0
202001,42,第42章  皮革制品；鞍具及挽具；旅行用品、手提包及类似容器；动物肠线（蚕胶丝除外）制品,328,罗马尼亚,1658495.0
202001,42,第42章  皮革制品；鞍具及挽具；旅行用品、手提包及类似容器；动物肠线（蚕胶丝除外）制品,330,瑞典,241772.0
202001,42,第42章  皮革制品；鞍具及挽具；旅行用品、手提包及类似容器；动物肠线（蚕胶丝除外）制品,331,瑞士,308405.0
202001,42,第42章  皮革制品；鞍具及挽具；旅行用品、手提包及类似容器；动物肠线（蚕胶丝除外）制品,334,爱沙尼亚,1789.0
202001,42,第42章  皮革制品；鞍具及挽具；旅行用品、手提包及类似容器；动物肠线（蚕胶丝除外）制品,343,摩尔多瓦,116751.0
202001,42,第42章  皮革制品；鞍具及挽具；旅行用品、手提包及类似容器；动物肠线（蚕胶丝除外）制品,347,乌克兰,108782.0
202001,42,第42章  皮革制品；鞍具及挽具；旅行用品、手提包及类似容器；动物肠线（蚕胶丝除外）制品,352,捷克,2309003.0
202001,42,第42章  皮革制品；鞍具及挽具；旅行用品、手提包及类似容器；动物肠线（蚕胶丝除外）制品,353,斯洛伐克,3168.0
202001,42,第42章  皮革制品；鞍具及挽具；旅行用品、手提包及类似容器；动物肠线（蚕胶丝除外）制品,354,北马其顿,186.0
202001,42,第42章  皮革制品；鞍具及挽具；旅行用品、手提包及类似容器；动物肠线（蚕胶丝除外）制品,355,波斯尼亚和黑塞哥维那,55624.0
202001,42,第42章  皮革制品；鞍具及挽具；旅行用品、手提包及类似容器；动物肠线（蚕胶丝除外）制品,402,阿根廷,4744.0
202001,42,第42章  皮革制品；鞍具及挽具；旅行用品、手提包及类似容器；动物肠线（蚕胶丝除外）制品,413,哥伦比亚,17905.0
202001,42,第42章  皮革制品；鞍具及挽具；旅行用品、手提包及类似容器；动物肠线（蚕胶丝除外）制品,418,多米尼加 ,934.0
202001,42,第42章  皮革制品；鞍具及挽具；旅行用品、手提包及类似容器；动物肠线（蚕胶丝除外）制品,419,厄瓜多尔,137.0
202001,42,第42章  皮革制品；鞍具及挽具；旅行用品、手提包及类似容器；动物肠线（蚕胶丝除外）制品,423,危地马拉,1645.0
202001,42,第42章  皮革制品；鞍具及挽具；旅行用品、手提包及类似容器；动物肠线（蚕胶丝除外）制品,426,洪都拉斯,102.0
202001,42,第42章  皮革制品；鞍具及挽具；旅行用品、手提包及类似容器；动物肠线（蚕胶丝除外）制品,434,秘鲁,2078.0
202001,42,第42章  皮革制品；鞍具及挽具；旅行用品、手提包及类似容器；动物肠线（蚕胶丝除外）制品,609,新西兰,2533.0
202001,43,第43章  毛皮、人造毛皮及其制品,107,柬埔寨,135109.0
202001,43,第43章  毛皮、人造毛皮及其制品,146,吉尔吉斯斯坦,51192.0
202001,43,第43章  毛皮、人造毛皮及其制品,232,摩洛哥,25350.0
202001,43,第43章  毛皮、人造毛皮及其制品,302,丹麦,30112.0
202001,43,第43章  毛皮、人造毛皮及其制品,311,葡萄牙,44919.0
202001,43,第43章  毛皮、人造毛皮及其制品,328,罗马尼亚,1578.0
202001,43,第43章  毛皮、人造毛皮及其制品,331,瑞士,3910.0
202001,43,第43章  毛皮、人造毛皮及其制品,402,阿根廷,120651.0
202001,43,第43章  毛皮、人造毛皮及其制品,413,哥伦比亚,33975.0
202001,43,第43章  毛皮、人造毛皮及其制品,434,秘鲁,993.0
202001,43,第43章  毛皮、人造毛皮及其制品,609,新西兰,272911.0
202001,44,第44章  木及木制品；木炭,103,孟加拉国,325587.0
202001,44,第44章  木及木制品；木炭,106,缅甸,5623057.0
202001,44,第44章  木及木制品；木炭,107,柬埔寨,1039672.0
202001,44,第44章  木及木制品；木炭,115,以色列,25544.0
202001,44,第44章  木及木制品；木炭,121,中国澳门,67.0
202001,44,第44章  木及木制品；木炭,130,卡塔尔,259.0
202001,44,第44章  木及木制品；木炭,134,斯里兰卡,263895.0
202001,44,第44章  木及木制品；木炭,144,东帝汶,43644.0
202001,44,第44章  木及木制品；木炭,215,埃及,363.0
202001,44,第44章  木及木制品；木炭,216,赤道几内亚,5556128.0
202001,44,第44章  木及木制品；木炭,226,利比亚,47.0
202001,44,第44章  木及木制品；木炭,229,马里,487961.0
202001,44,第44章  木及木制品；木炭,236,尼日利亚,144311.0
202001,44,第44章  木及木制品；木炭,247,坦桑尼亚,1175727.0
202001,44,第44章  木及木制品；木炭,253,赞比亚,1839801.0
202001,44,第44章  木及木制品；木炭,302,丹麦,3617031.0
202001,44,第44章  木及木制品；木炭,308,卢森堡,48731.0
202001,44,第44章  木及木制品；木炭,311,葡萄牙,489724.0
202001,44,第44章  木及木制品；木炭,323,列支敦士登,29969.0
202001,44,第44章  木及木制品；木炭,328,罗马尼亚,10864622.0
202001,44,第44章  木及木制品；木炭,329,圣马力诺,25918.0
202001,44,第44章  木及木制品；木炭,330,瑞典,10613393.0
202001,44,第44章  木及木制品；木炭,331,瑞士,1528656.0
202001,44,第44章  木及木制品；木炭,334,爱沙尼亚,2739062.0
202001,44,第44章  木及木制品；木炭,335,拉脱维亚,6577435.0
202001,44,第44章  木及木制品；木炭,347,乌克兰,9708712.0
202001,44,第44章  木及木制品；木炭,352,捷克,28591987.0
202001,44,第44章  木及木制品；木炭,353,斯洛伐克,2562997.0
202001,44,第44章  木及木制品；木炭,355,波斯尼亚和黑塞哥维那,1071074.0
202001,44,第44章  木及木制品；木炭,402,阿根廷,6862838.0
202001,44,第44章  木及木制品；木炭,412,智利,41704014.0
202001,44,第44章  木及木制品；木炭,413,哥伦比亚,269134.0
202001,44,第44章  木及木制品；木炭,419,厄瓜多尔,24309529.0
202001,44,第44章  木及木制品；木炭,423,危地马拉,109566.0
202001,44,第44章  木及木制品；木炭,426,洪都拉斯,75563.0
202001,44,第44章  木及木制品；木炭,432,巴拿马,910351.0
202001,44,第44章  木及木制品；木炭,433,巴拉圭,291204.0
202001,44,第44章  木及木制品；木炭,434,秘鲁,4632488.0
202001,44,第44章  木及木制品；木炭,445,委内瑞拉,83400.0
202001,44,第44章  木及木制品；木炭,603,斐济,107381.0
202001,44,第44章  木及木制品；木炭,608,瓦努阿图,7422.0
202001,44,第44章  木及木制品；木炭,609,新西兰,160789094.0
202001,44,第44章  木及木制品；木炭,611,巴布亚新几内亚,63841670.0
202001,44,第44章  木及木制品；木炭,613,所罗门群岛,22424369.0
202001,45,第45章  软木及软木制品,201,阿尔及利亚,325393.0
202001,45,第45章  软木及软木制品,311,葡萄牙,2299956.0
202001,45,第45章  软木及软木制品,330,瑞典,750.0
202001,45,第45章  软木及软木制品,412,智利,37.0
202001,46,第46章  稻草、秸秆、针茅或其他编结材料制品；篮筐及柳条编结品,103,孟加拉国,8321.0
202001,46,第46章  稻草、秸秆、针茅或其他编结材料制品；篮筐及柳条编结品,106,缅甸,12067.0
202001,46,第46章  稻草、秸秆、针茅或其他编结材料制品；篮筐及柳条编结品,232,摩洛哥,24859.0
202001,46,第46章  稻草、秸秆、针茅或其他编结材料制品；篮筐及柳条编结品,331,瑞士,411.0
202001,47,第47章  木浆及其他纤维状纤维素浆；回收（废碎）纸及纸板,106,缅甸,7186131.0
202001,47,第47章  木浆及其他纤维状纤维素浆；回收（废碎）纸及纸板,311,葡萄牙,4751813.0
202001,47,第47章  木浆及其他纤维状纤维素浆；回收（废碎）纸及纸板,330,瑞典,40881373.0
202001,47,第47章  木浆及其他纤维状纤维素浆；回收（废碎）纸及纸板,352,捷克,8789630.0
202001,47,第47章  木浆及其他纤维状纤维素浆；回收（废碎）纸及纸板,402,阿根廷,3236694.0
202001,47,第47章  木浆及其他纤维状纤维素浆；回收（废碎）纸及纸板,412,智利,90120888.0
202001,47,第47章  木浆及其他纤维状纤维素浆；回收（废碎）纸及纸板,418,多米尼加 ,146708.0
202001,47,第47章  木浆及其他纤维状纤维素浆；回收（废碎）纸及纸板,609,新西兰,17280088.0
202001,48,第48章  纸及纸板；纸浆、纸或纸板制品,103,孟加拉国,9614.0
202001,48,第48章  纸及纸板；纸浆、纸或纸板制品,105,文莱,170.0
202001,48,第48章  纸及纸板；纸浆、纸或纸板制品,106,缅甸,9067.0
202001,48,第48章  纸及纸板；纸浆、纸或纸板制品,107,柬埔寨,1903.0
202001,48,第48章  纸及纸板；纸浆、纸或纸板制品,115,以色列,1246798.0
202001,48,第48章  纸及纸板；纸浆、纸或纸板制品,121,中国澳门,2028.0
202001,48,第48章  纸及纸板；纸浆、纸或纸板制品,130,卡塔尔,754.0
202001,48,第48章  纸及纸板；纸浆、纸或纸板制品,131,沙特阿拉伯,148420.0
202001,48,第48章  纸及纸板；纸浆、纸或纸板制品,134,斯里兰卡,50252.0
202001,48,第48章  纸及纸板；纸浆、纸或纸板制品,201,阿尔及利亚,31.0
202001,48,第48章  纸及纸板；纸浆、纸或纸板制品,215,埃及,1010.0
202001,48,第48章  纸及纸板；纸浆、纸或纸板制品,232,摩洛哥,223.0
202001,48,第48章  纸及纸板；纸浆、纸或纸板制品,302,丹麦,775947.0
202001,48,第48章  纸及纸板；纸浆、纸或纸板制品,308,卢森堡,83969.0
202001,48,第48章  纸及纸板；纸浆、纸或纸板制品,311,葡萄牙,128819.0
202001,48,第48章  纸及纸板；纸浆、纸或纸板制品,328,罗马尼亚,12677.0
202001,48,第48章  纸及纸板；纸浆、纸或纸板制品,330,瑞典,43605790.0
202001,48,第48章  纸及纸板；纸浆、纸或纸板制品,331,瑞士,2276526.0
202001,48,第48章  纸及纸板；纸浆、纸或纸板制品,334,爱沙尼亚,239.0
202001,48,第48章  纸及纸板；纸浆、纸或纸板制品,347,乌克兰,69595.0
202001,48,第48章  纸及纸板；纸浆、纸或纸板制品,352,捷克,469507.0
202001,48,第48章  纸及纸板；纸浆、纸或纸板制品,353,斯洛伐克,84958.0
202001,48,第48章  纸及纸板；纸浆、纸或纸板制品,355,波斯尼亚和黑塞哥维那,140640.0
202001,48,第48章  纸及纸板；纸浆、纸或纸板制品,402,阿根廷,53479.0
202001,48,第48章  纸及纸板；纸浆、纸或纸板制品,412,智利,677477.0
202001,48,第48章  纸及纸板；纸浆、纸或纸板制品,413,哥伦比亚,979.0
202001,48,第48章  纸及纸板；纸浆、纸或纸板制品,419,厄瓜多尔,65.0
202001,48,第48章  纸及纸板；纸浆、纸或纸板制品,434,秘鲁,3381.0
202001,48,第48章  纸及纸板；纸浆、纸或纸板制品,609,新西兰,1255471.0
202001,49,第49章  书籍、报纸、印刷图画及其他印刷品；手稿、打字稿及设计图纸,105,文莱,279.0
202001,49,第49章  书籍、报纸、印刷图画及其他印刷品；手稿、打字稿及设计图纸,115,以色列,454314.0
202001,49,第49章  书籍、报纸、印刷图画及其他印刷品；手稿、打字稿及设计图纸,121,中国澳门,8335.0
202001,49,第49章  书籍、报纸、印刷图画及其他印刷品；手稿、打字稿及设计图纸,130,卡塔尔,562.0
202001,49,第49章  书籍、报纸、印刷图画及其他印刷品；手稿、打字稿及设计图纸,131,沙特阿拉伯,10008.0
202001,49,第49章  书籍、报纸、印刷图画及其他印刷品；手稿、打字稿及设计图纸,201,阿尔及利亚,35.0
202001,49,第49章  书籍、报纸、印刷图画及其他印刷品；手稿、打字稿及设计图纸,215,埃及,1183.0
202001,49,第49章  书籍、报纸、印刷图画及其他印刷品；手稿、打字稿及设计图纸,247,坦桑尼亚,2.0
202001,49,第49章  书籍、报纸、印刷图画及其他印刷品；手稿、打字稿及设计图纸,302,丹麦,398601.0
202001,49,第49章  书籍、报纸、印刷图画及其他印刷品；手稿、打字稿及设计图纸,311,葡萄牙,3723.0
202001,49,第49章  书籍、报纸、印刷图画及其他印刷品；手稿、打字稿及设计图纸,323,列支敦士登,726.0
202001,49,第49章  书籍、报纸、印刷图画及其他印刷品；手稿、打字稿及设计图纸,328,罗马尼亚,1383276.0
202001,49,第49章  书籍、报纸、印刷图画及其他印刷品；手稿、打字稿及设计图纸,330,瑞典,325838.0
202001,49,第49章  书籍、报纸、印刷图画及其他印刷品；手稿、打字稿及设计图纸,331,瑞士,1823859.0
202001,49,第49章  书籍、报纸、印刷图画及其他印刷品；手稿、打字稿及设计图纸,334,爱沙尼亚,2600.0
202001,49,第49章  书籍、报纸、印刷图画及其他印刷品；手稿、打字稿及设计图纸,335,拉脱维亚,4209.0
202001,49,第49章  书籍、报纸、印刷图画及其他印刷品；手稿、打字稿及设计图纸,347,乌克兰,104408.0
202001,49,第49章  书籍、报纸、印刷图画及其他印刷品；手稿、打字稿及设计图纸,352,捷克,159542.0
202001,49,第49章  书籍、报纸、印刷图画及其他印刷品；手稿、打字稿及设计图纸,353,斯洛伐克,15335.0
202001,49,第49章  书籍、报纸、印刷图画及其他印刷品；手稿、打字稿及设计图纸,412,智利,34.0
202001,49,第49章  书籍、报纸、印刷图画及其他印刷品；手稿、打字稿及设计图纸,413,哥伦比亚,1.0
202001,49,第49章  书籍、报纸、印刷图画及其他印刷品；手稿、打字稿及设计图纸,419,厄瓜多尔,1309.0
202001,49,第49章  书籍、报纸、印刷图画及其他印刷品；手稿、打字稿及设计图纸,609,新西兰,735482.0
202001,50,第50章  蚕丝,106,缅甸,219054.0
202001,51,第51章  羊毛、动物细毛或粗毛；马毛纱线及其机织物,101,阿富汗,27986.0
202001,51,第51章  羊毛、动物细毛或粗毛；马毛纱线及其机织物,107,柬埔寨,197376.0
202001,51,第51章  羊毛、动物细毛或粗毛；马毛纱线及其机织物,146,吉尔吉斯斯坦,23784.0
202001,51,第51章  羊毛、动物细毛或粗毛；马毛纱线及其机织物,236,尼日利亚,11479.0
202001,51,第51章  羊毛、动物细毛或粗毛；马毛纱线及其机织物,302,丹麦,192547.0
202001,51,第51章  羊毛、动物细毛或粗毛；马毛纱线及其机织物,311,葡萄牙,202654.0
202001,51,第51章  羊毛、动物细毛或粗毛；马毛纱线及其机织物,328,罗马尼亚,36578.0
202001,51,第51章  羊毛、动物细毛或粗毛；马毛纱线及其机织物,331,瑞士,1055.0
202001,51,第51章  羊毛、动物细毛或粗毛；马毛纱线及其机织物,402,阿根廷,3943562.0
202001,51,第51章  羊毛、动物细毛或粗毛；马毛纱线及其机织物,412,智利,126558.0
202001,51,第51章  羊毛、动物细毛或粗毛；马毛纱线及其机织物,413,哥伦比亚,31753.0
202001,51,第51章  羊毛、动物细毛或粗毛；马毛纱线及其机织物,434,秘鲁,1059856.0
202001,51,第51章  羊毛、动物细毛或粗毛；马毛纱线及其机织物,609,新西兰,13880863.0
202001,52,第52章  棉花,101,阿富汗,92008.0
202001,52,第52章  棉花,103,孟加拉国,1324166.0
202001,52,第52章  棉花,106,缅甸,2102443.0
202001,52,第52章  棉花,115,以色列,1474323.0
202001,52,第52章  棉花,121,中国澳门,472.0
202001,52,第52章  棉花,146,吉尔吉斯斯坦,70236.0
202001,52,第52章  棉花,215,埃及,1303310.0
202001,52,第52章  棉花,246,苏丹,3283589.0
202001,52,第52章  棉花,302,丹麦,34106.0
202001,52,第52章  棉花,311,葡萄牙,68399.0
202001,52,第52章  棉花,330,瑞典,149.0
202001,52,第52章  棉花,331,瑞士,150454.0
202001,52,第52章  棉花,352,捷克,24034.0
202001,53,第53章  其他植物纺织纤维；纸纱线及其机织物,103,孟加拉国,7797602.0
202001,53,第53章  其他植物纺织纤维；纸纱线及其机织物,134,斯里兰卡,609893.0
202001,53,第53章  其他植物纺织纤维；纸纱线及其机织物,215,埃及,1363878.0
202001,53,第53章  其他植物纺织纤维；纸纱线及其机织物,247,坦桑尼亚,1791391.0
202001,53,第53章  其他植物纺织纤维；纸纱线及其机织物,302,丹麦,4221.0
202001,53,第53章  其他植物纺织纤维；纸纱线及其机织物,311,葡萄牙,82908.0
202001,53,第53章  其他植物纺织纤维；纸纱线及其机织物,328,罗马尼亚,11878.0
202001,53,第53章  其他植物纺织纤维；纸纱线及其机织物,418,多米尼加 ,2714.0
202001,54,第54章  化学纤维长丝；化学纤维纺织材料制扁条及类似品,103,孟加拉国,17352.0
202001,54,第54章  化学纤维长丝；化学纤维纺织材料制扁条及类似品,106,缅甸,33564.0
202001,54,第54章  化学纤维长丝；化学纤维纺织材料制扁条及类似品,107,柬埔寨,24233.0
202001,54,第54章  化学纤维长丝；化学纤维纺织材料制扁条及类似品,115,以色列,1095540.0
202001,54,第54章  化学纤维长丝；化学纤维纺织材料制扁条及类似品,131,沙特阿拉伯,251.0
202001,54,第54章  化学纤维长丝；化学纤维纺织材料制扁条及类似品,134,斯里兰卡,71045.0
202001,54,第54章  化学纤维长丝；化学纤维纺织材料制扁条及类似品,232,摩洛哥,1754.0
202001,54,第54章  化学纤维长丝；化学纤维纺织材料制扁条及类似品,302,丹麦,19769.0
202001,54,第54章  化学纤维长丝；化学纤维纺织材料制扁条及类似品,308,卢森堡,67752.0
202001,54,第54章  化学纤维长丝；化学纤维纺织材料制扁条及类似品,311,葡萄牙,501419.0
202001,54,第54章  化学纤维长丝；化学纤维纺织材料制扁条及类似品,328,罗马尼亚,32384.0
202001,54,第54章  化学纤维长丝；化学纤维纺织材料制扁条及类似品,330,瑞典,4553.0
202001,54,第54章  化学纤维长丝；化学纤维纺织材料制扁条及类似品,331,瑞士,414309.0
202001,54,第54章  化学纤维长丝；化学纤维纺织材料制扁条及类似品,353,斯洛伐克,20953.0
202001,54,第54章  化学纤维长丝；化学纤维纺织材料制扁条及类似品,412,智利,5773.0
202001,55,第55章  化学纤维短纤,103,孟加拉国,103894.0
202001,55,第55章  化学纤维短纤,107,柬埔寨,151175.0
202001,55,第55章  化学纤维短纤,115,以色列,11.0
202001,55,第55章  化学纤维短纤,134,斯里兰卡,902.0
202001,55,第55章  化学纤维短纤,232,摩洛哥,2462.0
202001,55,第55章  化学纤维短纤,236,尼日利亚,296522.0
202001,55,第55章  化学纤维短纤,302,丹麦,362270.0
202001,55,第55章  化学纤维短纤,311,葡萄牙,212470.0
202001,55,第55章  化学纤维短纤,328,罗马尼亚,553.0
202001,55,第55章  化学纤维短纤,330,瑞典,1209.0
202001,55,第55章  化学纤维短纤,331,瑞士,1087468.0
202001,55,第55章  化学纤维短纤,347,乌克兰,12027.0
202001,55,第55章  化学纤维短纤,353,斯洛伐克,15033.0
202001,56,第56章  絮胎、毡呢及无纺织物；特种纱线；线、绳、索、缆及其制品,103,孟加拉国,1336.0
202001,56,第56章  絮胎、毡呢及无纺织物；特种纱线；线、绳、索、缆及其制品,106,缅甸,97.0
202001,56,第56章  絮胎、毡呢及无纺织物；特种纱线；线、绳、索、缆及其制品,115,以色列,841.0
202001,56,第56章  絮胎、毡呢及无纺织物；特种纱线；线、绳、索、缆及其制品,131,沙特阿拉伯,1723407.0
202001,56,第56章  絮胎、毡呢及无纺织物；特种纱线；线、绳、索、缆及其制品,134,斯里兰卡,157500.0
202001,56,第56章  絮胎、毡呢及无纺织物；特种纱线；线、绳、索、缆及其制品,238,卢旺达,11140.0
202001,56,第56章  絮胎、毡呢及无纺织物；特种纱线；线、绳、索、缆及其制品,247,坦桑尼亚,127172.0
202001,56,第56章  絮胎、毡呢及无纺织物；特种纱线；线、绳、索、缆及其制品,302,丹麦,72211.0
202001,56,第56章  絮胎、毡呢及无纺织物；特种纱线；线、绳、索、缆及其制品,308,卢森堡,2810276.0
202001,56,第56章  絮胎、毡呢及无纺织物；特种纱线；线、绳、索、缆及其制品,311,葡萄牙,236610.0
202001,56,第56章  絮胎、毡呢及无纺织物；特种纱线；线、绳、索、缆及其制品,330,瑞典,78147.0
202001,56,第56章  絮胎、毡呢及无纺织物；特种纱线；线、绳、索、缆及其制品,331,瑞士,139631.0
202001,56,第56章  絮胎、毡呢及无纺织物；特种纱线；线、绳、索、缆及其制品,334,爱沙尼亚,184.0
202001,56,第56章  絮胎、毡呢及无纺织物；特种纱线；线、绳、索、缆及其制品,335,拉脱维亚,698.0
202001,56,第56章  絮胎、毡呢及无纺织物；特种纱线；线、绳、索、缆及其制品,352,捷克,344146.0
202001,56,第56章  絮胎、毡呢及无纺织物；特种纱线；线、绳、索、缆及其制品,353,斯洛伐克,73318.0
202001,56,第56章  絮胎、毡呢及无纺织物；特种纱线；线、绳、索、缆及其制品,609,新西兰,3317.0
202001,57,第57章  地毯及纺织材料的其他铺地制品,101,阿富汗,2228.0
202001,57,第57章  地毯及纺织材料的其他铺地制品,103,孟加拉国,204859.0
202001,57,第57章  地毯及纺织材料的其他铺地制品,215,埃及,521320.0
202001,57,第57章  地毯及纺织材料的其他铺地制品,232,摩洛哥,7338.0
202001,57,第57章  地毯及纺织材料的其他铺地制品,302,丹麦,178702.0
202001,57,第57章  地毯及纺织材料的其他铺地制品,308,卢森堡,1281.0
202001,57,第57章  地毯及纺织材料的其他铺地制品,311,葡萄牙,140374.0
202001,57,第57章  地毯及纺织材料的其他铺地制品,330,瑞典,11812.0
202001,57,第57章  地毯及纺织材料的其他铺地制品,334,爱沙尼亚,49.0
202001,57,第57章  地毯及纺织材料的其他铺地制品,352,捷克,11323.0
202001,57,第57章  地毯及纺织材料的其他铺地制品,353,斯洛伐克,105.0
202001,57,第57章  地毯及纺织材料的其他铺地制品,413,哥伦比亚,3299.0
202001,57,第57章  地毯及纺织材料的其他铺地制品,609,新西兰,6472.0
202001,58,第58章  特种机织物；簇绒织物；花边；装饰毯；装饰带；刺绣品,103,孟加拉国,3368.0
202001,58,第58章  特种机织物；簇绒织物；花边；装饰毯；装饰带；刺绣品,106,缅甸,80228.0
202001,58,第58章  特种机织物；簇绒织物；花边；装饰毯；装饰带；刺绣品,107,柬埔寨,26.0
202001,58,第58章  特种机织物；簇绒织物；花边；装饰毯；装饰带；刺绣品,115,以色列,545.0
202001,58,第58章  特种机织物；簇绒织物；花边；装饰毯；装饰带；刺绣品,121,中国澳门,2579.0
202001,58,第58章  特种机织物；簇绒织物；花边；装饰毯；装饰带；刺绣品,134,斯里兰卡,408.0
202001,58,第58章  特种机织物；簇绒织物；花边；装饰毯；装饰带；刺绣品,215,埃及,3529.0
202001,58,第58章  特种机织物；簇绒织物；花边；装饰毯；装饰带；刺绣品,302,丹麦,15198.0
202001,58,第58章  特种机织物；簇绒织物；花边；装饰毯；装饰带；刺绣品,308,卢森堡,530.0
202001,58,第58章  特种机织物；簇绒织物；花边；装饰毯；装饰带；刺绣品,311,葡萄牙,4948.0
202001,58,第58章  特种机织物；簇绒织物；花边；装饰毯；装饰带；刺绣品,328,罗马尼亚,190741.0
202001,58,第58章  特种机织物；簇绒织物；花边；装饰毯；装饰带；刺绣品,330,瑞典,7905.0
202001,58,第58章  特种机织物；簇绒织物；花边；装饰毯；装饰带；刺绣品,331,瑞士,20999.0
202001,58,第58章  特种机织物；簇绒织物；花边；装饰毯；装饰带；刺绣品,334,爱沙尼亚,1079.0
202001,58,第58章  特种机织物；簇绒织物；花边；装饰毯；装饰带；刺绣品,352,捷克,35228.0
202001,58,第58章  特种机织物；簇绒织物；花边；装饰毯；装饰带；刺绣品,353,斯洛伐克,72277.0
202001,58,第58章  特种机织物；簇绒织物；花边；装饰毯；装饰带；刺绣品,355,波斯尼亚和黑塞哥维那,4748.0
202001,58,第58章  特种机织物；簇绒织物；花边；装饰毯；装饰带；刺绣品,413,哥伦比亚,22802.0
202001,58,第58章  特种机织物；簇绒织物；花边；装饰毯；装饰带；刺绣品,609,新西兰,107.0
202001,59,第59章  浸渍、涂布、包覆或层压的纺织物；工业用纺织制品,107,柬埔寨,37083.0
202001,59,第59章  浸渍、涂布、包覆或层压的纺织物；工业用纺织制品,115,以色列,435993.0
202001,59,第59章  浸渍、涂布、包覆或层压的纺织物；工业用纺织制品,134,斯里兰卡,59616.0
202001,59,第59章  浸渍、涂布、包覆或层压的纺织物；工业用纺织制品,302,丹麦,20412.0
202001,59,第59章  浸渍、涂布、包覆或层压的纺织物；工业用纺织制品,308,卢森堡,456970.0
202001,59,第59章  浸渍、涂布、包覆或层压的纺织物；工业用纺织制品,311,葡萄牙,1399484.0
202001,59,第59章  浸渍、涂布、包覆或层压的纺织物；工业用纺织制品,328,罗马尼亚,380223.0
202001,59,第59章  浸渍、涂布、包覆或层压的纺织物；工业用纺织制品,330,瑞典,289393.0
202001,59,第59章  浸渍、涂布、包覆或层压的纺织物；工业用纺织制品,331,瑞士,1655050.0
202001,59,第59章  浸渍、涂布、包覆或层压的纺织物；工业用纺织制品,352,捷克,370533.0
202001,59,第59章  浸渍、涂布、包覆或层压的纺织物；工业用纺织制品,353,斯洛伐克,39321.0
202001,59,第59章  浸渍、涂布、包覆或层压的纺织物；工业用纺织制品,412,智利,1752.0
202001,59,第59章  浸渍、涂布、包覆或层压的纺织物；工业用纺织制品,413,哥伦比亚,45098.0
202001,59,第59章  浸渍、涂布、包覆或层压的纺织物；工业用纺织制品,432,巴拿马,2180.0
202001,59,第59章  浸渍、涂布、包覆或层压的纺织物；工业用纺织制品,609,新西兰,82273.0
202001,60,第60章  针织物及钩编织物,106,缅甸,19922.0
202001,60,第60章  针织物及钩编织物,107,柬埔寨,31585.0
202001,60,第60章  针织物及钩编织物,134,斯里兰卡,174540.0
202001,60,第60章  针织物及钩编织物,215,埃及,6056.0
202001,60,第60章  针织物及钩编织物,302,丹麦,1875.0
202001,60,第60章  针织物及钩编织物,311,葡萄牙,9628.0
202001,60,第60章  针织物及钩编织物,328,罗马尼亚,84856.0
202001,60,第60章  针织物及钩编织物,330,瑞典,52136.0
202001,60,第60章  针织物及钩编织物,331,瑞士,8415.0
202001,60,第60章  针织物及钩编织物,335,拉脱维亚,16295.0
202001,60,第60章  针织物及钩编织物,352,捷克,7530.0
202001,60,第60章  针织物及钩编织物,353,斯洛伐克,260723.0
202001,60,第60章  针织物及钩编织物,412,智利,3.0
202001,60,第60章  针织物及钩编织物,609,新西兰,3271.0
202001,61,第61章  针织或钩编的服装及衣着附件,101,阿富汗,31.0
202001,61,第61章  针织或钩编的服装及衣着附件,103,孟加拉国,12698179.0
202001,61,第61章  针织或钩编的服装及衣着附件,106,缅甸,1273795.0
202001,61,第61章  针织或钩编的服装及衣着附件,107,柬埔寨,15416803.0
202001,61,第61章  针织或钩编的服装及衣着附件,115,以色列,4700.0
202001,61,第61章  针织或钩编的服装及衣着附件,117,约旦,494263.0
202001,61,第61章  针织或钩编的服装及衣着附件,121,中国澳门,34051.0
202001,61,第61章  针织或钩编的服装及衣着附件,131,沙特阿拉伯,15.0
202001,61,第61章  针织或钩编的服装及衣着附件,134,斯里兰卡,4566986.0
202001,61,第61章  针织或钩编的服装及衣着附件,146,吉尔吉斯斯坦,5606.0
202001,61,第61章  针织或钩编的服装及衣着附件,215,埃及,26484.0
202001,61,第61章  针织或钩编的服装及衣着附件,232,摩洛哥,2395763.0
202001,61,第61章  针织或钩编的服装及衣着附件,302,丹麦,763.0
202001,61,第61章  针织或钩编的服装及衣着附件,311,葡萄牙,12206758.0
202001,61,第61章  针织或钩编的服装及衣着附件,322,冰岛,230.0
202001,61,第61章  针织或钩编的服装及衣着附件,325,摩纳哥,104.0
202001,61,第61章  针织或钩编的服装及衣着附件,328,罗马尼亚,2289746.0
202001,61,第61章  针织或钩编的服装及衣着附件,330,瑞典,6101.0
202001,61,第61章  针织或钩编的服装及衣着附件,331,瑞士,73748.0
202001,61,第61章  针织或钩编的服装及衣着附件,334,爱沙尼亚,1501.0
202001,61,第61章  针织或钩编的服装及衣着附件,335,拉脱维亚,28523.0
202001,61,第61章  针织或钩编的服装及衣着附件,343,摩尔多瓦,297198.0
202001,61,第61章  针织或钩编的服装及衣着附件,347,乌克兰,16487.0
202001,61,第61章  针织或钩编的服装及衣着附件,352,捷克,1370.0
202001,61,第61章  针织或钩编的服装及衣着附件,353,斯洛伐克,108182.0
202001,61,第61章  针织或钩编的服装及衣着附件,354,北马其顿,69599.0
202001,61,第61章  针织或钩编的服装及衣着附件,355,波斯尼亚和黑塞哥维那,48973.0
202001,61,第61章  针织或钩编的服装及衣着附件,402,阿根廷,771.0
202001,61,第61章  针织或钩编的服装及衣着附件,412,智利,446.0
202001,61,第61章  针织或钩编的服装及衣着附件,413,哥伦比亚,47862.0
202001,61,第61章  针织或钩编的服装及衣着附件,418,多米尼加 ,136871.0
202001,61,第61章  针织或钩编的服装及衣着附件,419,厄瓜多尔,136.0
202001,61,第61章  针织或钩编的服装及衣着附件,423,危地马拉,59178.0
202001,61,第61章  针织或钩编的服装及衣着附件,426,洪都拉斯,1222242.0
202001,61,第61章  针织或钩编的服装及衣着附件,434,秘鲁,1796441.0
202001,61,第61章  针织或钩编的服装及衣着附件,449,博纳尔，圣俄斯塔休斯和萨巴 ,26.0
202001,61,第61章  针织或钩编的服装及衣着附件,609,新西兰,11166.0
202001,62,第62章  非针织或非钩编的服装及衣着附件,101,阿富汗,299.0
202001,62,第62章  非针织或非钩编的服装及衣着附件,103,孟加拉国,22582926.0
202001,62,第62章  非针织或非钩编的服装及衣着附件,106,缅甸,4323057.0
202001,62,第62章  非针织或非钩编的服装及衣着附件,107,柬埔寨,7281726.0
202001,62,第62章  非针织或非钩编的服装及衣着附件,115,以色列,33412.0
202001,62,第62章  非针织或非钩编的服装及衣着附件,117,约旦,165506.0
202001,62,第62章  非针织或非钩编的服装及衣着附件,121,中国澳门,1488814.0
202001,62,第62章  非针织或非钩编的服装及衣着附件,131,沙特阿拉伯,13.0
202001,62,第62章  非针织或非钩编的服装及衣着附件,134,斯里兰卡,3534372.0
202001,62,第62章  非针织或非钩编的服装及衣着附件,201,阿尔及利亚,500.0
202001,62,第62章  非针织或非钩编的服装及衣着附件,215,埃及,750554.0
202001,62,第62章  非针织或非钩编的服装及衣着附件,232,摩洛哥,8540076.0
202001,62,第62章  非针织或非钩编的服装及衣着附件,236,尼日利亚,196.0
202001,62,第62章  非针织或非钩编的服装及衣着附件,302,丹麦,91799.0
202001,62,第62章  非针织或非钩编的服装及衣着附件,311,葡萄牙,4685880.0
202001,62,第62章  非针织或非钩编的服装及衣着附件,328,罗马尼亚,10936152.0
202001,62,第62章  非针织或非钩编的服装及衣着附件,330,瑞典,27138.0
202001,62,第62章  非针织或非钩编的服装及衣着附件,331,瑞士,1747492.0
202001,62,第62章  非针织或非钩编的服装及衣着附件,334,爱沙尼亚,108045.0
202001,62,第62章  非针织或非钩编的服装及衣着附件,335,拉脱维亚,21480.0
202001,62,第62章  非针织或非钩编的服装及衣着附件,343,摩尔多瓦,925043.0
202001,62,第62章  非针织或非钩编的服装及衣着附件,347,乌克兰,433656.0
202001,62,第62章  非针织或非钩编的服装及衣着附件,352,捷克,11018.0
202001,62,第62章  非针织或非钩编的服装及衣着附件,353,斯洛伐克,390934.0
202001,62,第62章  非针织或非钩编的服装及衣着附件,354,北马其顿,129718.0
202001,62,第62章  非针织或非钩编的服装及衣着附件,355,波斯尼亚和黑塞哥维那,355505.0
202001,62,第62章  非针织或非钩编的服装及衣着附件,412,智利,4530.0
202001,62,第62章  非针织或非钩编的服装及衣着附件,413,哥伦比亚,148235.0
202001,62,第62章  非针织或非钩编的服装及衣着附件,418,多米尼加 ,6411.0
202001,62,第62章  非针织或非钩编的服装及衣着附件,419,厄瓜多尔,542.0
202001,62,第62章  非针织或非钩编的服装及衣着附件,423,危地马拉,54325.0
202001,62,第62章  非针织或非钩编的服装及衣着附件,426,洪都拉斯,89639.0
202001,62,第62章  非针织或非钩编的服装及衣着附件,432,巴拿马,134.0
202001,62,第62章  非针织或非钩编的服装及衣着附件,433,巴拉圭,329.0
202001,62,第62章  非针织或非钩编的服装及衣着附件,434,秘鲁,12955.0
202001,62,第62章  非针织或非钩编的服装及衣着附件,499,拉丁美洲其他国家(地区) ,820.0
202001,62,第62章  非针织或非钩编的服装及衣着附件,609,新西兰,1410.0
202001,63,第63章  其他纺织制成品；成套物品；旧衣着及旧纺织品；碎织物,103,孟加拉国,752777.0
202001,63,第63章  其他纺织制成品；成套物品；旧衣着及旧纺织品；碎织物,106,缅甸,75942.0
202001,63,第63章  其他纺织制成品；成套物品；旧衣着及旧纺织品；碎织物,107,柬埔寨,811736.0
202001,63,第63章  其他纺织制成品；成套物品；旧衣着及旧纺织品；碎织物,115,以色列,39.0
202001,63,第63章  其他纺织制成品；成套物品；旧衣着及旧纺织品；碎织物,130,卡塔尔,4300.0
202001,63,第63章  其他纺织制成品；成套物品；旧衣着及旧纺织品；碎织物,131,沙特阿拉伯,70272.0
202001,63,第63章  其他纺织制成品；成套物品；旧衣着及旧纺织品；碎织物,134,斯里兰卡,1841.0
202001,63,第63章  其他纺织制成品；成套物品；旧衣着及旧纺织品；碎织物,215,埃及,269916.0
202001,63,第63章  其他纺织制成品；成套物品；旧衣着及旧纺织品；碎织物,232,摩洛哥,25381.0
202001,63,第63章  其他纺织制成品；成套物品；旧衣着及旧纺织品；碎织物,302,丹麦,203367.0
202001,63,第63章  其他纺织制成品；成套物品；旧衣着及旧纺织品；碎织物,311,葡萄牙,491192.0
202001,63,第63章  其他纺织制成品；成套物品；旧衣着及旧纺织品；碎织物,328,罗马尼亚,359388.0
202001,63,第63章  其他纺织制成品；成套物品；旧衣着及旧纺织品；碎织物,330,瑞典,95930.0
202001,63,第63章  其他纺织制成品；成套物品；旧衣着及旧纺织品；碎织物,331,瑞士,14783.0
202001,63,第63章  其他纺织制成品；成套物品；旧衣着及旧纺织品；碎织物,334,爱沙尼亚,3467.0
202001,63,第63章  其他纺织制成品；成套物品；旧衣着及旧纺织品；碎织物,335,拉脱维亚,1217.0
202001,63,第63章  其他纺织制成品；成套物品；旧衣着及旧纺织品；碎织物,343,摩尔多瓦,2086.0
202001,63,第63章  其他纺织制成品；成套物品；旧衣着及旧纺织品；碎织物,347,乌克兰,39917.0
202001,63,第63章  其他纺织制成品；成套物品；旧衣着及旧纺织品；碎织物,352,捷克,57522.0
202001,63,第63章  其他纺织制成品；成套物品；旧衣着及旧纺织品；碎织物,353,斯洛伐克,47016.0
202001,63,第63章  其他纺织制成品；成套物品；旧衣着及旧纺织品；碎织物,354,北马其顿,661.0
202001,63,第63章  其他纺织制成品；成套物品；旧衣着及旧纺织品；碎织物,412,智利,52.0
202001,63,第63章  其他纺织制成品；成套物品；旧衣着及旧纺织品；碎织物,413,哥伦比亚,2.0
202001,63,第63章  其他纺织制成品；成套物品；旧衣着及旧纺织品；碎织物,418,多米尼加 ,417381.0
202001,63,第63章  其他纺织制成品；成套物品；旧衣着及旧纺织品；碎织物,419,厄瓜多尔,307.0
202001,63,第63章  其他纺织制成品；成套物品；旧衣着及旧纺织品；碎织物,426,洪都拉斯,128.0
202001,63,第63章  其他纺织制成品；成套物品；旧衣着及旧纺织品；碎织物,434,秘鲁,62694.0
202001,63,第63章  其他纺织制成品；成套物品；旧衣着及旧纺织品；碎织物,603,斐济,16.0
202001,63,第63章  其他纺织制成品；成套物品；旧衣着及旧纺织品；碎织物,609,新西兰,6407.0
202001,64,第64章  鞋靴、护腿和类似品及其零件,101,阿富汗,844.0
202001,64,第64章  鞋靴、护腿和类似品及其零件,103,孟加拉国,2023695.0
202001,64,第64章  鞋靴、护腿和类似品及其零件,105,文莱,223.0
202001,64,第64章  鞋靴、护腿和类似品及其零件,106,缅甸,146564.0
202001,64,第64章  鞋靴、护腿和类似品及其零件,107,柬埔寨,4877028.0
202001,64,第64章  鞋靴、护腿和类似品及其零件,114,伊拉克,257.0
202001,64,第64章  鞋靴、护腿和类似品及其零件,115,以色列,192.0
202001,64,第64章  鞋靴、护腿和类似品及其零件,121,中国澳门,10154.0
202001,64,第64章  鞋靴、护腿和类似品及其零件,134,斯里兰卡,5091.0
202001,64,第64章  鞋靴、护腿和类似品及其零件,232,摩洛哥,169444.0
202001,64,第64章  鞋靴、护腿和类似品及其零件,302,丹麦,712240.0
202001,64,第64章  鞋靴、护腿和类似品及其零件,311,葡萄牙,3563930.0
202001,64,第64章  鞋靴、护腿和类似品及其零件,322,冰岛,828.0
202001,64,第64章  鞋靴、护腿和类似品及其零件,328,罗马尼亚,962951.0
202001,64,第64章  鞋靴、护腿和类似品及其零件,329,圣马力诺,9815.0
202001,64,第64章  鞋靴、护腿和类似品及其零件,330,瑞典,2414.0
202001,64,第64章  鞋靴、护腿和类似品及其零件,331,瑞士,437834.0
202001,64,第64章  鞋靴、护腿和类似品及其零件,334,爱沙尼亚,709.0
202001,64,第64章  鞋靴、护腿和类似品及其零件,343,摩尔多瓦,5741.0
202001,64,第64章  鞋靴、护腿和类似品及其零件,347,乌克兰,73928.0
202001,64,第64章  鞋靴、护腿和类似品及其零件,352,捷克,3662.0
202001,64,第64章  鞋靴、护腿和类似品及其零件,353,斯洛伐克,824867.0
202001,64,第64章  鞋靴、护腿和类似品及其零件,354,北马其顿,110.0
202001,64,第64章  鞋靴、护腿和类似品及其零件,355,波斯尼亚和黑塞哥维那,62094.0
202001,64,第64章  鞋靴、护腿和类似品及其零件,402,阿根廷,27669.0
202001,64,第64章  鞋靴、护腿和类似品及其零件,412,智利,466.0
202001,64,第64章  鞋靴、护腿和类似品及其零件,413,哥伦比亚,2243.0
202001,64,第64章  鞋靴、护腿和类似品及其零件,418,多米尼加 ,98674.0
202001,64,第64章  鞋靴、护腿和类似品及其零件,445,委内瑞拉,32.0
202001,64,第64章  鞋靴、护腿和类似品及其零件,609,新西兰,19.0
202001,65,第65章  帽类及其零件,103,孟加拉国,136270.0
202001,65,第65章  帽类及其零件,106,缅甸,47326.0
202001,65,第65章  帽类及其零件,107,柬埔寨,73225.0
202001,65,第65章  帽类及其零件,121,中国澳门,336.0
202001,65,第65章  帽类及其零件,134,斯里兰卡,192.0
202001,65,第65章  帽类及其零件,232,摩洛哥,1375.0
202001,65,第65章  帽类及其零件,302,丹麦,1517.0
202001,65,第65章  帽类及其零件,311,葡萄牙,110118.0
202001,65,第65章  帽类及其零件,328,罗马尼亚,23805.0
202001,65,第65章  帽类及其零件,330,瑞典,16338.0
202001,65,第65章  帽类及其零件,331,瑞士,20807.0
202001,65,第65章  帽类及其零件,343,摩尔多瓦,194.0
202001,65,第65章  帽类及其零件,347,乌克兰,22918.0
202001,65,第65章  帽类及其零件,352,捷克,5761.0
202001,65,第65章  帽类及其零件,354,北马其顿,128.0
202001,65,第65章  帽类及其零件,419,厄瓜多尔,17985.0
202001,65,第65章  帽类及其零件,426,洪都拉斯,235.0
202001,65,第65章  帽类及其零件,434,秘鲁,301.0
202001,65,第65章  帽类及其零件,609,新西兰,2494.0
202001,66,第66章  雨伞、阳伞、手杖、鞭子、马鞭及其零件,107,柬埔寨,30750.0
202001,66,第66章  雨伞、阳伞、手杖、鞭子、马鞭及其零件,115,以色列,1069.0
202001,66,第66章  雨伞、阳伞、手杖、鞭子、马鞭及其零件,352,捷克,69.0
202001,67,第67章  已加工羽毛、羽绒及其制品；人造花；人发制品,103,孟加拉国,566493.0
202001,67,第67章  已加工羽毛、羽绒及其制品；人造花；人发制品,106,缅甸,33943.0
202001,67,第67章  已加工羽毛、羽绒及其制品；人造花；人发制品,115,以色列,26317.0
202001,67,第67章  已加工羽毛、羽绒及其制品；人造花；人发制品,402,阿根廷,480.0
202001,68,第68章  石料、石膏、水泥、石棉、云母及类似材料的制品,106,缅甸,11611.0
202001,68,第68章  石料、石膏、水泥、石棉、云母及类似材料的制品,107,柬埔寨,121990.0
202001,68,第68章  石料、石膏、水泥、石棉、云母及类似材料的制品,115,以色列,201659.0
202001,68,第68章  石料、石膏、水泥、石棉、云母及类似材料的制品,215,埃及,1078.0
202001,68,第68章  石料、石膏、水泥、石棉、云母及类似材料的制品,232,摩洛哥,9551.0
202001,68,第68章  石料、石膏、水泥、石棉、云母及类似材料的制品,302,丹麦,413508.0
202001,68,第68章  石料、石膏、水泥、石棉、云母及类似材料的制品,311,葡萄牙,15513.0
202001,68,第68章  石料、石膏、水泥、石棉、云母及类似材料的制品,328,罗马尼亚,46745.0
202001,68,第68章  石料、石膏、水泥、石棉、云母及类似材料的制品,330,瑞典,565585.0
202001,68,第68章  石料、石膏、水泥、石棉、云母及类似材料的制品,331,瑞士,1208859.0
202001,68,第68章  石料、石膏、水泥、石棉、云母及类似材料的制品,347,乌克兰,1542.0
202001,68,第68章  石料、石膏、水泥、石棉、云母及类似材料的制品,352,捷克,207145.0
202001,68,第68章  石料、石膏、水泥、石棉、云母及类似材料的制品,353,斯洛伐克,14874.0
202001,68,第68章  石料、石膏、水泥、石棉、云母及类似材料的制品,434,秘鲁,8508.0
202001,68,第68章  石料、石膏、水泥、石棉、云母及类似材料的制品,609,新西兰,4605.0
202001,69,第69章  陶瓷产品,103,孟加拉国,547.0
202001,69,第69章  陶瓷产品,115,以色列,270285.0
202001,69,第69章  陶瓷产品,134,斯里兰卡,105689.0
202001,69,第69章  陶瓷产品,215,埃及,6920.0
202001,69,第69章  陶瓷产品,232,摩洛哥,9904.0
202001,69,第69章  陶瓷产品,302,丹麦,66692.0
202001,69,第69章  陶瓷产品,311,葡萄牙,308206.0
202001,69,第69章  陶瓷产品,323,列支敦士登,149.0
202001,69,第69章  陶瓷产品,328,罗马尼亚,100424.0
202001,69,第69章  陶瓷产品,330,瑞典,317158.0
202001,69,第69章  陶瓷产品,331,瑞士,2039725.0
202001,69,第69章  陶瓷产品,334,爱沙尼亚,14757.0
202001,69,第69章  陶瓷产品,335,拉脱维亚,22500.0
202001,69,第69章  陶瓷产品,347,乌克兰,1127.0
202001,69,第69章  陶瓷产品,352,捷克,987897.0
202001,69,第69章  陶瓷产品,353,斯洛伐克,4495.0
202001,69,第69章  陶瓷产品,412,智利,100.0
202001,69,第69章  陶瓷产品,434,秘鲁,7574.0
202001,69,第69章  陶瓷产品,609,新西兰,13.0
202001,70,第70章  玻璃及其制品,103,孟加拉国,438.0
202001,70,第70章  玻璃及其制品,106,缅甸,133569.0
202001,70,第70章  玻璃及其制品,115,以色列,116947.0
202001,70,第70章  玻璃及其制品,121,中国澳门,27766.0
202001,70,第70章  玻璃及其制品,130,卡塔尔,14652.0
202001,70,第70章  玻璃及其制品,134,斯里兰卡,2825.0
202001,70,第70章  玻璃及其制品,215,埃及,295196.0
202001,70,第70章  玻璃及其制品,232,摩洛哥,19524.0
202001,70,第70章  玻璃及其制品,302,丹麦,212953.0
202001,70,第70章  玻璃及其制品,308,卢森堡,123793.0
202001,70,第70章  玻璃及其制品,311,葡萄牙,157564.0
202001,70,第70章  玻璃及其制品,323,列支敦士登,99644.0
202001,70,第70章  玻璃及其制品,328,罗马尼亚,77900.0
202001,70,第70章  玻璃及其制品,330,瑞典,1891106.0
202001,70,第70章  玻璃及其制品,331,瑞士,1340560.0
202001,70,第70章  玻璃及其制品,347,乌克兰,751.0
202001,70,第70章  玻璃及其制品,352,捷克,1913801.0
202001,70,第70章  玻璃及其制品,353,斯洛伐克,231160.0
202001,70,第70章  玻璃及其制品,412,智利,183.0
202001,70,第70章  玻璃及其制品,413,哥伦比亚,81.0
202001,70,第70章  玻璃及其制品,434,秘鲁,155656.0
202001,70,第70章  玻璃及其制品,609,新西兰,553985.0
202001,71,第71章  天然或养殖珍珠、宝石或半宝石、贵金属、包贵金属及其制品；仿首饰；硬币,106,缅甸,1303312.0
202001,71,第71章  天然或养殖珍珠、宝石或半宝石、贵金属、包贵金属及其制品；仿首饰；硬币,107,柬埔寨,643.0
202001,71,第71章  天然或养殖珍珠、宝石或半宝石、贵金属、包贵金属及其制品；仿首饰；硬币,115,以色列,36152997.0
202001,71,第71章  天然或养殖珍珠、宝石或半宝石、贵金属、包贵金属及其制品；仿首饰；硬币,121,中国澳门,97169.0
202001,71,第71章  天然或养殖珍珠、宝石或半宝石、贵金属、包贵金属及其制品；仿首饰；硬币,131,沙特阿拉伯,980.0
202001,71,第71章  天然或养殖珍珠、宝石或半宝石、贵金属、包贵金属及其制品；仿首饰；硬币,134,斯里兰卡,558892.0
202001,71,第71章  天然或养殖珍珠、宝石或半宝石、贵金属、包贵金属及其制品；仿首饰；硬币,215,埃及,431.0
202001,71,第71章  天然或养殖珍珠、宝石或半宝石、贵金属、包贵金属及其制品；仿首饰；硬币,232,摩洛哥,30440.0
202001,71,第71章  天然或养殖珍珠、宝石或半宝石、贵金属、包贵金属及其制品；仿首饰；硬币,236,尼日利亚,96.0
202001,71,第71章  天然或养殖珍珠、宝石或半宝石、贵金属、包贵金属及其制品；仿首饰；硬币,238,卢旺达,34551.0
202001,71,第71章  天然或养殖珍珠、宝石或半宝石、贵金属、包贵金属及其制品；仿首饰；硬币,247,坦桑尼亚,28241.0
202001,71,第71章  天然或养殖珍珠、宝石或半宝石、贵金属、包贵金属及其制品；仿首饰；硬币,253,赞比亚,70556.0
202001,71,第71章  天然或养殖珍珠、宝石或半宝石、贵金属、包贵金属及其制品；仿首饰；硬币,302,丹麦,23563.0
202001,71,第71章  天然或养殖珍珠、宝石或半宝石、贵金属、包贵金属及其制品；仿首饰；硬币,311,葡萄牙,246764.0
202001,71,第71章  天然或养殖珍珠、宝石或半宝石、贵金属、包贵金属及其制品；仿首饰；硬币,323,列支敦士登,13582.0
202001,71,第71章  天然或养殖珍珠、宝石或半宝石、贵金属、包贵金属及其制品；仿首饰；硬币,325,摩纳哥,110966.0
202001,71,第71章  天然或养殖珍珠、宝石或半宝石、贵金属、包贵金属及其制品；仿首饰；硬币,328,罗马尼亚,299288.0
202001,71,第71章  天然或养殖珍珠、宝石或半宝石、贵金属、包贵金属及其制品；仿首饰；硬币,330,瑞典,3371.0
202001,71,第71章  天然或养殖珍珠、宝石或半宝石、贵金属、包贵金属及其制品；仿首饰；硬币,331,瑞士,2093143058.0
202001,71,第71章  天然或养殖珍珠、宝石或半宝石、贵金属、包贵金属及其制品；仿首饰；硬币,352,捷克,9278.0
202001,71,第71章  天然或养殖珍珠、宝石或半宝石、贵金属、包贵金属及其制品；仿首饰；硬币,412,智利,198.0
202001,71,第71章  天然或养殖珍珠、宝石或半宝石、贵金属、包贵金属及其制品；仿首饰；硬币,418,多米尼加 ,99.0
202001,71,第71章  天然或养殖珍珠、宝石或半宝石、贵金属、包贵金属及其制品；仿首饰；硬币,423,危地马拉,21433.0
202001,71,第71章  天然或养殖珍珠、宝石或半宝石、贵金属、包贵金属及其制品；仿首饰；硬币,434,秘鲁,1959.0
202001,71,第71章  天然或养殖珍珠、宝石或半宝石、贵金属、包贵金属及其制品；仿首饰；硬币,609,新西兰,98.0
202001,71,第71章  天然或养殖珍珠、宝石或半宝石、贵金属、包贵金属及其制品；仿首饰；硬币,623,法属波利尼西亚,166398.0
202001,72,第72章  钢铁,103,孟加拉国,38.0
202001,72,第72章  钢铁,106,缅甸,11993362.0
202001,72,第72章  钢铁,115,以色列,16493.0
202001,72,第72章  钢铁,130,卡塔尔,656378.0
202001,72,第72章  钢铁,134,斯里兰卡,19118.0
202001,72,第72章  钢铁,215,埃及,2368.0
202001,72,第72章  钢铁,246,苏丹,64331.0
202001,72,第72章  钢铁,302,丹麦,579652.0
202001,72,第72章  钢铁,308,卢森堡,206019.0
202001,72,第72章  钢铁,311,葡萄牙,102234.0
202001,72,第72章  钢铁,328,罗马尼亚,453147.0
202001,72,第72章  钢铁,330,瑞典,34413502.0
202001,72,第72章  钢铁,331,瑞士,1671084.0
202001,72,第72章  钢铁,334,爱沙尼亚,201832.0
202001,72,第72章  钢铁,347,乌克兰,10978523.0
202001,72,第72章  钢铁,352,捷克,936118.0
202001,72,第72章  钢铁,353,斯洛伐克,104609.0
202001,72,第72章  钢铁,354,北马其顿,4365912.0
202001,72,第72章  钢铁,413,哥伦比亚,34504440.0
202001,72,第72章  钢铁,418,多米尼加 ,5831298.0
202001,72,第72章  钢铁,423,危地马拉,8357732.0
202001,72,第72章  钢铁,445,委内瑞拉,32877709.0
202001,73,第73章  钢铁制品,106,缅甸,26811.0
202001,73,第73章  钢铁制品,107,柬埔寨,390.0
202001,73,第73章  钢铁制品,115,以色列,1172933.0
202001,73,第73章  钢铁制品,121,中国澳门,39.0
202001,73,第73章  钢铁制品,131,沙特阿拉伯,132.0
202001,73,第73章  钢铁制品,134,斯里兰卡,826.0
202001,73,第73章  钢铁制品,201,阿尔及利亚,24.0
202001,73,第73章  钢铁制品,215,埃及,2440.0
202001,73,第73章  钢铁制品,228,马拉维,763.0
202001,73,第73章  钢铁制品,232,摩洛哥,74994.0
202001,73,第73章  钢铁制品,302,丹麦,2677366.0
202001,73,第73章  钢铁制品,308,卢森堡,601434.0
202001,73,第73章  钢铁制品,311,葡萄牙,367114.0
202001,73,第73章  钢铁制品,322,冰岛,389.0
202001,73,第73章  钢铁制品,323,列支敦士登,136248.0
202001,73,第73章  钢铁制品,328,罗马尼亚,848509.0
202001,73,第73章  钢铁制品,329,圣马力诺,5.0
202001,73,第73章  钢铁制品,330,瑞典,5059371.0
202001,73,第73章  钢铁制品,331,瑞士,8186070.0
202001,73,第73章  钢铁制品,334,爱沙尼亚,21786.0
202001,73,第73章  钢铁制品,335,拉脱维亚,78311.0
202001,73,第73章  钢铁制品,347,乌克兰,499104.0
202001,73,第73章  钢铁制品,352,捷克,3507258.0
202001,73,第73章  钢铁制品,353,斯洛伐克,788505.0
202001,73,第73章  钢铁制品,355,波斯尼亚和黑塞哥维那,45720.0
202001,73,第73章  钢铁制品,402,阿根廷,1114536.0
202001,73,第73章  钢铁制品,412,智利,174.0
202001,73,第73章  钢铁制品,413,哥伦比亚,55.0
202001,73,第73章  钢铁制品,418,多米尼加 ,2311.0
202001,73,第73章  钢铁制品,426,洪都拉斯,807.0
202001,73,第73章  钢铁制品,434,秘鲁,695.0
202001,73,第73章  钢铁制品,609,新西兰,27380.0
202001,74,第74章  铜及其制品,106,缅甸,1029367.0
202001,74,第74章  铜及其制品,107,柬埔寨,9424381.0
202001,74,第74章  铜及其制品,115,以色列,240191.0
202001,74,第74章  铜及其制品,121,中国澳门,1341575.0
202001,74,第74章  铜及其制品,134,斯里兰卡,104955.0
202001,74,第74章  铜及其制品,232,摩洛哥,797158.0
202001,74,第74章  铜及其制品,236,尼日利亚,838821.0
202001,74,第74章  铜及其制品,247,坦桑尼亚,9935447.0
202001,74,第74章  铜及其制品,253,赞比亚,185898051.0
202001,74,第74章  铜及其制品,257,斯威士兰,1425.0
202001,74,第74章  铜及其制品,302,丹麦,267784.0
202001,74,第74章  铜及其制品,308,卢森堡,4956525.0
202001,74,第74章  铜及其制品,311,葡萄牙,206147.0
202001,74,第74章  铜及其制品,328,罗马尼亚,20.0
202001,74,第74章  铜及其制品,330,瑞典,113362.0
202001,74,第74章  铜及其制品,331,瑞士,456753.0
202001,74,第74章  铜及其制品,335,拉脱维亚,272608.0
202001,74,第74章  铜及其制品,347,乌克兰,1224462.0
202001,74,第74章  铜及其制品,352,捷克,1324724.0
202001,74,第74章  铜及其制品,353,斯洛伐克,5590.0
202001,74,第74章  铜及其制品,355,波斯尼亚和黑塞哥维那,244.0
202001,74,第74章  铜及其制品,402,阿根廷,8363.0
202001,74,第74章  铜及其制品,412,智利,718308709.0
202001,74,第74章  铜及其制品,418,多米尼加 ,390.0
202001,74,第74章  铜及其制品,433,巴拉圭,82038.0
202001,74,第74章  铜及其制品,434,秘鲁,41260973.0
202001,74,第74章  铜及其制品,445,委内瑞拉,114144.0
202001,74,第74章  铜及其制品,609,新西兰,1555322.0
202001,75,第75章  镍及其制品,115,以色列,121549.0
202001,75,第75章  镍及其制品,134,斯里兰卡,113.0
202001,75,第75章  镍及其制品,302,丹麦,1084.0
202001,75,第75章  镍及其制品,328,罗马尼亚,51235.0
202001,75,第75章  镍及其制品,330,瑞典,409183.0
202001,75,第75章  镍及其制品,331,瑞士,2812351.0
202001,75,第75章  镍及其制品,347,乌克兰,83.0
202001,75,第75章  镍及其制品,352,捷克,2611.0
202001,75,第75章  镍及其制品,416,古巴,17625699.0
202001,75,第75章  镍及其制品,611,巴布亚新几内亚,17781588.0
202001,76,第76章  铝及其制品,106,缅甸,547326.0
202001,76,第76章  铝及其制品,107,柬埔寨,134318.0
202001,76,第76章  铝及其制品,115,以色列,216237.0
202001,76,第76章  铝及其制品,117,约旦,176007.0
202001,76,第76章  铝及其制品,130,卡塔尔,2391.0
202001,76,第76章  铝及其制品,131,沙特阿拉伯,235264.0
202001,76,第76章  铝及其制品,134,斯里兰卡,16403.0
202001,76,第76章  铝及其制品,146,吉尔吉斯斯坦,37080.0
202001,76,第76章  铝及其制品,201,阿尔及利亚,1038.0
202001,76,第76章  铝及其制品,215,埃及,378929.0
202001,76,第76章  铝及其制品,232,摩洛哥,147108.0
202001,76,第76章  铝及其制品,236,尼日利亚,255046.0
202001,76,第76章  铝及其制品,247,坦桑尼亚,210403.0
202001,76,第76章  铝及其制品,253,赞比亚,37797.0
202001,76,第76章  铝及其制品,257,斯威士兰,5247.0
202001,76,第76章  铝及其制品,302,丹麦,1013395.0
202001,76,第76章  铝及其制品,308,卢森堡,128.0
202001,76,第76章  铝及其制品,311,葡萄牙,9123.0
202001,76,第76章  铝及其制品,322,冰岛,1282516.0
202001,76,第76章  铝及其制品,328,罗马尼亚,211877.0
202001,76,第76章  铝及其制品,330,瑞典,261418.0
202001,76,第76章  铝及其制品,331,瑞士,1246696.0
202001,76,第76章  铝及其制品,334,爱沙尼亚,5799.0
202001,76,第76章  铝及其制品,335,拉脱维亚,143082.0
202001,76,第76章  铝及其制品,347,乌克兰,71767.0
202001,76,第76章  铝及其制品,352,捷克,422793.0
202001,76,第76章  铝及其制品,353,斯洛伐克,29164.0
202001,76,第76章  铝及其制品,355,波斯尼亚和黑塞哥维那,23342.0
202001,76,第76章  铝及其制品,402,阿根廷,26.0
202001,76,第76章  铝及其制品,412,智利,319.0
202001,76,第76章  铝及其制品,418,多米尼加 ,30472.0
202001,76,第76章  铝及其制品,445,委内瑞拉,1374935.0
202001,76,第76章  铝及其制品,609,新西兰,2138618.0
202001,78,第78章  铅及其制品,106,缅甸,1037329.0
202001,78,第78章  铅及其制品,107,柬埔寨,212145.0
202001,78,第78章  铅及其制品,228,马拉维,85792.0
202001,78,第78章  铅及其制品,236,尼日利亚,2016154.0
202001,78,第78章  铅及其制品,246,苏丹,114679.0
202001,78,第78章  铅及其制品,302,丹麦,147.0
202001,78,第78章  铅及其制品,328,罗马尼亚,1451.0
202001,78,第78章  铅及其制品,330,瑞典,4694.0
202001,79,第79章  锌及其制品,106,缅甸,4460.0
202001,79,第79章  锌及其制品,115,以色列,5.0
202001,79,第79章  锌及其制品,232,摩洛哥,322.0
202001,79,第79章  锌及其制品,302,丹麦,28445.0
202001,79,第79章  锌及其制品,311,葡萄牙,197882.0
202001,79,第79章  锌及其制品,323,列支敦士登,1913.0
202001,79,第79章  锌及其制品,330,瑞典,15667.0
202001,79,第79章  锌及其制品,331,瑞士,225796.0
202001,79,第79章  锌及其制品,352,捷克,8221.0
202001,79,第79章  锌及其制品,434,秘鲁,724717.0
202001,80,第80章  锡及其制品,115,以色列,625.0
202001,80,第80章  锡及其制品,130,卡塔尔,1426.0
202001,80,第80章  锡及其制品,215,埃及,2249.0
202001,80,第80章  锡及其制品,328,罗马尼亚,9914.0
202001,80,第80章  锡及其制品,330,瑞典,615.0
202001,80,第80章  锡及其制品,331,瑞士,7439.0
202001,80,第80章  锡及其制品,434,秘鲁,3367156.0
202001,81,第81章  其他贱金属、金属陶瓷及其制品,115,以色列,1649951.0
202001,81,第81章  其他贱金属、金属陶瓷及其制品,134,斯里兰卡,1911.0
202001,81,第81章  其他贱金属、金属陶瓷及其制品,302,丹麦,22152.0
202001,81,第81章  其他贱金属、金属陶瓷及其制品,308,卢森堡,3623.0
202001,81,第81章  其他贱金属、金属陶瓷及其制品,323,列支敦士登,373.0
202001,81,第81章  其他贱金属、金属陶瓷及其制品,330,瑞典,340797.0
202001,81,第81章  其他贱金属、金属陶瓷及其制品,331,瑞士,205427.0
202001,81,第81章  其他贱金属、金属陶瓷及其制品,334,爱沙尼亚,409141.0
202001,81,第81章  其他贱金属、金属陶瓷及其制品,347,乌克兰,3935164.0
202001,81,第81章  其他贱金属、金属陶瓷及其制品,352,捷克,10486.0
202001,82,第82章  贱金属工具、器具、利口器、餐匙、餐叉及其零件,103,孟加拉国,517.0
202001,82,第82章  贱金属工具、器具、利口器、餐匙、餐叉及其零件,115,以色列,4718399.0
202001,82,第82章  贱金属工具、器具、利口器、餐匙、餐叉及其零件,121,中国澳门,2516.0
202001,82,第82章  贱金属工具、器具、利口器、餐匙、餐叉及其零件,131,沙特阿拉伯,1183984.0
202001,82,第82章  贱金属工具、器具、利口器、餐匙、餐叉及其零件,134,斯里兰卡,45.0
202001,82,第82章  贱金属工具、器具、利口器、餐匙、餐叉及其零件,215,埃及,2087.0
202001,82,第82章  贱金属工具、器具、利口器、餐匙、餐叉及其零件,257,斯威士兰,72.0
202001,82,第82章  贱金属工具、器具、利口器、餐匙、餐叉及其零件,302,丹麦,611489.0
202001,82,第82章  贱金属工具、器具、利口器、餐匙、餐叉及其零件,308,卢森堡,477108.0
202001,82,第82章  贱金属工具、器具、利口器、餐匙、餐叉及其零件,311,葡萄牙,54486.0
202001,82,第82章  贱金属工具、器具、利口器、餐匙、餐叉及其零件,323,列支敦士登,3859.0
202001,82,第82章  贱金属工具、器具、利口器、餐匙、餐叉及其零件,328,罗马尼亚,26306.0
202001,82,第82章  贱金属工具、器具、利口器、餐匙、餐叉及其零件,330,瑞典,7451571.0
202001,82,第82章  贱金属工具、器具、利口器、餐匙、餐叉及其零件,331,瑞士,4771802.0
202001,82,第82章  贱金属工具、器具、利口器、餐匙、餐叉及其零件,347,乌克兰,7673.0
202001,82,第82章  贱金属工具、器具、利口器、餐匙、餐叉及其零件,352,捷克,1501519.0
202001,82,第82章  贱金属工具、器具、利口器、餐匙、餐叉及其零件,353,斯洛伐克,165137.0
202001,82,第82章  贱金属工具、器具、利口器、餐匙、餐叉及其零件,402,阿根廷,1352.0
202001,82,第82章  贱金属工具、器具、利口器、餐匙、餐叉及其零件,413,哥伦比亚,51000.0
202001,82,第82章  贱金属工具、器具、利口器、餐匙、餐叉及其零件,418,多米尼加 ,1650.0
202001,82,第82章  贱金属工具、器具、利口器、餐匙、餐叉及其零件,609,新西兰,7702.0
202001,83,第83章  贱金属杂项制品,103,孟加拉国,3018.0
202001,83,第83章  贱金属杂项制品,115,以色列,66296.0
202001,83,第83章  贱金属杂项制品,131,沙特阿拉伯,72.0
202001,83,第83章  贱金属杂项制品,134,斯里兰卡,1878.0
202001,83,第83章  贱金属杂项制品,215,埃及,29719.0
202001,83,第83章  贱金属杂项制品,302,丹麦,392358.0
202001,83,第83章  贱金属杂项制品,311,葡萄牙,951443.0
202001,83,第83章  贱金属杂项制品,328,罗马尼亚,2912406.0
202001,83,第83章  贱金属杂项制品,330,瑞典,818024.0
202001,83,第83章  贱金属杂项制品,331,瑞士,924474.0
202001,83,第83章  贱金属杂项制品,334,爱沙尼亚,5060.0
202001,83,第83章  贱金属杂项制品,335,拉脱维亚,454.0
202001,83,第83章  贱金属杂项制品,347,乌克兰,138126.0
202001,83,第83章  贱金属杂项制品,352,捷克,6223303.0
202001,83,第83章  贱金属杂项制品,353,斯洛伐克,217781.0
202001,83,第83章  贱金属杂项制品,355,波斯尼亚和黑塞哥维那,2645.0
202001,83,第83章  贱金属杂项制品,413,哥伦比亚,33.0
202001,83,第83章  贱金属杂项制品,418,多米尼加 ,1757.0
202001,83,第83章  贱金属杂项制品,419,厄瓜多尔,90000.0
202001,83,第83章  贱金属杂项制品,426,洪都拉斯,4.0
202001,83,第83章  贱金属杂项制品,609,新西兰,46577.0
202001,84,第84章  核反应堆、锅炉、机器、机械器具及零件,103,孟加拉国,40909.0
202001,84,第84章  核反应堆、锅炉、机器、机械器具及零件,106,缅甸,1263891.0
202001,84,第84章  核反应堆、锅炉、机器、机械器具及零件,107,柬埔寨,3178812.0
202001,84,第84章  核反应堆、锅炉、机器、机械器具及零件,114,伊拉克,143.0
202001,84,第84章  核反应堆、锅炉、机器、机械器具及零件,115,以色列,40113541.0
202001,84,第84章  核反应堆、锅炉、机器、机械器具及零件,130,卡塔尔,6796.0
202001,84,第84章  核反应堆、锅炉、机器、机械器具及零件,131,沙特阿拉伯,5845680.0
202001,84,第84章  核反应堆、锅炉、机器、机械器具及零件,134,斯里兰卡,154112.0
202001,84,第84章  核反应堆、锅炉、机器、机械器具及零件,215,埃及,5635.0
202001,84,第84章  核反应堆、锅炉、机器、机械器具及零件,232,摩洛哥,109030.0
202001,84,第84章  核反应堆、锅炉、机器、机械器具及零件,257,斯威士兰,6462.0
202001,84,第84章  核反应堆、锅炉、机器、机械器具及零件,302,丹麦,43047598.0
202001,84,第84章  核反应堆、锅炉、机器、机械器具及零件,308,卢森堡,1439760.0
202001,84,第84章  核反应堆、锅炉、机器、机械器具及零件,311,葡萄牙,8941107.0
202001,84,第84章  核反应堆、锅炉、机器、机械器具及零件,323,列支敦士登,3414607.0
202001,84,第84章  核反应堆、锅炉、机器、机械器具及零件,325,摩纳哥,10273.0
202001,84,第84章  核反应堆、锅炉、机器、机械器具及零件,328,罗马尼亚,15453778.0
202001,84,第84章  核反应堆、锅炉、机器、机械器具及零件,329,圣马力诺,10096.0
202001,84,第84章  核反应堆、锅炉、机器、机械器具及零件,330,瑞典,88621405.0
202001,84,第84章  核反应堆、锅炉、机器、机械器具及零件,331,瑞士,109009576.0
202001,84,第84章  核反应堆、锅炉、机器、机械器具及零件,334,爱沙尼亚,363475.0
202001,84,第84章  核反应堆、锅炉、机器、机械器具及零件,335,拉脱维亚,314579.0
202001,84,第84章  核反应堆、锅炉、机器、机械器具及零件,343,摩尔多瓦,26885.0
202001,84,第84章  核反应堆、锅炉、机器、机械器具及零件,347,乌克兰,953060.0
202001,84,第84章  核反应堆、锅炉、机器、机械器具及零件,352,捷克,78617527.0
202001,84,第84章  核反应堆、锅炉、机器、机械器具及零件,353,斯洛伐克,13816500.0
202001,84,第84章  核反应堆、锅炉、机器、机械器具及零件,354,北马其顿,22793.0
202001,84,第84章  核反应堆、锅炉、机器、机械器具及零件,355,波斯尼亚和黑塞哥维那,139020.0
202001,84,第84章  核反应堆、锅炉、机器、机械器具及零件,402,阿根廷,216864.0
202001,84,第84章  核反应堆、锅炉、机器、机械器具及零件,412,智利,30235.0
202001,84,第84章  核反应堆、锅炉、机器、机械器具及零件,413,哥伦比亚,2803.0
202001,84,第84章  核反应堆、锅炉、机器、机械器具及零件,418,多米尼加 ,679.0
202001,84,第84章  核反应堆、锅炉、机器、机械器具及零件,419,厄瓜多尔,5907.0
202001,84,第84章  核反应堆、锅炉、机器、机械器具及零件,432,巴拿马,9328.0
202001,84,第84章  核反应堆、锅炉、机器、机械器具及零件,434,秘鲁,2546.0
202001,84,第84章  核反应堆、锅炉、机器、机械器具及零件,445,委内瑞拉,115.0
202001,84,第84章  核反应堆、锅炉、机器、机械器具及零件,603,斐济,250.0
202001,84,第84章  核反应堆、锅炉、机器、机械器具及零件,609,新西兰,1591815.0
202001,85,第85章  电机、电气设备及其零件；录音机及放声机、电视图像、声音的录制和重放设备及其零件、附件,101,阿富汗,5284.0
202001,85,第85章  电机、电气设备及其零件；录音机及放声机、电视图像、声音的录制和重放设备及其零件、附件,103,孟加拉国,130852.0
202001,85,第85章  电机、电气设备及其零件；录音机及放声机、电视图像、声音的录制和重放设备及其零件、附件,106,缅甸,2692076.0
202001,85,第85章  电机、电气设备及其零件；录音机及放声机、电视图像、声音的录制和重放设备及其零件、附件,107,柬埔寨,4935322.0
202001,85,第85章  电机、电气设备及其零件；录音机及放声机、电视图像、声音的录制和重放设备及其零件、附件,114,伊拉克,52.0
202001,85,第85章  电机、电气设备及其零件；录音机及放声机、电视图像、声音的录制和重放设备及其零件、附件,115,以色列,302248325.0
202001,85,第85章  电机、电气设备及其零件；录音机及放声机、电视图像、声音的录制和重放设备及其零件、附件,117,约旦,829.0
202001,85,第85章  电机、电气设备及其零件；录音机及放声机、电视图像、声音的录制和重放设备及其零件、附件,121,中国澳门,1947.0
202001,85,第85章  电机、电气设备及其零件；录音机及放声机、电视图像、声音的录制和重放设备及其零件、附件,128,巴勒斯坦,107.0
202001,85,第85章  电机、电气设备及其零件；录音机及放声机、电视图像、声音的录制和重放设备及其零件、附件,130,卡塔尔,1163.0
202001,85,第85章  电机、电气设备及其零件；录音机及放声机、电视图像、声音的录制和重放设备及其零件、附件,131,沙特阿拉伯,21626.0
202001,85,第85章  电机、电气设备及其零件；录音机及放声机、电视图像、声音的录制和重放设备及其零件、附件,134,斯里兰卡,1948341.0
202001,85,第85章  电机、电气设备及其零件；录音机及放声机、电视图像、声音的录制和重放设备及其零件、附件,215,埃及,129847.0
202001,85,第85章  电机、电气设备及其零件；录音机及放声机、电视图像、声音的录制和重放设备及其零件、附件,228,马拉维,56784.0
202001,85,第85章  电机、电气设备及其零件；录音机及放声机、电视图像、声音的录制和重放设备及其零件、附件,229,马里,5825.0
202001,85,第85章  电机、电气设备及其零件；录音机及放声机、电视图像、声音的录制和重放设备及其零件、附件,232,摩洛哥,13672430.0
202001,85,第85章  电机、电气设备及其零件；录音机及放声机、电视图像、声音的录制和重放设备及其零件、附件,247,坦桑尼亚,106.0
202001,85,第85章  电机、电气设备及其零件；录音机及放声机、电视图像、声音的录制和重放设备及其零件、附件,248,多哥,371.0
202001,85,第85章  电机、电气设备及其零件；录音机及放声机、电视图像、声音的录制和重放设备及其零件、附件,257,斯威士兰,22532.0
202001,85,第85章  电机、电气设备及其零件；录音机及放声机、电视图像、声音的录制和重放设备及其零件、附件,302,丹麦,15914521.0
202001,85,第85章  电机、电气设备及其零件；录音机及放声机、电视图像、声音的录制和重放设备及其零件、附件,308,卢森堡,200324.0
202001,85,第85章  电机、电气设备及其零件；录音机及放声机、电视图像、声音的录制和重放设备及其零件、附件,311,葡萄牙,67317949.0
202001,85,第85章  电机、电气设备及其零件；录音机及放声机、电视图像、声音的录制和重放设备及其零件、附件,322,冰岛,383.0
202001,85,第85章  电机、电气设备及其零件；录音机及放声机、电视图像、声音的录制和重放设备及其零件、附件,323,列支敦士登,902079.0
202001,85,第85章  电机、电气设备及其零件；录音机及放声机、电视图像、声音的录制和重放设备及其零件、附件,325,摩纳哥,11189.0
202001,85,第85章  电机、电气设备及其零件；录音机及放声机、电视图像、声音的录制和重放设备及其零件、附件,328,罗马尼亚,50430653.0
202001,85,第85章  电机、电气设备及其零件；录音机及放声机、电视图像、声音的录制和重放设备及其零件、附件,330,瑞典,28537534.0
202001,85,第85章  电机、电气设备及其零件；录音机及放声机、电视图像、声音的录制和重放设备及其零件、附件,331,瑞士,70034384.0
202001,85,第85章  电机、电气设备及其零件；录音机及放声机、电视图像、声音的录制和重放设备及其零件、附件,334,爱沙尼亚,2981623.0
202001,85,第85章  电机、电气设备及其零件；录音机及放声机、电视图像、声音的录制和重放设备及其零件、附件,335,拉脱维亚,785620.0
202001,85,第85章  电机、电气设备及其零件；录音机及放声机、电视图像、声音的录制和重放设备及其零件、附件,343,摩尔多瓦,1823972.0
202001,85,第85章  电机、电气设备及其零件；录音机及放声机、电视图像、声音的录制和重放设备及其零件、附件,347,乌克兰,3125493.0
202001,85,第85章  电机、电气设备及其零件；录音机及放声机、电视图像、声音的录制和重放设备及其零件、附件,352,捷克,105911521.0
202001,85,第85章  电机、电气设备及其零件；录音机及放声机、电视图像、声音的录制和重放设备及其零件、附件,353,斯洛伐克,27718898.0
202001,85,第85章  电机、电气设备及其零件；录音机及放声机、电视图像、声音的录制和重放设备及其零件、附件,354,北马其顿,2252613.0
202001,85,第85章  电机、电气设备及其零件；录音机及放声机、电视图像、声音的录制和重放设备及其零件、附件,355,波斯尼亚和黑塞哥维那,172581.0
202001,85,第85章  电机、电气设备及其零件；录音机及放声机、电视图像、声音的录制和重放设备及其零件、附件,402,阿根廷,4203.0
202001,85,第85章  电机、电气设备及其零件；录音机及放声机、电视图像、声音的录制和重放设备及其零件、附件,412,智利,250939.0
202001,85,第85章  电机、电气设备及其零件；录音机及放声机、电视图像、声音的录制和重放设备及其零件、附件,413,哥伦比亚,946.0
202001,85,第85章  电机、电气设备及其零件；录音机及放声机、电视图像、声音的录制和重放设备及其零件、附件,418,多米尼加 ,622399.0
202001,85,第85章  电机、电气设备及其零件；录音机及放声机、电视图像、声音的录制和重放设备及其零件、附件,426,洪都拉斯,64918.0
202001,85,第85章  电机、电气设备及其零件；录音机及放声机、电视图像、声音的录制和重放设备及其零件、附件,434,秘鲁,182.0
202001,85,第85章  电机、电气设备及其零件；录音机及放声机、电视图像、声音的录制和重放设备及其零件、附件,445,委内瑞拉,20.0
202001,85,第85章  电机、电气设备及其零件；录音机及放声机、电视图像、声音的录制和重放设备及其零件、附件,609,新西兰,987859.0
202001,85,第85章  电机、电气设备及其零件；录音机及放声机、电视图像、声音的录制和重放设备及其零件、附件,619,图瓦卢,240.0
202001,86,第86章  铁道及电车道机车、车辆及其零件；铁道及电车道轨道固定装置及其零件；附件；各种机械（包括电动机械）交通信号设备,115,以色列,134034.0
202001,86,第86章  铁道及电车道机车、车辆及其零件；铁道及电车道轨道固定装置及其零件；附件；各种机械（包括电动机械）交通信号设备,302,丹麦,35066.0
202001,86,第86章  铁道及电车道机车、车辆及其零件；铁道及电车道轨道固定装置及其零件；附件；各种机械（包括电动机械）交通信号设备,308,卢森堡,79414.0
202001,86,第86章  铁道及电车道机车、车辆及其零件；铁道及电车道轨道固定装置及其零件；附件；各种机械（包括电动机械）交通信号设备,330,瑞典,1023893.0
202001,86,第86章  铁道及电车道机车、车辆及其零件；铁道及电车道轨道固定装置及其零件；附件；各种机械（包括电动机械）交通信号设备,331,瑞士,872393.0
202001,86,第86章  铁道及电车道机车、车辆及其零件；铁道及电车道轨道固定装置及其零件；附件；各种机械（包括电动机械）交通信号设备,352,捷克,4375650.0
202001,86,第86章  铁道及电车道机车、车辆及其零件；铁道及电车道轨道固定装置及其零件；附件；各种机械（包括电动机械）交通信号设备,353,斯洛伐克,1995.0
202001,86,第86章  铁道及电车道机车、车辆及其零件；铁道及电车道轨道固定装置及其零件；附件；各种机械（包括电动机械）交通信号设备,354,北马其顿,5400.0
202001,87,第87章  车辆及其零件、附件，但铁道及电车道车辆除外,103,孟加拉国,24721.0
202001,87,第87章  车辆及其零件、附件，但铁道及电车道车辆除外,106,缅甸,91.0
202001,87,第87章  车辆及其零件、附件，但铁道及电车道车辆除外,107,柬埔寨,124669.0
202001,87,第87章  车辆及其零件、附件，但铁道及电车道车辆除外,114,伊拉克,2446.0
202001,87,第87章  车辆及其零件、附件，但铁道及电车道车辆除外,115,以色列,150547.0
202001,87,第87章  车辆及其零件、附件，但铁道及电车道车辆除外,117,约旦,314.0
202001,87,第87章  车辆及其零件、附件，但铁道及电车道车辆除外,121,中国澳门,652.0
202001,87,第87章  车辆及其零件、附件，但铁道及电车道车辆除外,131,沙特阿拉伯,393.0
202001,87,第87章  车辆及其零件、附件，但铁道及电车道车辆除外,215,埃及,4428.0
202001,87,第87章  车辆及其零件、附件，但铁道及电车道车辆除外,228,马拉维,81.0
202001,87,第87章  车辆及其零件、附件，但铁道及电车道车辆除外,232,摩洛哥,242801.0
202001,87,第87章  车辆及其零件、附件，但铁道及电车道车辆除外,302,丹麦,1219630.0
202001,87,第87章  车辆及其零件、附件，但铁道及电车道车辆除外,308,卢森堡,132270.0
202001,87,第87章  车辆及其零件、附件，但铁道及电车道车辆除外,311,葡萄牙,43467723.0
202001,87,第87章  车辆及其零件、附件，但铁道及电车道车辆除外,322,冰岛,149.0
202001,87,第87章  车辆及其零件、附件，但铁道及电车道车辆除外,323,列支敦士登,1346460.0
202001,87,第87章  车辆及其零件、附件，但铁道及电车道车辆除外,325,摩纳哥,10115.0
202001,87,第87章  车辆及其零件、附件，但铁道及电车道车辆除外,328,罗马尼亚,16348482.0
202001,87,第87章  车辆及其零件、附件，但铁道及电车道车辆除外,330,瑞典,120757007.0
202001,87,第87章  车辆及其零件、附件，但铁道及电车道车辆除外,331,瑞士,2723768.0
202001,87,第87章  车辆及其零件、附件，但铁道及电车道车辆除外,334,爱沙尼亚,489215.0
202001,87,第87章  车辆及其零件、附件，但铁道及电车道车辆除外,335,拉脱维亚,619.0
202001,87,第87章  车辆及其零件、附件，但铁道及电车道车辆除外,343,摩尔多瓦,704.0
202001,87,第87章  车辆及其零件、附件，但铁道及电车道车辆除外,347,乌克兰,7755.0
202001,87,第87章  车辆及其零件、附件，但铁道及电车道车辆除外,352,捷克,49177741.0
202001,87,第87章  车辆及其零件、附件，但铁道及电车道车辆除外,353,斯洛伐克,494471116.0
202001,87,第87章  车辆及其零件、附件，但铁道及电车道车辆除外,354,北马其顿,1071197.0
202001,87,第87章  车辆及其零件、附件，但铁道及电车道车辆除外,355,波斯尼亚和黑塞哥维那,806269.0
202001,87,第87章  车辆及其零件、附件，但铁道及电车道车辆除外,402,阿根廷,749.0
202001,87,第87章  车辆及其零件、附件，但铁道及电车道车辆除外,412,智利,92.0
202001,87,第87章  车辆及其零件、附件，但铁道及电车道车辆除外,413,哥伦比亚,8183.0
202001,87,第87章  车辆及其零件、附件，但铁道及电车道车辆除外,416,古巴,9.0
202001,87,第87章  车辆及其零件、附件，但铁道及电车道车辆除外,426,洪都拉斯,1929.0
202001,87,第87章  车辆及其零件、附件，但铁道及电车道车辆除外,609,新西兰,9774.0
202001,88,第88章  航空器、航天器及其零件,115,以色列,30044.0
202001,88,第88章  航空器、航天器及其零件,121,中国澳门,3286.0
202001,88,第88章  航空器、航天器及其零件,131,沙特阿拉伯,3705.0
202001,88,第88章  航空器、航天器及其零件,134,斯里兰卡,14699.0
202001,88,第88章  航空器、航天器及其零件,232,摩洛哥,677291.0
202001,88,第88章  航空器、航天器及其零件,257,斯威士兰,8543.0
202001,88,第88章  航空器、航天器及其零件,302,丹麦,370.0
202001,88,第88章  航空器、航天器及其零件,308,卢森堡,8946.0
202001,88,第88章  航空器、航天器及其零件,311,葡萄牙,77734.0
202001,88,第88章  航空器、航天器及其零件,325,摩纳哥,6.0
202001,88,第88章  航空器、航天器及其零件,328,罗马尼亚,87133.0
202001,88,第88章  航空器、航天器及其零件,331,瑞士,133687.0
202001,88,第88章  航空器、航天器及其零件,352,捷克,861980.0
202001,88,第88章  航空器、航天器及其零件,418,多米尼加 ,2060.0
202001,88,第88章  航空器、航天器及其零件,609,新西兰,161055.0
202001,89,第89章  船舶及浮动结构体,302,丹麦,16000.0
202001,89,第89章  船舶及浮动结构体,311,葡萄牙,12202.0
202001,89,第89章  船舶及浮动结构体,352,捷克,5100.0
202001,89,第89章  船舶及浮动结构体,353,斯洛伐克,49936.0
202001,89,第89章  船舶及浮动结构体,609,新西兰,198186.0
202001,90,第90章  光学、照相、电影、计量、检验、医疗或外科用仪器及设备、精密仪器及设备；上述物品的零件、附件,103,孟加拉国,1098358.0
202001,90,第90章  光学、照相、电影、计量、检验、医疗或外科用仪器及设备、精密仪器及设备；上述物品的零件、附件,105,文莱,1000.0
202001,90,第90章  光学、照相、电影、计量、检验、医疗或外科用仪器及设备、精密仪器及设备；上述物品的零件、附件,106,缅甸,1120542.0
202001,90,第90章  光学、照相、电影、计量、检验、医疗或外科用仪器及设备、精密仪器及设备；上述物品的零件、附件,107,柬埔寨,1800.0
202001,90,第90章  光学、照相、电影、计量、检验、医疗或外科用仪器及设备、精密仪器及设备；上述物品的零件、附件,115,以色列,117199077.0
202001,90,第90章  光学、照相、电影、计量、检验、医疗或外科用仪器及设备、精密仪器及设备；上述物品的零件、附件,117,约旦,10400.0
202001,90,第90章  光学、照相、电影、计量、检验、医疗或外科用仪器及设备、精密仪器及设备；上述物品的零件、附件,121,中国澳门,86.0
202001,90,第90章  光学、照相、电影、计量、检验、医疗或外科用仪器及设备、精密仪器及设备；上述物品的零件、附件,131,沙特阿拉伯,7813.0
202001,90,第90章  光学、照相、电影、计量、检验、医疗或外科用仪器及设备、精密仪器及设备；上述物品的零件、附件,134,斯里兰卡,947360.0
202001,90,第90章  光学、照相、电影、计量、检验、医疗或外科用仪器及设备、精密仪器及设备；上述物品的零件、附件,215,埃及,8017.0
202001,90,第90章  光学、照相、电影、计量、检验、医疗或外科用仪器及设备、精密仪器及设备；上述物品的零件、附件,228,马拉维,671.0
202001,90,第90章  光学、照相、电影、计量、检验、医疗或外科用仪器及设备、精密仪器及设备；上述物品的零件、附件,232,摩洛哥,374108.0
202001,90,第90章  光学、照相、电影、计量、检验、医疗或外科用仪器及设备、精密仪器及设备；上述物品的零件、附件,253,赞比亚,2200.0
202001,90,第90章  光学、照相、电影、计量、检验、医疗或外科用仪器及设备、精密仪器及设备；上述物品的零件、附件,302,丹麦,22788417.0
202001,90,第90章  光学、照相、电影、计量、检验、医疗或外科用仪器及设备、精密仪器及设备；上述物品的零件、附件,308,卢森堡,910028.0
202001,90,第90章  光学、照相、电影、计量、检验、医疗或外科用仪器及设备、精密仪器及设备；上述物品的零件、附件,311,葡萄牙,3098077.0
202001,90,第90章  光学、照相、电影、计量、检验、医疗或外科用仪器及设备、精密仪器及设备；上述物品的零件、附件,322,冰岛,137755.0
202001,90,第90章  光学、照相、电影、计量、检验、医疗或外科用仪器及设备、精密仪器及设备；上述物品的零件、附件,323,列支敦士登,1021927.0
202001,90,第90章  光学、照相、电影、计量、检验、医疗或外科用仪器及设备、精密仪器及设备；上述物品的零件、附件,328,罗马尼亚,22261713.0
202001,90,第90章  光学、照相、电影、计量、检验、医疗或外科用仪器及设备、精密仪器及设备；上述物品的零件、附件,329,圣马力诺,676.0
202001,90,第90章  光学、照相、电影、计量、检验、医疗或外科用仪器及设备、精密仪器及设备；上述物品的零件、附件,330,瑞典,22915991.0
202001,90,第90章  光学、照相、电影、计量、检验、医疗或外科用仪器及设备、精密仪器及设备；上述物品的零件、附件,331,瑞士,83689375.0
202001,90,第90章  光学、照相、电影、计量、检验、医疗或外科用仪器及设备、精密仪器及设备；上述物品的零件、附件,334,爱沙尼亚,2587744.0
202001,90,第90章  光学、照相、电影、计量、检验、医疗或外科用仪器及设备、精密仪器及设备；上述物品的零件、附件,335,拉脱维亚,477442.0
202001,90,第90章  光学、照相、电影、计量、检验、医疗或外科用仪器及设备、精密仪器及设备；上述物品的零件、附件,343,摩尔多瓦,2500.0
202001,90,第90章  光学、照相、电影、计量、检验、医疗或外科用仪器及设备、精密仪器及设备；上述物品的零件、附件,347,乌克兰,109090.0
202001,90,第90章  光学、照相、电影、计量、检验、医疗或外科用仪器及设备、精密仪器及设备；上述物品的零件、附件,352,捷克,26617444.0
202001,90,第90章  光学、照相、电影、计量、检验、医疗或外科用仪器及设备、精密仪器及设备；上述物品的零件、附件,353,斯洛伐克,1760229.0
202001,90,第90章  光学、照相、电影、计量、检验、医疗或外科用仪器及设备、精密仪器及设备；上述物品的零件、附件,354,北马其顿,57568.0
202001,90,第90章  光学、照相、电影、计量、检验、医疗或外科用仪器及设备、精密仪器及设备；上述物品的零件、附件,402,阿根廷,6214.0
202001,90,第90章  光学、照相、电影、计量、检验、医疗或外科用仪器及设备、精密仪器及设备；上述物品的零件、附件,412,智利,1740.0
202001,90,第90章  光学、照相、电影、计量、检验、医疗或外科用仪器及设备、精密仪器及设备；上述物品的零件、附件,418,多米尼加 ,1940963.0
202001,90,第90章  光学、照相、电影、计量、检验、医疗或外科用仪器及设备、精密仪器及设备；上述物品的零件、附件,419,厄瓜多尔,2465.0
202001,90,第90章  光学、照相、电影、计量、检验、医疗或外科用仪器及设备、精密仪器及设备；上述物品的零件、附件,432,巴拿马,150.0
202001,90,第90章  光学、照相、电影、计量、检验、医疗或外科用仪器及设备、精密仪器及设备；上述物品的零件、附件,434,秘鲁,1590.0
202001,90,第90章  光学、照相、电影、计量、检验、医疗或外科用仪器及设备、精密仪器及设备；上述物品的零件、附件,447,圣基茨和尼维斯 ,24736.0
202001,90,第90章  光学、照相、电影、计量、检验、医疗或外科用仪器及设备、精密仪器及设备；上述物品的零件、附件,609,新西兰,1770746.0
202001,91,第91章  钟表及其零件,106,缅甸,206529.0
202001,91,第91章  钟表及其零件,107,柬埔寨,400.0
202001,91,第91章  钟表及其零件,121,中国澳门,114.0
202001,91,第91章  钟表及其零件,253,赞比亚,2029.0
202001,91,第91章  钟表及其零件,257,斯威士兰,226.0
202001,91,第91章  钟表及其零件,302,丹麦,1527.0
202001,91,第91章  钟表及其零件,311,葡萄牙,24601.0
202001,91,第91章  钟表及其零件,330,瑞典,13910.0
202001,91,第91章  钟表及其零件,331,瑞士,169714555.0
202001,91,第91章  钟表及其零件,352,捷克,58.0
202001,91,第91章  钟表及其零件,353,斯洛伐克,11097.0
202001,91,第91章  钟表及其零件,602,库克群岛,122.0
202001,92,第92章  乐器及其零件、附件,106,缅甸,580.0
202001,92,第92章  乐器及其零件、附件,115,以色列,2861.0
202001,92,第92章  乐器及其零件、附件,215,埃及,16.0
202001,92,第92章  乐器及其零件、附件,302,丹麦,44820.0
202001,92,第92章  乐器及其零件、附件,330,瑞典,1788.0
202001,92,第92章  乐器及其零件、附件,331,瑞士,116.0
202001,92,第92章  乐器及其零件、附件,352,捷克,271204.0
202001,92,第92章  乐器及其零件、附件,402,阿根廷,3318.0
202001,92,第92章  乐器及其零件、附件,413,哥伦比亚,840.0
202001,93,第93章  武器、弹药及其零件、附件,331,瑞士,383469.0
202001,94,第94章  家具；寝具、褥垫、弹簧床垫、软坐垫及类似的填充制品；未列名灯具及照明装置；发光标志、发光铭牌及类似品；活动房屋,103,孟加拉国,2816.0
202001,94,第94章  家具；寝具、褥垫、弹簧床垫、软坐垫及类似的填充制品；未列名灯具及照明装置；发光标志、发光铭牌及类似品；活动房屋,106,缅甸,22636.0
202001,94,第94章  家具；寝具、褥垫、弹簧床垫、软坐垫及类似的填充制品；未列名灯具及照明装置；发光标志、发光铭牌及类似品；活动房屋,107,柬埔寨,30127.0
202001,94,第94章  家具；寝具、褥垫、弹簧床垫、软坐垫及类似的填充制品；未列名灯具及照明装置；发光标志、发光铭牌及类似品；活动房屋,115,以色列,264928.0
202001,94,第94章  家具；寝具、褥垫、弹簧床垫、软坐垫及类似的填充制品；未列名灯具及照明装置；发光标志、发光铭牌及类似品；活动房屋,134,斯里兰卡,284138.0
202001,94,第94章  家具；寝具、褥垫、弹簧床垫、软坐垫及类似的填充制品；未列名灯具及照明装置；发光标志、发光铭牌及类似品；活动房屋,201,阿尔及利亚,40.0
202001,94,第94章  家具；寝具、褥垫、弹簧床垫、软坐垫及类似的填充制品；未列名灯具及照明装置；发光标志、发光铭牌及类似品；活动房屋,215,埃及,47146.0
202001,94,第94章  家具；寝具、褥垫、弹簧床垫、软坐垫及类似的填充制品；未列名灯具及照明装置；发光标志、发光铭牌及类似品；活动房屋,232,摩洛哥,994.0
202001,94,第94章  家具；寝具、褥垫、弹簧床垫、软坐垫及类似的填充制品；未列名灯具及照明装置；发光标志、发光铭牌及类似品；活动房屋,253,赞比亚,100.0
202001,94,第94章  家具；寝具、褥垫、弹簧床垫、软坐垫及类似的填充制品；未列名灯具及照明装置；发光标志、发光铭牌及类似品；活动房屋,302,丹麦,1394927.0
202001,94,第94章  家具；寝具、褥垫、弹簧床垫、软坐垫及类似的填充制品；未列名灯具及照明装置；发光标志、发光铭牌及类似品；活动房屋,311,葡萄牙,1054568.0
202001,94,第94章  家具；寝具、褥垫、弹簧床垫、软坐垫及类似的填充制品；未列名灯具及照明装置；发光标志、发光铭牌及类似品；活动房屋,328,罗马尼亚,1516026.0
202001,94,第94章  家具；寝具、褥垫、弹簧床垫、软坐垫及类似的填充制品；未列名灯具及照明装置；发光标志、发光铭牌及类似品；活动房屋,329,圣马力诺,53495.0
202001,94,第94章  家具；寝具、褥垫、弹簧床垫、软坐垫及类似的填充制品；未列名灯具及照明装置；发光标志、发光铭牌及类似品；活动房屋,330,瑞典,2335027.0
202001,94,第94章  家具；寝具、褥垫、弹簧床垫、软坐垫及类似的填充制品；未列名灯具及照明装置；发光标志、发光铭牌及类似品；活动房屋,331,瑞士,545604.0
202001,94,第94章  家具；寝具、褥垫、弹簧床垫、软坐垫及类似的填充制品；未列名灯具及照明装置；发光标志、发光铭牌及类似品；活动房屋,334,爱沙尼亚,99347.0
202001,94,第94章  家具；寝具、褥垫、弹簧床垫、软坐垫及类似的填充制品；未列名灯具及照明装置；发光标志、发光铭牌及类似品；活动房屋,335,拉脱维亚,253476.0
202001,94,第94章  家具；寝具、褥垫、弹簧床垫、软坐垫及类似的填充制品；未列名灯具及照明装置；发光标志、发光铭牌及类似品；活动房屋,343,摩尔多瓦,120.0
202001,94,第94章  家具；寝具、褥垫、弹簧床垫、软坐垫及类似的填充制品；未列名灯具及照明装置；发光标志、发光铭牌及类似品；活动房屋,347,乌克兰,165025.0
202001,94,第94章  家具；寝具、褥垫、弹簧床垫、软坐垫及类似的填充制品；未列名灯具及照明装置；发光标志、发光铭牌及类似品；活动房屋,352,捷克,6311482.0
202001,94,第94章  家具；寝具、褥垫、弹簧床垫、软坐垫及类似的填充制品；未列名灯具及照明装置；发光标志、发光铭牌及类似品；活动房屋,353,斯洛伐克,2178171.0
202001,94,第94章  家具；寝具、褥垫、弹簧床垫、软坐垫及类似的填充制品；未列名灯具及照明装置；发光标志、发光铭牌及类似品；活动房屋,354,北马其顿,20.0
202001,94,第94章  家具；寝具、褥垫、弹簧床垫、软坐垫及类似的填充制品；未列名灯具及照明装置；发光标志、发光铭牌及类似品；活动房屋,355,波斯尼亚和黑塞哥维那,398443.0
202001,94,第94章  家具；寝具、褥垫、弹簧床垫、软坐垫及类似的填充制品；未列名灯具及照明装置；发光标志、发光铭牌及类似品；活动房屋,413,哥伦比亚,90670.0
202001,94,第94章  家具；寝具、褥垫、弹簧床垫、软坐垫及类似的填充制品；未列名灯具及照明装置；发光标志、发光铭牌及类似品；活动房屋,426,洪都拉斯,4628.0
202001,94,第94章  家具；寝具、褥垫、弹簧床垫、软坐垫及类似的填充制品；未列名灯具及照明装置；发光标志、发光铭牌及类似品；活动房屋,434,秘鲁,271.0
202001,94,第94章  家具；寝具、褥垫、弹簧床垫、软坐垫及类似的填充制品；未列名灯具及照明装置；发光标志、发光铭牌及类似品；活动房屋,609,新西兰,472873.0
202001,95,第95章  玩具、游戏品、运动用品及其零件、附件,103,孟加拉国,145565.0
202001,95,第95章  玩具、游戏品、运动用品及其零件、附件,106,缅甸,19070.0
202001,95,第95章  玩具、游戏品、运动用品及其零件、附件,107,柬埔寨,38619.0
202001,95,第95章  玩具、游戏品、运动用品及其零件、附件,115,以色列,8567.0
202001,95,第95章  玩具、游戏品、运动用品及其零件、附件,134,斯里兰卡,2702.0
202001,95,第95章  玩具、游戏品、运动用品及其零件、附件,302,丹麦,1447194.0
202001,95,第95章  玩具、游戏品、运动用品及其零件、附件,311,葡萄牙,21452.0
202001,95,第95章  玩具、游戏品、运动用品及其零件、附件,328,罗马尼亚,8091.0
202001,95,第95章  玩具、游戏品、运动用品及其零件、附件,330,瑞典,108607.0
202001,95,第95章  玩具、游戏品、运动用品及其零件、附件,331,瑞士,161054.0
202001,95,第95章  玩具、游戏品、运动用品及其零件、附件,334,爱沙尼亚,8981.0
202001,95,第95章  玩具、游戏品、运动用品及其零件、附件,335,拉脱维亚,15761.0
202001,95,第95章  玩具、游戏品、运动用品及其零件、附件,343,摩尔多瓦,803.0
202001,95,第95章  玩具、游戏品、运动用品及其零件、附件,347,乌克兰,14189.0
202001,95,第95章  玩具、游戏品、运动用品及其零件、附件,352,捷克,2201901.0
202001,95,第95章  玩具、游戏品、运动用品及其零件、附件,353,斯洛伐克,293215.0
202001,95,第95章  玩具、游戏品、运动用品及其零件、附件,355,波斯尼亚和黑塞哥维那,29050.0
202001,95,第95章  玩具、游戏品、运动用品及其零件、附件,402,阿根廷,3412.0
202001,95,第95章  玩具、游戏品、运动用品及其零件、附件,418,多米尼加 ,819.0
202001,95,第95章  玩具、游戏品、运动用品及其零件、附件,426,洪都拉斯,593.0
202001,95,第95章  玩具、游戏品、运动用品及其零件、附件,434,秘鲁,12965.0
202001,95,第95章  玩具、游戏品、运动用品及其零件、附件,504,百慕大,41.0
202001,95,第95章  玩具、游戏品、运动用品及其零件、附件,603,斐济,119.0
202001,95,第95章  玩具、游戏品、运动用品及其零件、附件,609,新西兰,120312.0
202001,96,第96章  杂项制品,101,阿富汗,15.0
202001,96,第96章  杂项制品,103,孟加拉国,3724.0
202001,96,第96章  杂项制品,106,缅甸,20671.0
202001,96,第96章  杂项制品,107,柬埔寨,12274.0
202001,96,第96章  杂项制品,115,以色列,10466.0
202001,96,第96章  杂项制品,121,中国澳门,154.0
202001,96,第96章  杂项制品,134,斯里兰卡,32913.0
202001,96,第96章  杂项制品,201,阿尔及利亚,15.0
202001,96,第96章  杂项制品,302,丹麦,240963.0
202001,96,第96章  杂项制品,311,葡萄牙,18511.0
202001,96,第96章  杂项制品,328,罗马尼亚,14006.0
202001,96,第96章  杂项制品,330,瑞典,50689.0
202001,96,第96章  杂项制品,331,瑞士,321760.0
202001,96,第96章  杂项制品,352,捷克,420015.0
202001,96,第96章  杂项制品,353,斯洛伐克,285457.0
202001,96,第96章  杂项制品,412,智利,555.0
202001,96,第96章  杂项制品,418,多米尼加 ,14.0
202001,96,第96章  杂项制品,419,厄瓜多尔,175862.0
202001,96,第96章  杂项制品,432,巴拿马,846.0
202001,96,第96章  杂项制品,449,博纳尔，圣俄斯塔休斯和萨巴 ,16.0
202001,96,第96章  杂项制品,609,新西兰,5968.0
202001,97,第97章  艺术品、收藏品及古物,101,阿富汗,1064.0
202001,97,第97章  艺术品、收藏品及古物,115,以色列,21020.0
202001,97,第97章  艺术品、收藏品及古物,117,约旦,216.0
202001,97,第97章  艺术品、收藏品及古物,121,中国澳门,1085613.0
202001,97,第97章  艺术品、收藏品及古物,144,东帝汶,294.0
202001,97,第97章  艺术品、收藏品及古物,232,摩洛哥,256547.0
202001,97,第97章  艺术品、收藏品及古物,247,坦桑尼亚,119.0
202001,97,第97章  艺术品、收藏品及古物,248,多哥,35.0
202001,97,第97章  艺术品、收藏品及古物,302,丹麦,3842.0
202001,97,第97章  艺术品、收藏品及古物,311,葡萄牙,60.0
202001,97,第97章  艺术品、收藏品及古物,325,摩纳哥,1050.0
202001,97,第97章  艺术品、收藏品及古物,330,瑞典,11154.0
202001,97,第97章  艺术品、收藏品及古物,331,瑞士,890637.0
202001,97,第97章  艺术品、收藏品及古物,347,乌克兰,5028.0
202001,97,第97章  艺术品、收藏品及古物,355,波斯尼亚和黑塞哥维那,6600.0
202001,97,第97章  艺术品、收藏品及古物,412,智利,90.0
202001,97,第97章  艺术品、收藏品及古物,413,哥伦比亚,672.0
202001,97,第97章  艺术品、收藏品及古物,434,秘鲁,1189.0
202001,98,第98章  特殊交易品及未分类商品,101,阿富汗,1220.0
202001,98,第98章  特殊交易品及未分类商品,103,孟加拉国,152937.0
202001,98,第98章  特殊交易品及未分类商品,105,文莱,2529.0
202001,98,第98章  特殊交易品及未分类商品,106,缅甸,143969334.0
202001,98,第98章  特殊交易品及未分类商品,107,柬埔寨,111996.0
202001,98,第98章  特殊交易品及未分类商品,114,伊拉克,5033.0
202001,98,第98章  特殊交易品及未分类商品,115,以色列,127933.0
202001,98,第98章  特殊交易品及未分类商品,117,约旦,13702.0
202001,98,第98章  特殊交易品及未分类商品,121,中国澳门,58230.0
202001,98,第98章  特殊交易品及未分类商品,130,卡塔尔,7473.0
202001,98,第98章  特殊交易品及未分类商品,131,沙特阿拉伯,57078.0
202001,98,第98章  特殊交易品及未分类商品,134,斯里兰卡,44380.0
202001,98,第98章  特殊交易品及未分类商品,144,东帝汶,850.0
202001,98,第98章  特殊交易品及未分类商品,146,吉尔吉斯斯坦,299275.0
202001,98,第98章  特殊交易品及未分类商品,201,阿尔及利亚,5731.0
202001,98,第98章  特殊交易品及未分类商品,214,吉布提,54.0
202001,98,第98章  特殊交易品及未分类商品,215,埃及,22451.0
202001,98,第98章  特殊交易品及未分类商品,226,利比亚,1021.0
202001,98,第98章  特殊交易品及未分类商品,228,马拉维,322.0
202001,98,第98章  特殊交易品及未分类商品,229,马里,625.0
202001,98,第98章  特殊交易品及未分类商品,232,摩洛哥,23440.0
202001,98,第98章  特殊交易品及未分类商品,236,尼日利亚,11905.0
202001,98,第98章  特殊交易品及未分类商品,238,卢旺达,761.0
202001,98,第98章  特殊交易品及未分类商品,246,苏丹,1128.0
202001,98,第98章  特殊交易品及未分类商品,247,坦桑尼亚,2478.0
202001,98,第98章  特殊交易品及未分类商品,248,多哥,2605.0
202001,98,第98章  特殊交易品及未分类商品,251,布基纳法索,304.0
202001,98,第98章  特殊交易品及未分类商品,253,赞比亚,1916.0
202001,98,第98章  特殊交易品及未分类商品,257,斯威士兰,289.0
202001,98,第98章  特殊交易品及未分类商品,302,丹麦,543515.0
202001,98,第98章  特殊交易品及未分类商品,308,卢森堡,7684.0
202001,98,第98章  特殊交易品及未分类商品,311,葡萄牙,453272.0
202001,98,第98章  特殊交易品及未分类商品,322,冰岛,4932.0
202001,98,第98章  特殊交易品及未分类商品,323,列支敦士登,678.0
202001,98,第98章  特殊交易品及未分类商品,325,摩纳哥,201.0
202001,98,第98章  特殊交易品及未分类商品,328,罗马尼亚,232932.0
202001,98,第98章  特殊交易品及未分类商品,329,圣马力诺,328.0
202001,98,第98章  特殊交易品及未分类商品,330,瑞典,405952.0
202001,98,第98章  特殊交易品及未分类商品,331,瑞士,226178.0
202001,98,第98章  特殊交易品及未分类商品,334,爱沙尼亚,23596.0
202001,98,第98章  特殊交易品及未分类商品,335,拉脱维亚,16191.0
202001,98,第98章  特殊交易品及未分类商品,343,摩尔多瓦,21833.0
202001,98,第98章  特殊交易品及未分类商品,347,乌克兰,30016.0
202001,98,第98章  特殊交易品及未分类商品,352,捷克,81983.0
202001,98,第98章  特殊交易品及未分类商品,353,斯洛伐克,36689.0
202001,98,第98章  特殊交易品及未分类商品,354,北马其顿,6503.0
202001,98,第98章  特殊交易品及未分类商品,355,波斯尼亚和黑塞哥维那,7769.0
202001,98,第98章  特殊交易品及未分类商品,402,阿根廷,24864.0
202001,98,第98章  特殊交易品及未分类商品,411,开曼群岛,138.0
202001,98,第98章  特殊交易品及未分类商品,412,智利,42049.0
202001,98,第98章  特殊交易品及未分类商品,413,哥伦比亚,30337.0
202001,98,第98章  特殊交易品及未分类商品,416,古巴,242.0
202001,98,第98章  特殊交易品及未分类商品,418,多米尼加 ,7835.0
202001,98,第98章  特殊交易品及未分类商品,419,厄瓜多尔,7129.0
202001,98,第98章  特殊交易品及未分类商品,423,危地马拉,7366.0
202001,98,第98章  特殊交易品及未分类商品,426,洪都拉斯,22910.0
202001,98,第98章  特殊交易品及未分类商品,432,巴拿马,4371.0
202001,98,第98章  特殊交易品及未分类商品,433,巴拉圭,2332.0
202001,98,第98章  特殊交易品及未分类商品,434,秘鲁,42898.0
202001,98,第98章  特殊交易品及未分类商品,439,圣文森特和格林纳丁斯 ,11.0
202001,98,第98章  特殊交易品及未分类商品,445,委内瑞拉,4608.0
202001,98,第98章  特殊交易品及未分类商品,447,圣基茨和尼维斯 ,152.0
202001,98,第98章  特殊交易品及未分类商品,504,百慕大,170.0
202001,98,第98章  特殊交易品及未分类商品,599,北美洲其他国家(地区) ,181.0
202001,98,第98章  特殊交易品及未分类商品,602,库克群岛,23.0
202001,98,第98章  特殊交易品及未分类商品,603,斐济,1126.0
202001,98,第98章  特殊交易品及未分类商品,609,新西兰,8318674.0
202001,98,第98章  特殊交易品及未分类商品,611,巴布亚新几内亚,536.0
202001,98,第98章  特殊交易品及未分类商品,613,所罗门群岛,41.0
202001,98,第98章  特殊交易品及未分类商品,622,帕劳,4.0
202001,98,第98章  特殊交易品及未分类商品,623,法属波利尼西亚,80.0
