Commodity code,Commodity,Trading partner code,Trading partner,US dollar
1,,124,Mongolia,24700.0
1,,129,Philippines,30329.0
1,,244,South Africa,417805.0
1,,301,Belgium,14329.0
1,,306,Ireland,731580.0
1,,309,Netherlands,489868.0
1,,315,Austria,97.0
1,,321,Hungary,162102.0
1,,327,Poland,2103562.0
1,,501,Canada,659953.0
2,,124,Mongolia,7868420.0
2,,244,South Africa,1494097.0
2,,301,Belgium,3210378.0
2,,305,France,22851357.0
2,,306,Ireland,10195649.0
2,,307,Italy,407857.0
2,,309,Netherlands,31147806.0
2,,312,Spain,59374139.0
2,,318,Finland,324499.0
2,,321,Hungary,4272764.0
2,,410,Brazil,175830250.0
2,,415,Costa Rica,1716368.0
2,,429,Mexico,569328.0
2,,444,Uruguay,73799578.0
2,,501,Canada,50772704.0
3,,123,Maldives,225735.0
3,,127,Pakistan,4703264.0
3,,129,Philippines,3895841.0
3,,137,Türkiye,732218.0
3,,220,Ghana,123016.0
3,,224,Kenya,193474.0
3,,227,Madagascar,1475899.0
3,,233,Mozambique,2299935.0
3,,244,South Africa,3769560.0
3,,250,Uganda,94784.0
3,,305,France,4092030.0
3,,306,Ireland,7211336.0
3,,309,Netherlands,1853843.0
3,,312,Spain,1004833.0
3,,326,Norway,78625866.0
3,,327,Poland,421475.0
3,,336,Lithuania,178801.0
3,,357,Faroe Islands,6524713.0
3,,410,Brazil,971229.0
3,,429,Mexico,6789386.0
3,,444,Uruguay,1065786.0
3,,501,Canada,77907103.0
3,,503,Greenland,18891616.0
4,,137,Türkiye,13046.0
4,,301,Belgium,3346889.0
4,,305,France,40903558.0
4,,306,Ireland,4977919.0
4,,307,Italy,3153920.0
4,,309,Netherlands,13945967.0
4,,310,Greece,70336.0
4,,312,Spain,1953239.0
4,,315,Austria,2077217.0
4,,318,Finland,2704937.0
4,,327,Poland,7877418.0
4,,336,Lithuania,962184.0
4,,340,Belarus,633371.0
4,,350,Slovenia,102349.0
4,,410,Brazil,629159.0
4,,444,Uruguay,1253957.0
4,,501,Canada,233223.0
5,,124,Mongolia,121849.0
5,,127,Pakistan,245123.0
5,,129,Philippines,79321.0
5,,224,Kenya,42693.0
5,,244,South Africa,91615.0
5,,250,Uganda,15031.0
5,,301,Belgium,122632.0
5,,305,France,1407599.0
5,,306,Ireland,165309.0
5,,307,Italy,214889.0
5,,309,Netherlands,3885831.0
5,,312,Spain,5589196.0
5,,315,Austria,61414.0
5,,318,Finland,42695.0
5,,321,Hungary,59823.0
5,,326,Norway,104333.0
5,,327,Poland,340415.0
5,,404,Bahamas,4766.0
5,,429,Mexico,40822.0
5,,501,Canada,2186460.0
6,,109,Democratic People's Republic of Korea,12348.0
6,,224,Kenya,651883.0
6,,244,South Africa,268799.0
6,,250,Uganda,183276.0
6,,254,Zimbabwe,10466.0
6,,301,Belgium,56126.0
6,,305,France,155656.0
6,,306,Ireland,2791.0
6,,307,Italy,893658.0
6,,309,Netherlands,8051671.0
6,,312,Spain,496358.0
6,,327,Poland,237717.0
6,,410,Brazil,72332.0
6,,415,Costa Rica,79461.0
6,,444,Uruguay,94668.0
7,,109,Democratic People's Republic of Korea,4754371.0
7,,127,Pakistan,1098277.0
7,,137,Türkiye,33390.0
7,,301,Belgium,10922.0
7,,305,France,5658761.0
7,,307,Italy,430.0
7,,312,Spain,6980.0
7,,327,Poland,73461.0
7,,429,Mexico,81807.0
7,,501,Canada,41400303.0
8,,108,Cyprus,124235.0
8,,109,Democratic People's Republic of Korea,4313828.0
8,,124,Mongolia,10031570.0
8,,127,Pakistan,499177.0
8,,129,Philippines,52877331.0
8,,137,Türkiye,3950812.0
8,,138,United Arab Emirates,148143.0
8,,224,Kenya,108575.0
8,,244,South Africa,2880411.0
8,,301,Belgium,840198.0
8,,305,France,1498985.0
8,,307,Italy,3673220.0
8,,309,Netherlands,313833.0
8,,310,Greece,1453490.0
8,,312,Spain,3222954.0
8,,321,Hungary,40897.0
8,,327,Poland,856078.0
8,,340,Belarus,1077.0
8,,415,Costa Rica,518704.0
8,,429,Mexico,3861602.0
8,,501,Canada,2386850.0
9,,109,Democratic People's Republic of Korea,249.0
9,,137,Türkiye,82133.0
9,,138,United Arab Emirates,54335.0
9,,224,Kenya,584119.0
9,,227,Madagascar,12934.0
9,,250,Uganda,229852.0
9,,301,Belgium,37098.0
9,,305,France,106260.0
9,,307,Italy,3351288.0
9,,309,Netherlands,26584.0
9,,312,Spain,255354.0
9,,313,Albania,79167.0
9,,315,Austria,27165.0
9,,327,Poland,311120.0
9,,410,Brazil,713463.0
9,,415,Costa Rica,6011.0
9,,427,Jamaica,11250.0
9,,431,Nicaragua,748.0
9,,501,Canada,27400.0
10,,127,Pakistan,14224887.0
10,,305,France,2318.0
10,,307,Italy,1724.0
10,,501,Canada,104624157.0
11,,109,Democratic People's Republic of Korea,426323.0
11,,137,Türkiye,595420.0
11,,301,Belgium,884987.0
11,,305,France,467387.0
11,,307,Italy,46906.0
11,,309,Netherlands,2304222.0
11,,318,Finland,10953.0
11,,327,Poland,275481.0
11,,336,Lithuania,18600.0
11,,410,Brazil,212898.0
11,,429,Mexico,352801.0
11,,501,Canada,156956.0
12,,109,Democratic People's Republic of Korea,1090766.0
12,,124,Mongolia,6187650.0
12,,127,Pakistan,440031.0
12,,129,Philippines,687142.0
12,,137,Türkiye,18967.0
12,,220,Ghana,48320.0
12,,224,Kenya,16802.0
12,,227,Madagascar,25476.0
12,,233,Mozambique,939206.0
12,,235,Niger,37219322.0
12,,244,South Africa,176963.0
12,,250,Uganda,726106.0
12,,301,Belgium,2899088.0
12,,305,France,825360.0
12,,306,Ireland,24502.0
12,,307,Italy,1852336.0
12,,309,Netherlands,106879.0
12,,312,Spain,1592653.0
12,,313,Albania,32097.0
12,,315,Austria,7329.0
12,,316,Bulgaria,36297.0
12,,321,Hungary,7.0
12,,327,Poland,448286.0
12,,336,Lithuania,65142.0
12,,350,Slovenia,913034.0
12,,410,Brazil,867600018.0
12,,415,Costa Rica,93.0
12,,429,Mexico,88750.0
12,,444,Uruguay,39304392.0
12,,501,Canada,316998181.0
13,,127,Pakistan,663717.0
13,,129,Philippines,431364.0
13,,137,Türkiye,56170.0
13,,138,United Arab Emirates,1260000.0
13,,211,Chad,13435.0
13,,224,Kenya,649564.0
13,,227,Madagascar,240490.0
13,,301,Belgium,35478.0
13,,305,France,2291364.0
13,,307,Italy,2033815.0
13,,309,Netherlands,23149.0
13,,312,Spain,548810.0
13,,315,Austria,1075.0
13,,318,Finland,5240.0
13,,326,Norway,24400.0
13,,410,Brazil,804927.0
13,,429,Mexico,532118.0
13,,501,Canada,10221.0
14,,109,Democratic People's Republic of Korea,540.0
14,,127,Pakistan,182437.0
14,,129,Philippines,386903.0
14,,137,Türkiye,486232.0
14,,227,Madagascar,178116.0
14,,312,Spain,16877.0
14,,318,Finland,71033.0
14,,410,Brazil,191252.0
14,,429,Mexico,244645.0
14,,501,Canada,183239.0
15,,124,Mongolia,18022.0
15,,129,Philippines,7929458.0
15,,137,Türkiye,1844154.0
15,,227,Madagascar,1766.0
15,,244,South Africa,50699.0
15,,301,Belgium,834498.0
15,,305,France,2217128.0
15,,306,Ireland,54296.0
15,,307,Italy,3335784.0
15,,309,Netherlands,573224.0
15,,310,Greece,937429.0
15,,312,Spain,30077559.0
15,,315,Austria,2047.0
15,,316,Bulgaria,202257.0
15,,326,Norway,558117.0
15,,327,Poland,61932.0
15,,340,Belarus,21063.0
15,,350,Slovenia,78471.0
15,,410,Brazil,11063579.0
15,,429,Mexico,22153.0
15,,431,Nicaragua,235.0
15,,444,Uruguay,202427.0
15,,501,Canada,78803612.0
16,,124,Mongolia,3061648.0
16,,129,Philippines,326869.0
16,,137,Türkiye,84777.0
16,,305,France,47196.0
16,,306,Ireland,55200.0
16,,307,Italy,41952.0
16,,312,Spain,588279.0
16,,316,Bulgaria,226381.0
16,,327,Poland,2239.0
16,,501,Canada,757809.0
17,,127,Pakistan,257270.0
17,,129,Philippines,97799.0
17,,137,Türkiye,70069.0
17,,138,United Arab Emirates,1914350.0
17,,301,Belgium,900027.0
17,,305,France,794745.0
17,,306,Ireland,43927.0
17,,307,Italy,292490.0
17,,309,Netherlands,1014817.0
17,,310,Greece,19354.0
17,,312,Spain,308053.0
17,,315,Austria,95962.0
17,,316,Bulgaria,13359.0
17,,321,Hungary,43870.0
17,,327,Poland,237410.0
17,,340,Belarus,11363.0
17,,501,Canada,519090.0
18,,129,Philippines,47154.0
18,,137,Türkiye,211014.0
18,,138,United Arab Emirates,33004.0
18,,220,Ghana,1366894.0
18,,301,Belgium,6368178.0
18,,305,France,1954480.0
18,,306,Ireland,13874.0
18,,307,Italy,11075460.0
18,,309,Netherlands,1480890.0
18,,310,Greece,30761.0
18,,312,Spain,573874.0
18,,315,Austria,723360.0
18,,316,Bulgaria,15234.0
18,,318,Finland,26586.0
18,,321,Hungary,19948.0
18,,327,Poland,159332.0
18,,340,Belarus,67450.0
18,,350,Slovenia,9655.0
18,,429,Mexico,16106.0
18,,501,Canada,161154.0
19,,129,Philippines,1531798.0
19,,137,Türkiye,554663.0
19,,138,United Arab Emirates,73035.0
19,,244,South Africa,25791.0
19,,301,Belgium,938710.0
19,,305,France,16842127.0
19,,306,Ireland,46895388.0
19,,307,Italy,3768092.0
19,,309,Netherlands,106106833.0
19,,310,Greece,92348.0
19,,312,Spain,3309152.0
19,,315,Austria,3194336.0
19,,316,Bulgaria,58197.0
19,,318,Finland,7396.0
19,,321,Hungary,54146.0
19,,326,Norway,16187.0
19,,327,Poland,910641.0
19,,336,Lithuania,117516.0
19,,340,Belarus,37637.0
19,,410,Brazil,16813.0
19,,429,Mexico,136877.0
19,,501,Canada,145466.0
20,,108,Cyprus,1145550.0
20,,127,Pakistan,4032109.0
20,,129,Philippines,3453354.0
20,,137,Türkiye,6509589.0
20,,138,United Arab Emirates,3346.0
20,,244,South Africa,1426433.0
20,,301,Belgium,3966951.0
20,,305,France,1926134.0
20,,307,Italy,2294682.0
20,,309,Netherlands,3764965.0
20,,310,Greece,59248.0
20,,312,Spain,2031735.0
20,,315,Austria,325264.0
20,,316,Bulgaria,43808.0
20,,318,Finland,2026.0
20,,321,Hungary,21138.0
20,,327,Poland,217564.0
20,,350,Slovenia,1350.0
20,,410,Brazil,13235609.0
20,,415,Costa Rica,76750.0
20,,429,Mexico,260956.0
20,,501,Canada,1288743.0
20,,617,Samoa,24018.0
21,,124,Mongolia,36660.0
21,,129,Philippines,555056.0
21,,137,Türkiye,77022.0
21,,138,United Arab Emirates,1427.0
21,,224,Kenya,265200.0
21,,244,South Africa,100368.0
21,,301,Belgium,1196193.0
21,,305,France,6221054.0
21,,306,Ireland,13232.0
21,,307,Italy,4649891.0
21,,309,Netherlands,7315627.0
21,,310,Greece,649.0
21,,312,Spain,371765.0
21,,315,Austria,45620.0
21,,316,Bulgaria,50481.0
21,,318,Finland,24902.0
21,,321,Hungary,72959.0
21,,326,Norway,88333.0
21,,327,Poland,525041.0
21,,340,Belarus,55.0
21,,410,Brazil,405781.0
21,,427,Jamaica,5521.0
21,,429,Mexico,70717.0
21,,435,Puerto Rico,591563.0
21,,501,Canada,3090637.0
22,,108,Cyprus,223137.0
22,,109,Democratic People's Republic of Korea,8064.0
22,,124,Mongolia,4596.0
22,,127,Pakistan,16660947.0
22,,129,Philippines,35700.0
22,,137,Türkiye,35422.0
22,,138,United Arab Emirates,30021.0
22,,244,South Africa,6698480.0
22,,301,Belgium,6580265.0
22,,305,France,254359933.0
22,,306,Ireland,837522.0
22,,307,Italy,27824955.0
22,,309,Netherlands,3048187.0
22,,310,Greece,259993.0
22,,312,Spain,27534372.0
22,,315,Austria,1011967.0
22,,316,Bulgaria,198222.0
22,,318,Finland,44449.0
22,,321,Hungary,597408.0
22,,326,Norway,185931.0
22,,327,Poland,373700.0
22,,336,Lithuania,40418.0
22,,339,Azerbai jan,23703.0
22,,340,Belarus,42086.0
22,,350,Slovenia,121372.0
22,,359,Montenegro,338649.0
22,,404,Bahamas,1254.0
22,,405,Barbados,2659.0
22,,410,Brazil,44947.0
22,,427,Jamaica,2400.0
22,,429,Mexico,18215102.0
22,,431,Nicaragua,70889.0
22,,435,Puerto Rico,249955.0
22,,442,Trinidad and Tobago,1616.0
22,,444,Uruguay,2680.0
22,,501,Canada,1662622.0
23,,109,Democratic People's Republic of Korea,104352.0
23,,127,Pakistan,5247448.0
23,,137,Türkiye,75.0
23,,203,Benin,46442.0
23,,301,Belgium,1638636.0
23,,305,France,2408898.0
23,,306,Ireland,327826.0
23,,307,Italy,534059.0
23,,309,Netherlands,4556378.0
23,,312,Spain,919455.0
23,,315,Austria,23100.0
23,,316,Bulgaria,45000.0
23,,321,Hungary,63000.0
23,,327,Poland,26400.0
23,,336,Lithuania,456000.0
23,,350,Slovenia,59429.0
23,,410,Brazil,1072984.0
23,,429,Mexico,7954626.0
23,,444,Uruguay,1761529.0
23,,501,Canada,44742410.0
24,,109,Democratic People's Republic of Korea,154362.0
24,,129,Philippines,2177.0
24,,138,United Arab Emirates,1020294.0
24,,254,Zimbabwe,1873332.0
24,,301,Belgium,25641.0
24,,309,Netherlands,19606.0
24,,310,Greece,200618.0
24,,327,Poland,404496.0
24,,410,Brazil,96745649.0
24,,431,Nicaragua,627.0
25,,109,Democratic People's Republic of Korea,10070444.0
25,,118,Kuwait,9806346.0
25,,124,Mongolia,3179447.0
25,,127,Pakistan,4526752.0
25,,129,Philippines,1235847.0
25,,137,Türkiye,108898240.0
25,,138,United Arab Emirates,33853993.0
25,,147,Tajikistan,900.0
25,,224,Kenya,3695.0
25,,227,Madagascar,2696657.0
25,,233,Mozambique,91876.0
25,,244,South Africa,5262948.0
25,,250,Uganda,212.0
25,,252,Democratic Republic of Congo,21527.0
25,,254,Zimbabwe,705359.0
25,,301,Belgium,377308.0
25,,305,France,5223066.0
25,,307,Italy,15970943.0
25,,309,Netherlands,1393537.0
25,,310,Greece,16466972.0
25,,312,Spain,6239412.0
25,,313,Albania,83326.0
25,,315,Austria,435931.0
25,,316,Bulgaria,4506706.0
25,,318,Finland,1822559.0
25,,321,Hungary,10023.0
25,,326,Norway,3925529.0
25,,327,Poland,6430.0
25,,336,Lithuania,4195.0
25,,340,Belarus,91.0
25,,350,Slovenia,45331.0
25,,408,Bolivia,1006379.0
25,,410,Brazil,18671272.0
25,,429,Mexico,4033595.0
25,,444,Uruguay,4016.0
25,,501,Canada,4680515.0
26,,109,Democratic People's Republic of Korea,2102779.0
26,,124,Mongolia,180043412.0
26,,127,Pakistan,15088911.0
26,,129,Philippines,47255284.0
26,,137,Türkiye,44070826.0
26,,138,United Arab Emirates,22449937.0
26,,147,Tajikistan,9025410.0
26,,213,Congo,299405.0
26,,220,Ghana,43780658.0
26,,224,Kenya,8867893.0
26,,227,Madagascar,3150484.0
26,,233,Mozambique,27871672.0
26,,244,South Africa,768275050.0
26,,250,Uganda,132431.0
26,,252,Democratic Republic of Congo,74980687.0
26,,254,Zimbabwe,14821817.0
26,,258,Eritrea,47658480.0
26,,301,Belgium,226722.0
26,,305,France,60335.0
26,,307,Italy,1560.0
26,,309,Netherlands,240606.0
26,,310,Greece,2058319.0
26,,312,Spain,61855920.0
26,,313,Albania,10085102.0
26,,316,Bulgaria,7110420.0
26,,327,Poland,2366036.0
26,,359,Montenegro,5568631.0
26,,408,Bolivia,22001559.0
26,,410,Brazil,1601622634.0
26,,427,Jamaica,6127260.0
26,,429,Mexico,307596654.0
26,,501,Canada,235697646.0
27,,109,Democratic People's Republic of Korea,725456.0
27,,118,Kuwait,812764401.0
27,,124,Mongolia,157176501.0
27,,129,Philippines,45051030.0
27,,137,Türkiye,48538.0
27,,138,United Arab Emirates,812939376.0
27,,213,Congo,542323437.0
27,,220,Ghana,66614567.0
27,,235,Niger,175.0
27,,244,South Africa,123547866.0
27,,301,Belgium,33647792.0
27,,305,France,43359466.0
27,,306,Ireland,7298.0
27,,307,Italy,3769109.0
27,,309,Netherlands,288446312.0
27,,310,Greece,10437.0
27,,312,Spain,2940814.0
27,,315,Austria,27473.0
27,,318,Finland,411146.0
27,,321,Hungary,64162.0
27,,326,Norway,122170417.0
27,,327,Poland,46659.0
27,,336,Lithuania,1575883.0
27,,410,Brazil,1260211989.0
27,,429,Mexico,25803062.0
27,,442,Trinidad and Tobago,62837048.0
27,,501,Canada,18688833.0
28,,109,Democratic People's Republic of Korea,298627.0
28,,127,Pakistan,176.0
28,,129,Philippines,3482105.0
28,,137,Türkiye,24286958.0
28,,138,United Arab Emirates,1498240.0
28,,244,South Africa,1146297.0
28,,301,Belgium,6001566.0
28,,305,France,5412655.0
28,,306,Ireland,238517.0
28,,307,Italy,2593914.0
28,,309,Netherlands,1533208.0
28,,312,Spain,845211.0
28,,315,Austria,1569871.0
28,,318,Finland,16467574.0
28,,321,Hungary,298306.0
28,,326,Norway,2827538.0
28,,327,Poland,699899.0
28,,336,Lithuania,11599.0
28,,340,Belarus,50241.0
28,,350,Slovenia,55693.0
28,,408,Bolivia,383008.0
28,,410,Brazil,208830.0
28,,429,Mexico,1137828.0
28,,435,Puerto Rico,5317.0
28,,442,Trinidad and Tobago,8528302.0
28,,501,Canada,6761149.0
29,,118,Kuwait,70477470.0
29,,129,Philippines,18799322.0
29,,137,Türkiye,11228928.0
29,,138,United Arab Emirates,59017425.0
29,,224,Kenya,9.0
29,,244,South Africa,4438614.0
29,,301,Belgium,57263990.0
29,,305,France,82525203.0
29,,306,Ireland,206701655.0
29,,307,Italy,23371424.0
29,,309,Netherlands,41950778.0
29,,310,Greece,198.0
29,,312,Spain,7514580.0
29,,315,Austria,1458733.0
29,,316,Bulgaria,207665.0
29,,318,Finland,24455354.0
29,,321,Hungary,4406149.0
29,,326,Norway,41880732.0
29,,327,Poland,1318644.0
29,,336,Lithuania,64691.0
29,,339,Azerbai jan,273187.0
29,,350,Slovenia,56499.0
29,,410,Brazil,24229036.0
29,,415,Costa Rica,141.0
29,,429,Mexico,1583317.0
29,,435,Puerto Rico,68276.0
29,,442,Trinidad and Tobago,827.0
29,,501,Canada,102071299.0
30,,108,Cyprus,2776024.0
30,,129,Philippines,145.0
30,,137,Türkiye,8000.0
30,,244,South Africa,2350009.0
30,,301,Belgium,25664923.0
30,,305,France,145120190.0
30,,306,Ireland,94124758.0
30,,307,Italy,141503398.0
30,,309,Netherlands,28353156.0
30,,310,Greece,13897472.0
30,,312,Spain,66055347.0
30,,315,Austria,30913140.0
30,,316,Bulgaria,187736.0
30,,318,Finland,16783276.0
30,,321,Hungary,12063536.0
30,,326,Norway,782936.0
30,,327,Poland,5499262.0
30,,336,Lithuania,123103.0
30,,350,Slovenia,4917522.0
30,,410,Brazil,520080.0
30,,415,Costa Rica,6721.0
30,,429,Mexico,307479.0
30,,435,Puerto Rico,50354330.0
30,,444,Uruguay,104140.0
30,,501,Canada,27090781.0
31,,109,Democratic People's Republic of Korea,139500.0
31,,137,Türkiye,86510.0
31,,138,United Arab Emirates,225616.0
31,,244,South Africa,302609.0
31,,301,Belgium,8699057.0
31,,305,France,265993.0
31,,307,Italy,1297479.0
31,,309,Netherlands,1099167.0
31,,312,Spain,932126.0
31,,318,Finland,1101116.0
31,,326,Norway,26696515.0
31,,327,Poland,62321.0
31,,340,Belarus,41373974.0
31,,429,Mexico,23765.0
31,,501,Canada,69116229.0
32,,127,Pakistan,47621.0
32,,129,Philippines,40568.0
32,,137,Türkiye,3633526.0
32,,138,United Arab Emirates,25981.0
32,,244,South Africa,921717.0
32,,301,Belgium,3187142.0
32,,305,France,8464937.0
32,,306,Ireland,112926.0
32,,307,Italy,13860470.0
32,,309,Netherlands,6557898.0
32,,310,Greece,298074.0
32,,312,Spain,10111735.0
32,,315,Austria,1311820.0
32,,318,Finland,688667.0
32,,321,Hungary,6326.0
32,,326,Norway,398833.0
32,,327,Poland,319435.0
32,,336,Lithuania,764.0
32,,350,Slovenia,21804.0
32,,410,Brazil,649715.0
32,,429,Mexico,5037401.0
32,,435,Puerto Rico,139342.0
32,,501,Canada,350342.0
33,,129,Philippines,428695.0
33,,137,Türkiye,124355.0
33,,138,United Arab Emirates,105317.0
33,,220,Ghana,25455.0
33,,224,Kenya,1011.0
33,,227,Madagascar,352299.0
33,,244,South Africa,134553.0
33,,301,Belgium,11533325.0
33,,305,France,185469104.0
33,,306,Ireland,1650416.0
33,,307,Italy,16877989.0
33,,309,Netherlands,2764035.0
33,,310,Greece,302923.0
33,,312,Spain,8833756.0
33,,315,Austria,138239.0
33,,316,Bulgaria,207063.0
33,,321,Hungary,189250.0
33,,326,Norway,761.0
33,,327,Poland,3332119.0
33,,350,Slovenia,141063.0
33,,410,Brazil,1962022.0
33,,427,Jamaica,6209.0
33,,429,Mexico,228904.0
33,,501,Canada,7157563.0
34,,127,Pakistan,38328.0
34,,129,Philippines,555638.0
34,,137,Türkiye,210896.0
34,,138,United Arab Emirates,135026.0
34,,220,Ghana,13283.0
34,,244,South Africa,228674.0
34,,301,Belgium,3353190.0
34,,305,France,17076566.0
34,,306,Ireland,2173394.0
34,,307,Italy,7912749.0
34,,309,Netherlands,5561388.0
34,,310,Greece,37570.0
34,,312,Spain,3492754.0
34,,315,Austria,1285409.0
34,,316,Bulgaria,7881.0
34,,318,Finland,74408.0
34,,321,Hungary,30704.0
34,,326,Norway,289968.0
34,,327,Poland,1381903.0
34,,336,Lithuania,69066.0
34,,340,Belarus,6901.0
34,,350,Slovenia,16626.0
34,,410,Brazil,543875.0
34,,429,Mexico,152455.0
34,,444,Uruguay,189.0
34,,501,Canada,1224764.0
35,,124,Mongolia,534077.0
35,,127,Pakistan,188.0
35,,137,Türkiye,2401.0
35,,138,United Arab Emirates,27.0
35,,213,Congo,749.0
35,,244,South Africa,72333.0
35,,301,Belgium,1594938.0
35,,305,France,8256541.0
35,,306,Ireland,861092.0
35,,307,Italy,5029998.0
35,,309,Netherlands,8779403.0
35,,310,Greece,758.0
35,,312,Spain,315201.0
35,,315,Austria,2163458.0
35,,316,Bulgaria,142660.0
35,,318,Finland,2134825.0
35,,321,Hungary,5802.0
35,,326,Norway,81875.0
35,,327,Poland,13573.0
35,,336,Lithuania,445338.0
35,,350,Slovenia,1265.0
35,,410,Brazil,456074.0
35,,429,Mexico,154343.0
35,,435,Puerto Rico,32753.0
35,,501,Canada,1199408.0
36,,305,France,31015.0
36,,315,Austria,1778.0
36,,501,Canada,43684.0
37,,118,Kuwait,10808.0
37,,301,Belgium,7111068.0
37,,305,France,10609.0
37,,306,Ireland,46282.0
37,,307,Italy,10435.0
37,,309,Netherlands,547339.0
37,,312,Spain,46206.0
37,,318,Finland,18523.0
37,,429,Mexico,1144015.0
37,,501,Canada,187.0
38,,109,Democratic People's Republic of Korea,66765.0
38,,118,Kuwait,38639.0
38,,127,Pakistan,530045.0
38,,129,Philippines,4382620.0
38,,137,Türkiye,2253036.0
38,,138,United Arab Emirates,182197.0
38,,244,South Africa,3917310.0
38,,250,Uganda,1.0
38,,252,Democratic Republic of Congo,1762.0
38,,301,Belgium,50585223.0
38,,305,France,38207089.0
38,,306,Ireland,2452731.0
38,,307,Italy,29891815.0
38,,309,Netherlands,14647013.0
38,,310,Greece,283999.0
38,,312,Spain,10403325.0
38,,315,Austria,3779505.0
38,,316,Bulgaria,116736.0
38,,318,Finland,7745984.0
38,,321,Hungary,439475.0
38,,326,Norway,2569436.0
38,,327,Poland,1495438.0
38,,336,Lithuania,1311220.0
38,,340,Belarus,33567.0
38,,350,Slovenia,213305.0
38,,410,Brazil,1939774.0
38,,415,Costa Rica,18410.0
38,,429,Mexico,2299602.0
38,,435,Puerto Rico,660393.0
38,,501,Canada,7155192.0
39,,109,Democratic People's Republic of Korea,44129.0
39,,118,Kuwait,49371891.0
39,,124,Mongolia,33000.0
39,,127,Pakistan,230087.0
39,,129,Philippines,8620782.0
39,,137,Türkiye,3354816.0
39,,138,United Arab Emirates,236865914.0
39,,220,Ghana,238193.0
39,,224,Kenya,490.0
39,,244,South Africa,3720984.0
39,,250,Uganda,15.0
39,,301,Belgium,87047813.0
39,,305,France,61116386.0
39,,306,Ireland,2529515.0
39,,307,Italy,54084615.0
39,,309,Netherlands,79109071.0
39,,310,Greece,624019.0
39,,312,Spain,29489285.0
39,,315,Austria,19407627.0
39,,316,Bulgaria,367457.0
39,,318,Finland,7627912.0
39,,321,Hungary,3400713.0
39,,326,Norway,3126438.0
39,,327,Poland,7953714.0
39,,336,Lithuania,152938.0
39,,339,Azerbai jan,584100.0
39,,340,Belarus,4815197.0
39,,350,Slovenia,2701417.0
39,,410,Brazil,11027329.0
39,,415,Costa Rica,300514.0
39,,429,Mexico,19682056.0
39,,435,Puerto Rico,3216.0
39,,501,Canada,34218094.0
40,,118,Kuwait,642.0
40,,127,Pakistan,3753.0
40,,129,Philippines,1881516.0
40,,137,Türkiye,3743154.0
40,,138,United Arab Emirates,33378.0
40,,235,Niger,16.0
40,,244,South Africa,59388.0
40,,301,Belgium,13900776.0
40,,305,France,27403248.0
40,,306,Ireland,399975.0
40,,307,Italy,19473507.0
40,,309,Netherlands,5144927.0
40,,310,Greece,3760.0
40,,312,Spain,7002878.0
40,,315,Austria,2094787.0
40,,316,Bulgaria,256207.0
40,,318,Finland,731204.0
40,,321,Hungary,4602989.0
40,,326,Norway,180818.0
40,,327,Poland,12058089.0
40,,336,Lithuania,7343.0
40,,340,Belarus,37.0
40,,350,Slovenia,1009612.0
40,,410,Brazil,4277577.0
40,,415,Costa Rica,99957.0
40,,429,Mexico,7518156.0
40,,444,Uruguay,99.0
40,,446,British Virgin Islands,197.0
40,,501,Canada,5691846.0
40,,617,Samoa,6145.0
41,,124,Mongolia,529371.0
41,,127,Pakistan,4957657.0
41,,129,Philippines,20719.0
41,,137,Türkiye,622909.0
41,,147,Tajikistan,402642.0
41,,224,Kenya,2516145.0
41,,244,South Africa,4457167.0
41,,250,Uganda,2695128.0
41,,254,Zimbabwe,51510.0
41,,301,Belgium,1077393.0
41,,305,France,2874815.0
41,,306,Ireland,4974870.0
41,,307,Italy,39155171.0
41,,309,Netherlands,9606521.0
41,,310,Greece,83780.0
41,,312,Spain,4434301.0
41,,315,Austria,2416033.0
41,,318,Finland,181469.0
41,,321,Hungary,239725.0
41,,326,Norway,180150.0
41,,327,Poland,455868.0
41,,340,Belarus,38736.0
41,,350,Slovenia,57745.0
41,,410,Brazil,50654671.0
41,,415,Costa Rica,2249563.0
41,,429,Mexico,10278659.0
41,,444,Uruguay,4822371.0
41,,501,Canada,13250786.0
42,,109,Democratic People's Republic of Korea,152252.0
42,,127,Pakistan,419088.0
42,,129,Philippines,7568006.0
42,,137,Türkiye,1852629.0
42,,138,United Arab Emirates,13.0
42,,224,Kenya,172.0
42,,301,Belgium,93257.0
42,,305,France,66525893.0
42,,306,Ireland,47.0
42,,307,Italy,116021529.0
42,,309,Netherlands,232333.0
42,,310,Greece,26.0
42,,312,Spain,16183566.0
42,,313,Albania,70824.0
42,,315,Austria,374448.0
42,,316,Bulgaria,896571.0
42,,318,Finland,6568.0
42,,321,Hungary,932665.0
42,,326,Norway,2031.0
42,,327,Poland,220392.0
42,,336,Lithuania,1694.0
42,,350,Slovenia,17754.0
42,,410,Brazil,74956.0
42,,415,Costa Rica,2.0
42,,429,Mexico,103376.0
42,,501,Canada,659498.0
43,,127,Pakistan,4840.0
43,,137,Türkiye,429580.0
43,,244,South Africa,12564.0
43,,301,Belgium,37666.0
43,,305,France,389552.0
43,,307,Italy,1455632.0
43,,310,Greece,40281.0
43,,312,Spain,1336862.0
43,,318,Finland,1251712.0
43,,321,Hungary,12005.0
43,,327,Poland,4074.0
43,,410,Brazil,211960.0
43,,501,Canada,485128.0
44,,109,Democratic People's Republic of Korea,2405718.0
44,,127,Pakistan,10681.0
44,,129,Philippines,5295575.0
44,,137,Türkiye,172044.0
44,,138,United Arab Emirates,30262.0
44,,203,Benin,3359612.0
44,,209,Central African Republic,926243.0
44,,213,Congo,15284558.0
44,,219,Gambia,3685557.0
44,,220,Ghana,13067427.0
44,,224,Kenya,14890.0
44,,227,Madagascar,109747.0
44,,233,Mozambique,31477061.0
44,,244,South Africa,1692602.0
44,,252,Democratic Republic of Congo,1254773.0
44,,301,Belgium,8087053.0
44,,305,France,22873987.0
44,,307,Italy,5982271.0
44,,309,Netherlands,500489.0
44,,312,Spain,2506256.0
44,,315,Austria,7247257.0
44,,316,Bulgaria,1148847.0
44,,318,Finland,49387771.0
44,,321,Hungary,919029.0
44,,326,Norway,523745.0
44,,327,Poland,4529992.0
44,,336,Lithuania,3722051.0
44,,340,Belarus,3184821.0
44,,350,Slovenia,771277.0
44,,359,Montenegro,79764.0
44,,406,Belize,21355.0
44,,408,Bolivia,1938571.0
44,,410,Brazil,20112240.0
44,,415,Costa Rica,1983215.0
44,,429,Mexico,826157.0
44,,431,Nicaragua,514620.0
44,,442,Trinidad and Tobago,13028.0
44,,444,Uruguay,21434213.0
44,,501,Canada,130888519.0
45,,129,Philippines,11775.0
45,,305,France,239942.0
45,,307,Italy,1917219.0
45,,312,Spain,470151.0
45,,340,Belarus,1343.0
46,,109,Democratic People's Republic of Korea,48676.0
46,,127,Pakistan,1063.0
46,,129,Philippines,13008.0
46,,305,France,129486.0
46,,307,Italy,11354.0
46,,309,Netherlands,1.0
46,,312,Spain,4717.0
46,,429,Mexico,88.0
47,,129,Philippines,1012332.0
47,,138,United Arab Emirates,673444.0
47,,244,South Africa,23847903.0
47,,301,Belgium,2595679.0
47,,305,France,5984537.0
47,,306,Ireland,645520.0
47,,307,Italy,11498871.0
47,,309,Netherlands,9872994.0
47,,310,Greece,676977.0
47,,312,Spain,17571836.0
47,,315,Austria,14101918.0
47,,318,Finland,91541658.0
47,,326,Norway,8581184.0
47,,327,Poland,112952.0
47,,350,Slovenia,200053.0
47,,410,Brazil,328827922.0
47,,415,Costa Rica,109035.0
47,,427,Jamaica,24533.0
47,,429,Mexico,1327678.0
47,,431,Nicaragua,94090.0
47,,435,Puerto Rico,501078.0
47,,444,Uruguay,48872511.0
47,,501,Canada,329808667.0
48,,109,Democratic People's Republic of Korea,27543.0
48,,127,Pakistan,462285.0
48,,129,Philippines,36787.0
48,,137,Türkiye,769670.0
48,,138,United Arab Emirates,2805422.0
48,,244,South Africa,908064.0
48,,301,Belgium,2688667.0
48,,305,France,10722220.0
48,,306,Ireland,124350.0
48,,307,Italy,11722812.0
48,,309,Netherlands,2331003.0
48,,310,Greece,936.0
48,,312,Spain,2207978.0
48,,313,Albania,156.0
48,,315,Austria,6951546.0
48,,316,Bulgaria,2073.0
48,,318,Finland,12362248.0
48,,321,Hungary,72605.0
48,,326,Norway,233133.0
48,,327,Poland,2717879.0
48,,336,Lithuania,97980.0
48,,339,Azerbai jan,181.0
48,,340,Belarus,98008.0
48,,350,Slovenia,1379462.0
48,,410,Brazil,7307323.0
48,,415,Costa Rica,7740.0
48,,429,Mexico,276813.0
48,,501,Canada,9799555.0
49,,127,Pakistan,999.0
49,,129,Philippines,5963.0
49,,137,Türkiye,7096.0
49,,138,United Arab Emirates,4728.0
49,,244,South Africa,575.0
49,,301,Belgium,30395.0
49,,305,France,1153926.0
49,,306,Ireland,34706135.0
49,,307,Italy,987613.0
49,,309,Netherlands,2861802.0
49,,310,Greece,78528.0
49,,312,Spain,75926.0
49,,315,Austria,709092.0
49,,316,Bulgaria,128.0
49,,318,Finland,80563.0
49,,321,Hungary,10252.0
49,,326,Norway,184927.0
49,,327,Poland,399569.0
49,,336,Lithuania,37041.0
49,,340,Belarus,300000.0
49,,350,Slovenia,801.0
49,,410,Brazil,58.0
49,,429,Mexico,455304.0
49,,435,Puerto Rico,6177.0
49,,501,Canada,227447.0
50,,138,United Arab Emirates,39245.0
50,,301,Belgium,312.0
50,,305,France,57407.0
50,,307,Italy,1171980.0
50,,312,Spain,5601.0
50,,410,Brazil,249824.0
51,,124,Mongolia,3484800.0
51,,127,Pakistan,105988.0
51,,137,Türkiye,6135548.0
51,,244,South Africa,49171123.0
51,,255,Lesotho,5144072.0
51,,301,Belgium,1212037.0
51,,305,France,812768.0
51,,306,Ireland,200926.0
51,,307,Italy,17252430.0
51,,309,Netherlands,97727.0
51,,312,Spain,4134730.0
51,,315,Austria,9523.0
51,,316,Bulgaria,19452.0
51,,321,Hungary,303875.0
51,,326,Norway,17086.0
51,,336,Lithuania,15837.0
51,,340,Belarus,360824.0
51,,408,Bolivia,290922.0
51,,410,Brazil,1855.0
51,,429,Mexico,171382.0
51,,444,Uruguay,11815848.0
51,,501,Canada,84851.0
52,,127,Pakistan,83153385.0
52,,129,Philippines,1163.0
52,,137,Türkiye,4745502.0
52,,244,South Africa,2032.0
52,,301,Belgium,6262.0
52,,305,France,199835.0
52,,307,Italy,6898803.0
52,,309,Netherlands,49422.0
52,,310,Greece,873813.0
52,,312,Spain,1268449.0
52,,315,Austria,77128.0
52,,316,Bulgaria,4539.0
52,,326,Norway,2613.0
52,,350,Slovenia,28325.0
52,,410,Brazil,30171445.0
52,,429,Mexico,6378454.0
53,,129,Philippines,461266.0
53,,137,Türkiye,15409.0
53,,224,Kenya,362976.0
53,,227,Madagascar,402641.0
53,,233,Mozambique,220740.0
53,,301,Belgium,7465713.0
53,,305,France,37630070.0
53,,306,Ireland,202595.0
53,,307,Italy,2410547.0
53,,309,Netherlands,332890.0
53,,312,Spain,25099.0
53,,315,Austria,25570.0
53,,336,Lithuania,6600.0
53,,340,Belarus,752845.0
53,,350,Slovenia,2987.0
53,,410,Brazil,562117.0
53,,429,Mexico,166902.0
54,,109,Democratic People's Republic of Korea,167.0
54,,127,Pakistan,78264.0
54,,129,Philippines,5131437.0
54,,137,Türkiye,1576002.0
54,,138,United Arab Emirates,708927.0
54,,301,Belgium,213421.0
54,,305,France,632192.0
54,,307,Italy,6416551.0
54,,309,Netherlands,6435318.0
54,,310,Greece,101.0
54,,312,Spain,488130.0
54,,315,Austria,120868.0
54,,316,Bulgaria,6661.0
54,,318,Finland,200.0
54,,326,Norway,1065.0
54,,327,Poland,55959.0
54,,336,Lithuania,13692.0
54,,350,Slovenia,311350.0
54,,410,Brazil,55938.0
54,,429,Mexico,307436.0
54,,501,Canada,116936.0
55,,127,Pakistan,802101.0
55,,137,Türkiye,2643004.0
55,,138,United Arab Emirates,60138.0
55,,301,Belgium,125758.0
55,,305,France,1665441.0
55,,306,Ireland,4365.0
55,,307,Italy,1680478.0
55,,309,Netherlands,392894.0
55,,310,Greece,58710.0
55,,312,Spain,1862184.0
55,,315,Austria,29840613.0
55,,316,Bulgaria,24914.0
55,,318,Finland,35259.0
55,,321,Hungary,66454.0
55,,326,Norway,421.0
55,,336,Lithuania,435.0
55,,350,Slovenia,738.0
55,,410,Brazil,15169.0
55,,429,Mexico,698313.0
55,,444,Uruguay,1325.0
55,,501,Canada,94011.0
56,,127,Pakistan,278316.0
56,,129,Philippines,61397.0
56,,137,Türkiye,33621.0
56,,138,United Arab Emirates,77316.0
56,,244,South Africa,161445.0
56,,301,Belgium,592998.0
56,,305,France,2310733.0
56,,306,Ireland,60975.0
56,,307,Italy,2261168.0
56,,309,Netherlands,1584337.0
56,,310,Greece,185.0
56,,312,Spain,360997.0
56,,315,Austria,88613.0
56,,316,Bulgaria,4618.0
56,,318,Finland,19263.0
56,,321,Hungary,5028.0
56,,326,Norway,326.0
56,,327,Poland,238499.0
56,,350,Slovenia,32160.0
56,,410,Brazil,106767.0
56,,415,Costa Rica,337.0
56,,429,Mexico,73312.0
56,,435,Puerto Rico,5498.0
56,,501,Canada,434170.0
57,,127,Pakistan,37627.0
57,,137,Türkiye,1275426.0
57,,301,Belgium,529187.0
57,,305,France,175690.0
57,,306,Ireland,40456.0
57,,307,Italy,388046.0
57,,309,Netherlands,223472.0
57,,310,Greece,65062.0
57,,312,Spain,2186.0
57,,315,Austria,10624.0
57,,316,Bulgaria,55049.0
57,,321,Hungary,2314.0
57,,327,Poland,366109.0
57,,336,Lithuania,474.0
57,,410,Brazil,34154.0
57,,501,Canada,3454.0
58,,127,Pakistan,214.0
58,,129,Philippines,1809674.0
58,,137,Türkiye,305062.0
58,,138,United Arab Emirates,343.0
58,,301,Belgium,180370.0
58,,305,France,867103.0
58,,306,Ireland,898.0
58,,307,Italy,944522.0
58,,309,Netherlands,60048.0
58,,312,Spain,185031.0
58,,315,Austria,227089.0
58,,316,Bulgaria,243.0
58,,318,Finland,7130.0
58,,321,Hungary,48857.0
58,,327,Poland,11669.0
58,,350,Slovenia,8265.0
58,,410,Brazil,84509.0
58,,429,Mexico,70921.0
58,,501,Canada,32939.0
59,,129,Philippines,2200.0
59,,137,Türkiye,981436.0
59,,138,United Arab Emirates,870.0
59,,301,Belgium,1505046.0
59,,305,France,3341028.0
59,,306,Ireland,41104.0
59,,307,Italy,7767555.0
59,,309,Netherlands,1030097.0
59,,310,Greece,24.0
59,,312,Spain,1155862.0
59,,315,Austria,1318997.0
59,,316,Bulgaria,9320.0
59,,318,Finland,1202809.0
59,,321,Hungary,20299.0
59,,326,Norway,3632.0
59,,327,Poland,419873.0
59,,350,Slovenia,65990.0
59,,410,Brazil,50008.0
59,,415,Costa Rica,13566.0
59,,429,Mexico,134342.0
59,,501,Canada,1099484.0
60,,127,Pakistan,16063.0
60,,137,Türkiye,288478.0
60,,301,Belgium,15156.0
60,,305,France,187816.0
60,,307,Italy,3201623.0
60,,309,Netherlands,3403.0
60,,312,Spain,63701.0
60,,315,Austria,210615.0
60,,316,Bulgaria,1753.0
60,,350,Slovenia,3832.0
60,,410,Brazil,5980.0
60,,429,Mexico,5581.0
60,,501,Canada,19674.0
61,,108,Cyprus,104.0
61,,109,Democratic People's Republic of Korea,7560.0
61,,124,Mongolia,78106.0
61,,127,Pakistan,3877168.0
61,,129,Philippines,2876740.0
61,,137,Türkiye,17618626.0
61,,138,United Arab Emirates,131.0
61,,224,Kenya,17433.0
61,,227,Madagascar,959932.0
61,,244,South Africa,11786.0
61,,250,Uganda,9.0
61,,255,Lesotho,426.0
61,,301,Belgium,32035.0
61,,305,France,1605591.0
61,,306,Ireland,4862.0
61,,307,Italy,41683574.0
61,,309,Netherlands,47272.0
61,,310,Greece,235485.0
61,,312,Spain,174304.0
61,,313,Albania,368103.0
61,,315,Austria,55885.0
61,,316,Bulgaria,1235896.0
61,,321,Hungary,223565.0
61,,326,Norway,2132.0
61,,327,Poland,48241.0
61,,336,Lithuania,72968.0
61,,340,Belarus,7045.0
61,,350,Slovenia,19553.0
61,,410,Brazil,8708.0
61,,415,Costa Rica,215281.0
61,,429,Mexico,269055.0
61,,431,Nicaragua,239577.0
61,,444,Uruguay,2655.0
61,,501,Canada,86827.0
62,,108,Cyprus,1325.0
62,,109,Democratic People's Republic of Korea,9072.0
62,,127,Pakistan,3758174.0
62,,129,Philippines,1992166.0
62,,137,Türkiye,14483146.0
62,,138,United Arab Emirates,30927.0
62,,224,Kenya,3236.0
62,,227,Madagascar,777975.0
62,,244,South Africa,25952.0
62,,301,Belgium,237642.0
62,,305,France,12265324.0
62,,306,Ireland,1103.0
62,,307,Italy,73033707.0
62,,309,Netherlands,29917.0
62,,310,Greece,24424.0
62,,312,Spain,3538233.0
62,,313,Albania,966693.0
62,,315,Austria,14735.0
62,,316,Bulgaria,4026106.0
62,,318,Finland,3632.0
62,,321,Hungary,1437517.0
62,,326,Norway,153.0
62,,327,Poland,1307634.0
62,,336,Lithuania,271045.0
62,,340,Belarus,57811.0
62,,350,Slovenia,163229.0
62,,410,Brazil,1810.0
62,,415,Costa Rica,53263.0
62,,429,Mexico,657138.0
62,,431,Nicaragua,426.0
62,,501,Canada,982843.0
63,,124,Mongolia,22231.0
63,,127,Pakistan,2437386.0
63,,129,Philippines,76599.0
63,,137,Türkiye,938997.0
63,,138,United Arab Emirates,64589.0
63,,220,Ghana,12.0
63,,244,South Africa,16240.0
63,,301,Belgium,140543.0
63,,305,France,1507684.0
63,,306,Ireland,1596.0
63,,307,Italy,1461200.0
63,,309,Netherlands,71226.0
63,,310,Greece,615.0
63,,312,Spain,615366.0
63,,315,Austria,111663.0
63,,316,Bulgaria,36264.0
63,,318,Finland,944.0
63,,321,Hungary,183622.0
63,,326,Norway,2080.0
63,,327,Poland,469761.0
63,,336,Lithuania,18526.0
63,,340,Belarus,98.0
63,,410,Brazil,1007.0
63,,415,Costa Rica,33.0
63,,429,Mexico,215425.0
63,,501,Canada,133003.0
64,,109,Democratic People's Republic of Korea,538946.0
64,,127,Pakistan,3590.0
64,,129,Philippines,329496.0
64,,137,Türkiye,452461.0
64,,244,South Africa,21612.0
64,,301,Belgium,4979.0
64,,305,France,984724.0
64,,307,Italy,65308879.0
64,,309,Netherlands,36314.0
64,,310,Greece,15237.0
64,,312,Spain,8425218.0
64,,313,Albania,266653.0
64,,315,Austria,7541.0
64,,316,Bulgaria,79880.0
64,,318,Finland,16193.0
64,,321,Hungary,825129.0
64,,326,Norway,733.0
64,,327,Poland,4370.0
64,,350,Slovenia,20821.0
64,,410,Brazil,2133351.0
64,,429,Mexico,7966.0
64,,501,Canada,56212.0
65,,124,Mongolia,519.0
65,,127,Pakistan,7.0
65,,129,Philippines,47430.0
65,,137,Türkiye,84234.0
65,,227,Madagascar,9825.0
65,,244,South Africa,10511.0
65,,250,Uganda,10.0
65,,301,Belgium,1202.0
65,,305,France,219465.0
65,,307,Italy,1056388.0
65,,309,Netherlands,5082.0
65,,312,Spain,11024.0
65,,315,Austria,1632.0
65,,316,Bulgaria,4039.0
65,,318,Finland,1679.0
65,,321,Hungary,6973.0
65,,326,Norway,277.0
65,,327,Poland,53859.0
65,,336,Lithuania,157.0
65,,350,Slovenia,1553.0
65,,408,Bolivia,47.0
65,,429,Mexico,3301.0
65,,501,Canada,7750.0
66,,137,Türkiye,778.0
66,,301,Belgium,1362.0
66,,307,Italy,134571.0
66,,309,Netherlands,1889.0
66,,312,Spain,657.0
66,,336,Lithuania,19785.0
67,,109,Democratic People's Republic of Korea,1562746.0
67,,129,Philippines,6307.0
67,,137,Türkiye,50.0
67,,244,South Africa,295.0
67,,301,Belgium,30.0
67,,305,France,8378.0
67,,307,Italy,21687.0
67,,309,Netherlands,2811.0
67,,312,Spain,3251.0
67,,315,Austria,321.0
67,,350,Slovenia,25.0
67,,410,Brazil,165.0
67,,501,Canada,428.0
68,,109,Democratic People's Republic of Korea,3468.0
68,,127,Pakistan,34366.0
68,,129,Philippines,74118.0
68,,137,Türkiye,923569.0
68,,227,Madagascar,1800.0
68,,244,South Africa,121715.0
68,,301,Belgium,287314.0
68,,305,France,2342736.0
68,,306,Ireland,22455.0
68,,307,Italy,5788800.0
68,,309,Netherlands,2647703.0
68,,310,Greece,341008.0
68,,312,Spain,1311101.0
68,,313,Albania,27181.0
68,,315,Austria,2898725.0
68,,316,Bulgaria,13.0
68,,318,Finland,706593.0
68,,321,Hungary,101137.0
68,,326,Norway,10945.0
68,,327,Poland,894695.0
68,,336,Lithuania,1279.0
68,,340,Belarus,923327.0
68,,350,Slovenia,483273.0
68,,410,Brazil,982892.0
68,,429,Mexico,281471.0
68,,501,Canada,477177.0
69,,109,Democratic People's Republic of Korea,765.0
69,,127,Pakistan,40.0
69,,129,Philippines,960.0
69,,137,Türkiye,525324.0
69,,138,United Arab Emirates,6767.0
69,,244,South Africa,2134308.0
69,,250,Uganda,44.0
69,,301,Belgium,641617.0
69,,305,France,1334255.0
69,,306,Ireland,3889.0
69,,307,Italy,10493595.0
69,,309,Netherlands,398073.0
69,,310,Greece,13888.0
69,,312,Spain,2042823.0
69,,315,Austria,1656147.0
69,,316,Bulgaria,46212.0
69,,318,Finland,1564.0
69,,321,Hungary,212577.0
69,,327,Poland,5105298.0
69,,429,Mexico,526918.0
69,,501,Canada,211564.0
70,,109,Democratic People's Republic of Korea,749056.0
70,,127,Pakistan,225.0
70,,129,Philippines,232796.0
70,,137,Türkiye,442503.0
70,,138,United Arab Emirates,384638.0
70,,244,South Africa,431.0
70,,301,Belgium,2384994.0
70,,305,France,7011797.0
70,,306,Ireland,68441.0
70,,307,Italy,4758175.0
70,,309,Netherlands,934817.0
70,,312,Spain,803723.0
70,,315,Austria,9965401.0
70,,316,Bulgaria,351329.0
70,,318,Finland,230791.0
70,,321,Hungary,1032694.0
70,,326,Norway,1347.0
70,,327,Poland,2296294.0
70,,336,Lithuania,26922.0
70,,340,Belarus,41305.0
70,,350,Slovenia,84081.0
70,,410,Brazil,83305.0
70,,415,Costa Rica,142867.0
70,,429,Mexico,703744.0
70,,501,Canada,324805.0
71,,109,Democratic People's Republic of Korea,99326.0
71,,124,Mongolia,21200.0
71,,127,Pakistan,139731.0
71,,129,Philippines,174044.0
71,,137,Türkiye,74217.0
71,,138,United Arab Emirates,1847690.0
71,,224,Kenya,22.0
71,,227,Madagascar,1004677.0
71,,233,Mozambique,202799.0
71,,235,Niger,6537.0
71,,244,South Africa,1271020351.0
71,,252,Democratic Republic of Congo,3934864.0
71,,254,Zimbabwe,83899.0
71,,301,Belgium,66370855.0
71,,305,France,19522602.0
71,,306,Ireland,880911.0
71,,307,Italy,26516832.0
71,,309,Netherlands,208832.0
71,,310,Greece,7264.0
71,,312,Spain,1034054.0
71,,313,Albania,2890.0
71,,315,Austria,2792323.0
71,,321,Hungary,43437.0
71,,327,Poland,20311.0
71,,336,Lithuania,7838.0
71,,350,Slovenia,1457.0
71,,408,Bolivia,17348.0
71,,410,Brazil,1605597.0
71,,415,Costa Rica,1265.0
71,,429,Mexico,154047.0
71,,435,Puerto Rico,2898267.0
71,,444,Uruguay,586309.0
71,,501,Canada,262162252.0
72,,109,Democratic People's Republic of Korea,2383242.0
72,,124,Mongolia,199405.0
72,,127,Pakistan,9541.0
72,,129,Philippines,6228.0
72,,137,Türkiye,972619.0
72,,138,United Arab Emirates,12524943.0
72,,224,Kenya,70.0
72,,244,South Africa,106097936.0
72,,254,Zimbabwe,15622494.0
72,,301,Belgium,12770370.0
72,,305,France,22285164.0
72,,306,Ireland,12700.0
72,,307,Italy,13301119.0
72,,309,Netherlands,2387969.0
72,,310,Greece,5.0
72,,312,Spain,1668108.0
72,,315,Austria,19689547.0
72,,316,Bulgaria,3644.0
72,,318,Finland,11255104.0
72,,321,Hungary,5028.0
72,,326,Norway,1394720.0
72,,327,Poland,388546.0
72,,336,Lithuania,1504.0
72,,340,Belarus,139316.0
72,,350,Slovenia,1427869.0
72,,404,Bahamas,72120.0
72,,410,Brazil,72409449.0
72,,415,Costa Rica,5693.0
72,,429,Mexico,167401.0
72,,501,Canada,7699697.0
73,,109,Democratic People's Republic of Korea,309.0
73,,123,Maldives,17.0
73,,127,Pakistan,17332.0
73,,129,Philippines,575581.0
73,,137,Türkiye,7739785.0
73,,138,United Arab Emirates,157528.0
73,,224,Kenya,939.0
73,,235,Niger,115.0
73,,244,South Africa,884716.0
73,,250,Uganda,23.0
73,,301,Belgium,2054747.0
73,,305,France,29431120.0
73,,306,Ireland,984086.0
73,,307,Italy,40501708.0
73,,309,Netherlands,4737824.0
73,,310,Greece,54879.0
73,,312,Spain,17142314.0
73,,315,Austria,13656293.0
73,,316,Bulgaria,317324.0
73,,318,Finland,1897547.0
73,,321,Hungary,2052705.0
73,,326,Norway,295230.0
73,,327,Poland,7073177.0
73,,336,Lithuania,71204.0
73,,340,Belarus,493.0
73,,350,Slovenia,397127.0
73,,406,Belize,124.0
73,,410,Brazil,853440.0
73,,415,Costa Rica,659.0
73,,429,Mexico,2296021.0
73,,501,Canada,4132268.0
73,,617,Samoa,11842.0
74,,108,Cyprus,429995.0
74,,118,Kuwait,2293672.0
74,,124,Mongolia,5772268.0
74,,127,Pakistan,24438547.0
74,,129,Philippines,73088383.0
74,,137,Türkiye,2642094.0
74,,138,United Arab Emirates,12936896.0
74,,213,Congo,17326995.0
74,,220,Ghana,113586.0
74,,224,Kenya,550145.0
74,,235,Niger,37.0
74,,244,South Africa,36839683.0
74,,252,Democratic Republic of Congo,66502527.0
74,,301,Belgium,45521535.0
74,,305,France,14414166.0
74,,306,Ireland,297041.0
74,,307,Italy,29484704.0
74,,309,Netherlands,39624226.0
74,,310,Greece,1537078.0
74,,312,Spain,55165421.0
74,,313,Albania,107423.0
74,,315,Austria,963250.0
74,,316,Bulgaria,80528386.0
74,,318,Finland,2992298.0
74,,321,Hungary,1714046.0
74,,326,Norway,6387039.0
74,,327,Poland,56241891.0
74,,336,Lithuania,12972104.0
74,,340,Belarus,312.0
74,,350,Slovenia,533618.0
74,,408,Bolivia,1475251.0
74,,410,Brazil,89038206.0
74,,415,Costa Rica,1120484.0
74,,427,Jamaica,174301.0
74,,429,Mexico,74426632.0
74,,431,Nicaragua,484293.0
74,,435,Puerto Rico,1157138.0
74,,442,Trinidad and Tobago,339054.0
74,,444,Uruguay,167352.0
74,,501,Canada,16263197.0
75,,137,Türkiye,3843503.0
75,,227,Madagascar,4411137.0
75,,244,South Africa,23539404.0
75,,254,Zimbabwe,338719.0
75,,301,Belgium,511290.0
75,,305,France,3273479.0
75,,306,Ireland,10123.0
75,,307,Italy,1689590.0
75,,309,Netherlands,347110.0
75,,310,Greece,306.0
75,,312,Spain,171298.0
75,,315,Austria,2488821.0
75,,318,Finland,48871782.0
75,,321,Hungary,1768.0
75,,326,Norway,11382178.0
75,,327,Poland,25805.0
75,,429,Mexico,375509.0
75,,501,Canada,45007421.0
76,,124,Mongolia,185334.0
76,,129,Philippines,12461500.0
76,,137,Türkiye,114740.0
76,,138,United Arab Emirates,5903292.0
76,,244,South Africa,2100856.0
76,,301,Belgium,5903047.0
76,,305,France,6662031.0
76,,306,Ireland,65518.0
76,,307,Italy,5297723.0
76,,309,Netherlands,4573438.0
76,,310,Greece,387353.0
76,,312,Spain,7729944.0
76,,315,Austria,4294858.0
76,,316,Bulgaria,1211.0
76,,318,Finland,45876.0
76,,321,Hungary,383221.0
76,,326,Norway,533459.0
76,,327,Poland,491520.0
76,,336,Lithuania,25367.0
76,,350,Slovenia,752351.0
76,,410,Brazil,289362.0
76,,415,Costa Rica,22796.0
76,,429,Mexico,1028885.0
76,,501,Canada,8200042.0
78,,124,Mongolia,33707.0
78,,129,Philippines,206237.0
78,,301,Belgium,1716.0
78,,327,Poland,55182.0
78,,429,Mexico,8.0
78,,501,Canada,2444696.0
79,,129,Philippines,23393.0
79,,137,Türkiye,681.0
79,,138,United Arab Emirates,666935.0
79,,301,Belgium,307044.0
79,,305,France,88682.0
79,,307,Italy,579593.0
79,,309,Netherlands,4841528.0
79,,312,Spain,57678703.0
79,,315,Austria,18441.0
79,,318,Finland,19.0
79,,321,Hungary,20327.0
79,,326,Norway,88.0
79,,327,Poland,54182.0
79,,350,Slovenia,377482.0
79,,410,Brazil,1340804.0
79,,429,Mexico,814581.0
79,,501,Canada,3167218.0
80,,109,Democratic People's Republic of Korea,713277.0
80,,127,Pakistan,121.0
80,,129,Philippines,20629.0
80,,138,United Arab Emirates,245.0
80,,244,South Africa,102.0
80,,305,France,18982.0
80,,307,Italy,1955.0
80,,309,Netherlands,57746.0
80,,312,Spain,5540.0
80,,315,Austria,5420.0
80,,318,Finland,3135.0
80,,321,Hungary,117.0
80,,350,Slovenia,1.0
80,,429,Mexico,36056.0
80,,501,Canada,33620.0
81,,137,Türkiye,791625.0
81,,244,South Africa,15512081.0
81,,252,Democratic Republic of Congo,324748935.0
81,,301,Belgium,1364880.0
81,,305,France,6752054.0
81,,306,Ireland,1117355.0
81,,307,Italy,313537.0
81,,309,Netherlands,435064.0
81,,312,Spain,1899412.0
81,,315,Austria,2468260.0
81,,318,Finland,356091.0
81,,321,Hungary,8004.0
81,,327,Poland,133330.0
81,,410,Brazil,915760.0
81,,429,Mexico,366547.0
81,,501,Canada,4414248.0
82,,127,Pakistan,1183378.0
82,,129,Philippines,155096.0
82,,137,Türkiye,71115.0
82,,138,United Arab Emirates,5144.0
82,,244,South Africa,1660.0
82,,250,Uganda,19.0
82,,301,Belgium,167358.0
82,,305,France,3955463.0
82,,306,Ireland,937724.0
82,,307,Italy,4961951.0
82,,309,Netherlands,942758.0
82,,310,Greece,2655.0
82,,312,Spain,8869599.0
82,,315,Austria,2729309.0
82,,316,Bulgaria,78871.0
82,,318,Finland,217514.0
82,,321,Hungary,146987.0
82,,326,Norway,454330.0
82,,327,Poland,1175609.0
82,,336,Lithuania,78645.0
82,,339,Azerbai jan,451.0
82,,340,Belarus,18894.0
82,,350,Slovenia,51267.0
82,,410,Brazil,649854.0
82,,415,Costa Rica,109.0
82,,429,Mexico,589718.0
82,,501,Canada,1540990.0
83,,109,Democratic People's Republic of Korea,181891.0
83,,127,Pakistan,13081.0
83,,129,Philippines,463152.0
83,,137,Türkiye,236743.0
83,,138,United Arab Emirates,1931.0
83,,244,South Africa,4958.0
83,,250,Uganda,19.0
83,,301,Belgium,397973.0
83,,305,France,3958670.0
83,,306,Ireland,42067.0
83,,307,Italy,8136428.0
83,,309,Netherlands,659649.0
83,,310,Greece,7654.0
83,,312,Spain,3926032.0
83,,315,Austria,14584514.0
83,,316,Bulgaria,423681.0
83,,318,Finland,456640.0
83,,321,Hungary,559902.0
83,,326,Norway,42867.0
83,,327,Poland,955136.0
83,,336,Lithuania,2170.0
83,,350,Slovenia,1540623.0
83,,410,Brazil,306861.0
83,,415,Costa Rica,884.0
83,,429,Mexico,3261332.0
83,,501,Canada,817553.0
84,,108,Cyprus,5415.0
84,,109,Democratic People's Republic of Korea,29295.0
84,,118,Kuwait,25420.0
84,,127,Pakistan,49969.0
84,,129,Philippines,292186864.0
84,,137,Türkiye,27193896.0
84,,138,United Arab Emirates,1027952.0
84,,224,Kenya,421.0
84,,235,Niger,73.0
84,,244,South Africa,876046.0
84,,250,Uganda,124.0
84,,301,Belgium,50791428.0
84,,305,France,398169173.0
84,,306,Ireland,12470172.0
84,,307,Italy,492526110.0
84,,309,Netherlands,363506125.0
84,,310,Greece,865395.0
84,,312,Spain,64840577.0
84,,315,Austria,135135567.0
84,,316,Bulgaria,4351926.0
84,,318,Finland,66561965.0
84,,321,Hungary,81922519.0
84,,326,Norway,24704997.0
84,,327,Poland,41286410.0
84,,336,Lithuania,752800.0
84,,340,Belarus,1717449.0
84,,350,Slovenia,5400139.0
84,,359,Montenegro,65397.0
84,,406,Belize,2475.0
84,,410,Brazil,18821062.0
84,,415,Costa Rica,21259.0
84,,427,Jamaica,81.0
84,,429,Mexico,53080422.0
84,,435,Puerto Rico,81939.0
84,,501,Canada,57657682.0
84,,617,Samoa,12250.0
84,,621,Marshall Islands,140000.0
85,,108,Cyprus,13570.0
85,,109,Democratic People's Republic of Korea,983637.0
85,,118,Kuwait,10728.0
85,,127,Pakistan,14.0
85,,129,Philippines,1019079893.0
85,,137,Türkiye,4401661.0
85,,138,United Arab Emirates,1617738.0
85,,213,Congo,1753.0
85,,220,Ghana,124.0
85,,224,Kenya,32209.0
85,,227,Madagascar,5194.0
85,,235,Niger,2320.0
85,,244,South Africa,151896.0
85,,250,Uganda,923.0
85,,255,Lesotho,357858.0
85,,301,Belgium,59110781.0
85,,305,France,158859737.0
85,,306,Ireland,541237404.0
85,,307,Italy,111671122.0
85,,309,Netherlands,56365966.0
85,,310,Greece,2399226.0
85,,312,Spain,43169788.0
85,,313,Albania,5608.0
85,,314,Andorra,9405.0
85,,315,Austria,129354014.0
85,,316,Bulgaria,7315152.0
85,,318,Finland,41450215.0
85,,321,Hungary,89481249.0
85,,326,Norway,5782920.0
85,,327,Poland,48886394.0
85,,336,Lithuania,1144847.0
85,,339,Azerbai jan,9525.0
85,,340,Belarus,953172.0
85,,350,Slovenia,17905046.0
85,,359,Montenegro,10.0
85,,404,Bahamas,1568.0
85,,405,Barbados,90212.0
85,,406,Belize,1210.0
85,,410,Brazil,7025701.0
85,,415,Costa Rica,50347044.0
85,,427,Jamaica,1000.0
85,,429,Mexico,449130764.0
85,,431,Nicaragua,61305.0
85,,435,Puerto Rico,42358.0
85,,442,Trinidad and Tobago,2223.0
85,,501,Canada,65510101.0
85,,617,Samoa,3480.0
86,,137,Türkiye,324812.0
86,,301,Belgium,363172.0
86,,305,France,1257744.0
86,,307,Italy,7691620.0
86,,309,Netherlands,50700.0
86,,312,Spain,6634738.0
86,,315,Austria,209268.0
86,,316,Bulgaria,318101.0
86,,321,Hungary,2024786.0
86,,327,Poland,390929.0
86,,350,Slovenia,160100.0
86,,429,Mexico,133812.0
87,,127,Pakistan,1238.0
87,,129,Philippines,4597873.0
87,,137,Türkiye,4388741.0
87,,138,United Arab Emirates,409055.0
87,,203,Benin,2712.0
87,,219,Gambia,77.0
87,,244,South Africa,6785888.0
87,,250,Uganda,94.0
87,,301,Belgium,33033210.0
87,,305,France,56539059.0
87,,306,Ireland,288070.0
87,,307,Italy,94956323.0
87,,309,Netherlands,37067047.0
87,,310,Greece,51532.0
87,,312,Spain,52337296.0
87,,315,Austria,76964711.0
87,,316,Bulgaria,721105.0
87,,318,Finland,280690.0
87,,321,Hungary,135254930.0
87,,326,Norway,5949102.0
87,,327,Poland,34130921.0
87,,336,Lithuania,10372.0
87,,350,Slovenia,6144543.0
87,,406,Belize,145.0
87,,410,Brazil,2964628.0
87,,415,Costa Rica,394.0
87,,429,Mexico,84721276.0
87,,501,Canada,41965589.0
87,,617,Samoa,1386.0
87,,699,Other Oceanian Territories,233.0
88,,129,Philippines,146512.0
88,,137,Türkiye,98831.0
88,,138,United Arab Emirates,1359.0
88,,244,South Africa,2995.0
88,,301,Belgium,1488860.0
88,,305,France,454535761.0
88,,306,Ireland,2666.0
88,,307,Italy,2127771.0
88,,309,Netherlands,105859.0
88,,312,Spain,3698995.0
88,,315,Austria,6271122.0
88,,321,Hungary,11067.0
88,,327,Poland,613948.0
88,,350,Slovenia,1240.0
88,,410,Brazil,12408.0
88,,429,Mexico,1116890.0
88,,501,Canada,15448888.0
89,,129,Philippines,7580000.0
89,,244,South Africa,14072.0
89,,301,Belgium,113472.0
89,,305,France,1584849.0
89,,307,Italy,328.0
89,,309,Netherlands,500.0
89,,315,Austria,33435.0
89,,318,Finland,925992.0
89,,326,Norway,17712.0
89,,327,Poland,3026485.0
89,,429,Mexico,567726.0
89,,501,Canada,1609.0
90,,109,Democratic People's Republic of Korea,660009.0
90,,127,Pakistan,1391080.0
90,,129,Philippines,41248673.0
90,,137,Türkiye,1347511.0
90,,138,United Arab Emirates,116912.0
90,,213,Congo,59.0
90,,224,Kenya,1964.0
90,,227,Madagascar,7554.0
90,,244,South Africa,212327.0
90,,301,Belgium,12966911.0
90,,305,France,108021949.0
90,,306,Ireland,90833137.0
90,,307,Italy,98746269.0
90,,309,Netherlands,71943000.0
90,,310,Greece,242110.0
90,,312,Spain,21849812.0
90,,313,Albania,319.0
90,,315,Austria,43328033.0
90,,316,Bulgaria,2234846.0
90,,318,Finland,23573330.0
90,,321,Hungary,29902967.0
90,,326,Norway,16180643.0
90,,327,Poland,13110106.0
90,,336,Lithuania,1368148.0
90,,340,Belarus,439189.0
90,,350,Slovenia,1286195.0
90,,405,Barbados,1608324.0
90,,410,Brazil,3265658.0
90,,415,Costa Rica,19898957.0
90,,427,Jamaica,36420.0
90,,429,Mexico,109241801.0
90,,435,Puerto Rico,158242.0
90,,444,Uruguay,3169.0
90,,501,Canada,40262294.0
90,,617,Samoa,4913.0
91,,109,Democratic People's Republic of Korea,1257737.0
91,,129,Philippines,682968.0
91,,137,Türkiye,589.0
91,,138,United Arab Emirates,44.0
91,,227,Madagascar,745.0
91,,244,South Africa,532.0
91,,254,Zimbabwe,180.0
91,,301,Belgium,3971.0
91,,305,France,757180.0
91,,307,Italy,323864.0
91,,309,Netherlands,11847.0
91,,312,Spain,36167.0
91,,315,Austria,92466.0
91,,316,Bulgaria,658.0
91,,318,Finland,316.0
91,,321,Hungary,65904.0
91,,327,Poland,1876.0
91,,336,Lithuania,39655.0
91,,340,Belarus,128148.0
91,,350,Slovenia,9164.0
91,,429,Mexico,17107.0
91,,501,Canada,120.0
92,,129,Philippines,8332.0
92,,137,Türkiye,2071.0
92,,305,France,594214.0
92,,306,Ireland,1078.0
92,,307,Italy,681007.0
92,,309,Netherlands,340265.0
92,,312,Spain,79049.0
92,,315,Austria,6135.0
92,,327,Poland,134902.0
92,,350,Slovenia,1220.0
92,,427,Jamaica,5200.0
92,,429,Mexico,200950.0
92,,501,Canada,77162.0
93,,220,Ghana,20.0
93,,307,Italy,2602.0
93,,315,Austria,153909.0
93,,318,Finland,9659.0
93,,410,Brazil,277.0
94,,124,Mongolia,16919.0
94,,127,Pakistan,108316.0
94,,129,Philippines,637722.0
94,,137,Türkiye,2548815.0
94,,138,United Arab Emirates,15016.0
94,,224,Kenya,8250.0
94,,244,South Africa,257289.0
94,,301,Belgium,992070.0
94,,305,France,11546412.0
94,,306,Ireland,34902.0
94,,307,Italy,67270424.0
94,,309,Netherlands,1859083.0
94,,310,Greece,117631.0
94,,312,Spain,4466773.0
94,,315,Austria,10707844.0
94,,316,Bulgaria,580713.0
94,,318,Finland,964080.0
94,,321,Hungary,3096322.0
94,,326,Norway,769211.0
94,,327,Poland,19672305.0
94,,336,Lithuania,4622824.0
94,,340,Belarus,171346.0
94,,350,Slovenia,839103.0
94,,408,Bolivia,162.0
94,,410,Brazil,315715.0
94,,429,Mexico,5535132.0
94,,501,Canada,3015233.0
95,,108,Cyprus,5779.0
95,,109,Democratic People's Republic of Korea,264858.0
95,,127,Pakistan,642906.0
95,,129,Philippines,3395624.0
95,,137,Türkiye,801037.0
95,,138,United Arab Emirates,18362.0
95,,224,Kenya,500.0
95,,227,Madagascar,7936.0
95,,244,South Africa,131.0
95,,301,Belgium,315413.0
95,,305,France,701402.0
95,,307,Italy,9542059.0
95,,309,Netherlands,968303.0
95,,312,Spain,126222.0
95,,313,Albania,15.0
95,,315,Austria,298139.0
95,,316,Bulgaria,73295.0
95,,318,Finland,232549.0
95,,321,Hungary,4973630.0
95,,326,Norway,7588.0
95,,327,Poland,1079731.0
95,,336,Lithuania,32941.0
95,,350,Slovenia,64207.0
95,,410,Brazil,23354.0
95,,429,Mexico,920813.0
95,,501,Canada,5210876.0
96,,129,Philippines,624880.0
96,,137,Türkiye,56533.0
96,,138,United Arab Emirates,45.0
96,,244,South Africa,11692.0
96,,250,Uganda,11.0
96,,301,Belgium,50839.0
96,,305,France,2895984.0
96,,306,Ireland,337628.0
96,,307,Italy,1753214.0
96,,309,Netherlands,97398.0
96,,310,Greece,24646.0
96,,312,Spain,721151.0
96,,315,Austria,369905.0
96,,316,Bulgaria,812.0
96,,318,Finland,108843.0
96,,321,Hungary,847090.0
96,,326,Norway,188200.0
96,,327,Poland,108652.0
96,,336,Lithuania,22256.0
96,,340,Belarus,4365.0
96,,350,Slovenia,347978.0
96,,410,Brazil,298725.0
96,,415,Costa Rica,18302.0
96,,429,Mexico,281441.0
96,,501,Canada,2239955.0
97,,124,Mongolia,7958.0
97,,129,Philippines,32000.0
97,,147,Tajikistan,300.0
97,,224,Kenya,20558.0
97,,233,Mozambique,3700.0
97,,244,South Africa,285327.0
97,,301,Belgium,616.0
97,,305,France,180648.0
97,,307,Italy,1288852.0
97,,309,Netherlands,18859.0
97,,310,Greece,3959.0
97,,312,Spain,63982.0
97,,315,Austria,3940.0
97,,318,Finland,2150.0
97,,321,Hungary,2529.0
97,,327,Poland,7533.0
97,,340,Belarus,300.0
97,,350,Slovenia,2640.0
97,,429,Mexico,55.0
97,,431,Nicaragua,1480.0
97,,444,Uruguay,3173.0
97,,501,Canada,297550.0
98,,108,Cyprus,6418.0
98,,109,Democratic People's Republic of Korea,10683936.0
98,,118,Kuwait,16458.0
98,,123,Maldives,6380.0
98,,124,Mongolia,5530446.0
98,,127,Pakistan,182258.0
98,,129,Philippines,498476.0
98,,137,Türkiye,587096.0
98,,138,United Arab Emirates,899783.0
98,,147,Tajikistan,125.0
98,,203,Benin,1026.0
98,,207,Canary Islands,640.0
98,,209,Central African Republic,406.0
98,,211,Chad,328.0
98,,213,Congo,45.0
98,,219,Gambia,286.0
98,,220,Ghana,4305.0
98,,222,Guinea-Bissau,57.0
98,,224,Kenya,14925.0
98,,227,Madagascar,7564.0
98,,233,Mozambique,175.0
98,,235,Niger,115.0
98,,241,Seychelles,23.0
98,,244,South Africa,64979.0
98,,250,Uganda,3407.0
98,,252,Democratic Republic of Congo,911.0
98,,254,Zimbabwe,6677.0
98,,255,Lesotho,612.0
98,,258,Eritrea,8.0
98,,301,Belgium,543868.0
98,,305,France,11080757.0
98,,306,Ireland,379155.0
98,,307,Italy,7228969.0
98,,309,Netherlands,13727536.0
98,,310,Greece,100221.0
98,,312,Spain,2099847.0
98,,313,Albania,16534.0
98,,314,Andorra,782.0
98,,315,Austria,2296107.0
98,,316,Bulgaria,75306.0
98,,318,Finland,193159.0
98,,320,Gibraltar,430.0
98,,321,Hungary,265131.0
98,,326,Norway,73686.0
98,,327,Poland,469606.0
98,,336,Lithuania,50744.0
98,,339,Azerbai jan,301.0
98,,340,Belarus,5365.0
98,,350,Slovenia,53330.0
98,,356,Holy See,101.0
98,,359,Montenegro,368.0
98,,404,Bahamas,249.0
98,,405,Barbados,310.0
98,,406,Belize,56.0
98,,408,Bolivia,1732.0
98,,410,Brazil,225336.0
98,,415,Costa Rica,11501.0
98,,422,Guadeloupe,600.0
98,,427,Jamaica,4296.0
98,,429,Mexico,644782.0
98,,431,Nicaragua,17751.0
98,,435,Puerto Rico,5904.0
98,,442,Trinidad and Tobago,2227.0
98,,443,Turks and Caicos Islands,22.0
98,,444,Uruguay,5573.0
98,,446,British Virgin Islands,74.0
98,,501,Canada,6174989.0
98,,503,Greenland,26510.0
98,,610,Norfolk Island,4.0
98,,614,Tonga,36.0
98,,617,Samoa,22.0
98,,625,Wallis and Futuna,380.0
