商品编码,商品名称,贸易伙伴编码,贸易伙伴名称,人民币
1,第1章   活动物,110,中国香港,249285908.0
1,第1章   活动物,116,日本,11682811.0
1,第1章   活动物,132,新加坡,59440.0
1,第1章   活动物,133,韩国,519.0
1,第1章   活动物,136,泰国,15239486.0
1,第1章   活动物,202,安哥拉,5798150.0
1,第1章   活动物,303,英国,3416997.0
1,第1章   活动物,304,德国,3531523.0
1,第1章   活动物,502,美国,1138961.0
2,第2章   肉及食用杂碎,136,泰国,112653678.0
2,第2章   肉及食用杂碎,149,乌兹别克斯坦,5370406.0
2,第2章   肉及食用杂碎,234,纳米比亚,1423425.0
2,第2章   肉及食用杂碎,303,英国,132504946.0
2,第2章   肉及食用杂碎,344,俄罗斯,442865730.0
2,第2章   肉及食用杂碎,502,美国,499451318.0
2,第2章   肉及食用杂碎,601,澳大利亚,2020132690.0
3,第3章   鱼、甲壳动物、软体动物及其他水生无脊椎动物,110,中国香港,7088217.0
3,第3章   鱼、甲壳动物、软体动物及其他水生无脊椎动物,111,印度,745838506.0
3,第3章   鱼、甲壳动物、软体动物及其他水生无脊椎动物,112,印度尼西亚,506364508.0
3,第3章   鱼、甲壳动物、软体动物及其他水生无脊椎动物,113,伊朗,60026293.0
3,第3章   鱼、甲壳动物、软体动物及其他水生无脊椎动物,116,日本,697951.0
3,第3章   鱼、甲壳动物、软体动物及其他水生无脊椎动物,122,马来西亚,115698186.0
3,第3章   鱼、甲壳动物、软体动物及其他水生无脊椎动物,126,阿曼,14193492.0
3,第3章   鱼、甲壳动物、软体动物及其他水生无脊椎动物,133,韩国,68431309.0
3,第3章   鱼、甲壳动物、软体动物及其他水生无脊椎动物,136,泰国,268883748.0
3,第3章   鱼、甲壳动物、软体动物及其他水生无脊椎动物,141,越南,939472778.0
3,第3章   鱼、甲壳动物、软体动物及其他水生无脊椎动物,143,中国台湾,106150515.0
3,第3章   鱼、甲壳动物、软体动物及其他水生无脊椎动物,145,哈萨克斯坦,1861026.0
3,第3章   鱼、甲壳动物、软体动物及其他水生无脊椎动物,230,毛里塔尼亚,17724414.0
3,第3章   鱼、甲壳动物、软体动物及其他水生无脊椎动物,234,纳米比亚,746933.0
3,第3章   鱼、甲壳动物、软体动物及其他水生无脊椎动物,240,塞内加尔,20504642.0
3,第3章   鱼、甲壳动物、软体动物及其他水生无脊椎动物,303,英国,33703608.0
3,第3章   鱼、甲壳动物、软体动物及其他水生无脊椎动物,304,德国,16265779.0
3,第3章   鱼、甲壳动物、软体动物及其他水生无脊椎动物,344,俄罗斯,2409972772.0
3,第3章   鱼、甲壳动物、软体动物及其他水生无脊椎动物,401,安提瓜和巴布达,1620947.0
3,第3章   鱼、甲壳动物、软体动物及其他水生无脊椎动物,424,圭亚那,2475469.0
3,第3章   鱼、甲壳动物、软体动物及其他水生无脊椎动物,441,苏里南,5694960.0
3,第3章   鱼、甲壳动物、软体动物及其他水生无脊椎动物,502,美国,999603290.0
3,第3章   鱼、甲壳动物、软体动物及其他水生无脊椎动物,601,澳大利亚,375568598.0
4,第4章   乳品；蛋品；天然蜂蜜；其他食用动物产品,112,印度尼西亚,302322876.0
4,第4章   乳品；蛋品；天然蜂蜜；其他食用动物产品,113,伊朗,3254148.0
4,第4章   乳品；蛋品；天然蜂蜜；其他食用动物产品,122,马来西亚,161201756.0
4,第4章   乳品；蛋品；天然蜂蜜；其他食用动物产品,132,新加坡,6590134.0
4,第4章   乳品；蛋品；天然蜂蜜；其他食用动物产品,133,韩国,3502350.0
4,第4章   乳品；蛋品；天然蜂蜜；其他食用动物产品,136,泰国,5416793.0
4,第4章   乳品；蛋品；天然蜂蜜；其他食用动物产品,141,越南,11245629.0
4,第4章   乳品；蛋品；天然蜂蜜；其他食用动物产品,143,中国台湾,10977.0
4,第4章   乳品；蛋品；天然蜂蜜；其他食用动物产品,145,哈萨克斯坦,25305.0
4,第4章   乳品；蛋品；天然蜂蜜；其他食用动物产品,303,英国,61158780.0
4,第4章   乳品；蛋品；天然蜂蜜；其他食用动物产品,304,德国,143725240.0
4,第4章   乳品；蛋品；天然蜂蜜；其他食用动物产品,344,俄罗斯,5004074.0
4,第4章   乳品；蛋品；天然蜂蜜；其他食用动物产品,502,美国,160145965.0
4,第4章   乳品；蛋品；天然蜂蜜；其他食用动物产品,601,澳大利亚,400494586.0
5,第5章   其他动物产品,111,印度,190012.0
5,第5章   其他动物产品,112,印度尼西亚,5946746.0
5,第5章   其他动物产品,116,日本,1980619.0
5,第5章   其他动物产品,122,马来西亚,895419.0
5,第5章   其他动物产品,132,新加坡,23382.0
5,第5章   其他动物产品,133,韩国,16278663.0
5,第5章   其他动物产品,136,泰国,14920703.0
5,第5章   其他动物产品,139,也门,82805.0
5,第5章   其他动物产品,141,越南,24585781.0
5,第5章   其他动物产品,143,中国台湾,72446247.0
5,第5章   其他动物产品,145,哈萨克斯坦,2356524.0
5,第5章   其他动物产品,149,乌兹别克斯坦,10467962.0
5,第5章   其他动物产品,206,喀麦隆,33150.0
5,第5章   其他动物产品,240,塞内加尔,365479.0
5,第5章   其他动物产品,243,索马里,36055.0
5,第5章   其他动物产品,249,突尼斯,425592.0
5,第5章   其他动物产品,303,英国,1043292.0
5,第5章   其他动物产品,304,德国,2038592.0
5,第5章   其他动物产品,344,俄罗斯,10347364.0
5,第5章   其他动物产品,502,美国,139808988.0
5,第5章   其他动物产品,601,澳大利亚,24812837.0
6,第6章   活树及其他活植物；鳞茎、根及类似品；插花及装饰用簇叶,111,印度,336578.0
6,第6章   活树及其他活植物；鳞茎、根及类似品；插花及装饰用簇叶,112,印度尼西亚,257310.0
6,第6章   活树及其他活植物；鳞茎、根及类似品；插花及装饰用簇叶,113,伊朗,141594.0
6,第6章   活树及其他活植物；鳞茎、根及类似品；插花及装饰用簇叶,116,日本,2657062.0
6,第6章   活树及其他活植物；鳞茎、根及类似品；插花及装饰用簇叶,122,马来西亚,195985.0
6,第6章   活树及其他活植物；鳞茎、根及类似品；插花及装饰用簇叶,133,韩国,16737.0
6,第6章   活树及其他活植物；鳞茎、根及类似品；插花及装饰用簇叶,136,泰国,7702715.0
6,第6章   活树及其他活植物；鳞茎、根及类似品；插花及装饰用簇叶,141,越南,429678.0
6,第6章   活树及其他活植物；鳞茎、根及类似品；插花及装饰用簇叶,143,中国台湾,190259.0
6,第6章   活树及其他活植物；鳞茎、根及类似品；插花及装饰用簇叶,206,喀麦隆,4782.0
6,第6章   活树及其他活植物；鳞茎、根及类似品；插花及装饰用簇叶,217,埃塞俄比亚,178591.0
6,第6章   活树及其他活植物；鳞茎、根及类似品；插花及装饰用簇叶,304,德国,24507.0
6,第6章   活树及其他活植物；鳞茎、根及类似品；插花及装饰用簇叶,344,俄罗斯,22116.0
6,第6章   活树及其他活植物；鳞茎、根及类似品；插花及装饰用簇叶,502,美国,4270221.0
6,第6章   活树及其他活植物；鳞茎、根及类似品；插花及装饰用簇叶,601,澳大利亚,261989.0
7,第7章   食用蔬菜、根及块茎,111,印度,117402264.0
7,第7章   食用蔬菜、根及块茎,112,印度尼西亚,17042825.0
7,第7章   食用蔬菜、根及块茎,116,日本,1909.0
7,第7章   食用蔬菜、根及块茎,119,老挝,391517.0
7,第7章   食用蔬菜、根及块茎,122,马来西亚,2855360.0
7,第7章   食用蔬菜、根及块茎,133,韩国,151639.0
7,第7章   食用蔬菜、根及块茎,136,泰国,428323394.0
7,第7章   食用蔬菜、根及块茎,141,越南,123060738.0
7,第7章   食用蔬菜、根及块茎,142,中国,168323.0
7,第7章   食用蔬菜、根及块茎,145,哈萨克斯坦,15481853.0
7,第7章   食用蔬菜、根及块茎,149,乌兹别克斯坦,493203.0
7,第7章   食用蔬菜、根及块茎,217,埃塞俄比亚,24970644.0
7,第7章   食用蔬菜、根及块茎,303,英国,330783.0
7,第7章   食用蔬菜、根及块茎,344,俄罗斯,392380862.0
7,第7章   食用蔬菜、根及块茎,502,美国,4117270.0
7,第7章   食用蔬菜、根及块茎,601,澳大利亚,107393101.0
8,第8章   食用水果及坚果；甜瓜或柑橘属水果的果皮,112,印度尼西亚,158603903.0
8,第8章   食用水果及坚果；甜瓜或柑橘属水果的果皮,113,伊朗,20748483.0
8,第8章   食用水果及坚果；甜瓜或柑橘属水果的果皮,116,日本,2912458.0
8,第8章   食用水果及坚果；甜瓜或柑橘属水果的果皮,119,老挝,82363293.0
8,第8章   食用水果及坚果；甜瓜或柑橘属水果的果皮,122,马来西亚,119174273.0
8,第8章   食用水果及坚果；甜瓜或柑橘属水果的果皮,133,韩国,9522229.0
8,第8章   食用水果及坚果；甜瓜或柑橘属水果的果皮,136,泰国,2005932791.0
8,第8章   食用水果及坚果；甜瓜或柑橘属水果的果皮,141,越南,7439738702.0
8,第8章   食用水果及坚果；甜瓜或柑橘属水果的果皮,143,中国台湾,9171983.0
8,第8章   食用水果及坚果；甜瓜或柑橘属水果的果皮,149,乌兹别克斯坦,358651.0
8,第8章   食用水果及坚果；甜瓜或柑橘属水果的果皮,223,科特迪瓦,64500203.0
8,第8章   食用水果及坚果；甜瓜或柑橘属水果的果皮,304,德国,69279.0
8,第8章   食用水果及坚果；甜瓜或柑橘属水果的果皮,344,俄罗斯,22180434.0
8,第8章   食用水果及坚果；甜瓜或柑橘属水果的果皮,502,美国,22068473.0
8,第8章   食用水果及坚果；甜瓜或柑橘属水果的果皮,601,澳大利亚,1046412015.0
9,第9章   咖啡、茶、马黛茶及调味香料,110,中国香港,399791.0
9,第9章   咖啡、茶、马黛茶及调味香料,111,印度,122988954.0
9,第9章   咖啡、茶、马黛茶及调味香料,112,印度尼西亚,105298969.0
9,第9章   咖啡、茶、马黛茶及调味香料,113,伊朗,6448257.0
9,第9章   咖啡、茶、马黛茶及调味香料,116,日本,2414222.0
9,第9章   咖啡、茶、马黛茶及调味香料,119,老挝,11125495.0
9,第9章   咖啡、茶、马黛茶及调味香料,122,马来西亚,8750858.0
9,第9章   咖啡、茶、马黛茶及调味香料,125,尼泊尔,167788.0
9,第9章   咖啡、茶、马黛茶及调味香料,132,新加坡,781395.0
9,第9章   咖啡、茶、马黛茶及调味香料,133,韩国,227255.0
9,第9章   咖啡、茶、马黛茶及调味香料,136,泰国,7497140.0
9,第9章   咖啡、茶、马黛茶及调味香料,141,越南,86727293.0
9,第9章   咖啡、茶、马黛茶及调味香料,142,中国,425416.0
9,第9章   咖啡、茶、马黛茶及调味香料,143,中国台湾,8807277.0
9,第9章   咖啡、茶、马黛茶及调味香料,150,格鲁吉亚,4584281.0
9,第9章   咖啡、茶、马黛茶及调味香料,205,布隆迪,6271971.0
9,第9章   咖啡、茶、马黛茶及调味香料,217,埃塞俄比亚,535513209.0
9,第9章   咖啡、茶、马黛茶及调味香料,303,英国,1600577.0
9,第9章   咖啡、茶、马黛茶及调味香料,304,德国,1891666.0
9,第9章   咖啡、茶、马黛茶及调味香料,344,俄罗斯,229899.0
9,第9章   咖啡、茶、马黛茶及调味香料,440,萨尔瓦多,1734013.0
9,第9章   咖啡、茶、马黛茶及调味香料,502,美国,2679363.0
9,第9章   咖啡、茶、马黛茶及调味香料,601,澳大利亚,185106.0
10,第10章  谷物,111,印度,39015823.0
10,第10章  谷物,116,日本,927375.0
10,第10章  谷物,119,老挝,21815922.0
10,第10章  谷物,136,泰国,158428418.0
10,第10章  谷物,141,越南,177103297.0
10,第10章  谷物,145,哈萨克斯坦,61826621.0
10,第10章  谷物,304,德国,3264.0
10,第10章  谷物,344,俄罗斯,171419251.0
10,第10章  谷物,358,塞尔维亚,7916.0
10,第10章  谷物,502,美国,745318.0
10,第10章  谷物,601,澳大利亚,1774925707.0
11,第11章  制粉工业产品；麦芽；淀粉；菊粉；面筋,111,印度,3704.0
11,第11章  制粉工业产品；麦芽；淀粉；菊粉；面筋,112,印度尼西亚,2391380.0
11,第11章  制粉工业产品；麦芽；淀粉；菊粉；面筋,116,日本,23881835.0
11,第11章  制粉工业产品；麦芽；淀粉；菊粉；面筋,119,老挝,145110738.0
11,第11章  制粉工业产品；麦芽；淀粉；菊粉；面筋,122,马来西亚,255677.0
11,第11章  制粉工业产品；麦芽；淀粉；菊粉；面筋,133,韩国,493416.0
11,第11章  制粉工业产品；麦芽；淀粉；菊粉；面筋,136,泰国,323313683.0
11,第11章  制粉工业产品；麦芽；淀粉；菊粉；面筋,141,越南,529553442.0
11,第11章  制粉工业产品；麦芽；淀粉；菊粉；面筋,142,中国,10334.0
11,第11章  制粉工业产品；麦芽；淀粉；菊粉；面筋,143,中国台湾,766.0
11,第11章  制粉工业产品；麦芽；淀粉；菊粉；面筋,145,哈萨克斯坦,2713014.0
11,第11章  制粉工业产品；麦芽；淀粉；菊粉；面筋,303,英国,310861.0
11,第11章  制粉工业产品；麦芽；淀粉；菊粉；面筋,304,德国,6470457.0
11,第11章  制粉工业产品；麦芽；淀粉；菊粉；面筋,344,俄罗斯,10784822.0
11,第11章  制粉工业产品；麦芽；淀粉；菊粉；面筋,502,美国,864968.0
11,第11章  制粉工业产品；麦芽；淀粉；菊粉；面筋,601,澳大利亚,6543308.0
12,第12章  含油子仁及果实；杂项子仁及果仁；工业用或药用植物；稻草、秸秆及饲料,111,印度,92795232.0
12,第12章  含油子仁及果实；杂项子仁及果仁；工业用或药用植物；稻草、秸秆及饲料,112,印度尼西亚,182552836.0
12,第12章  含油子仁及果实；杂项子仁及果仁；工业用或药用植物；稻草、秸秆及饲料,113,伊朗,18147.0
12,第12章  含油子仁及果实；杂项子仁及果仁；工业用或药用植物；稻草、秸秆及饲料,116,日本,12024191.0
12,第12章  含油子仁及果实；杂项子仁及果仁；工业用或药用植物；稻草、秸秆及饲料,119,老挝,28854838.0
12,第12章  含油子仁及果实；杂项子仁及果仁；工业用或药用植物；稻草、秸秆及饲料,122,马来西亚,269279.0
12,第12章  含油子仁及果实；杂项子仁及果仁；工业用或药用植物；稻草、秸秆及饲料,133,韩国,73061271.0
12,第12章  含油子仁及果实；杂项子仁及果仁；工业用或药用植物；稻草、秸秆及饲料,136,泰国,26185312.0
12,第12章  含油子仁及果实；杂项子仁及果仁；工业用或药用植物；稻草、秸秆及饲料,141,越南,23128474.0
12,第12章  含油子仁及果实；杂项子仁及果仁；工业用或药用植物；稻草、秸秆及饲料,142,中国,6110772.0
12,第12章  含油子仁及果实；杂项子仁及果仁；工业用或药用植物；稻草、秸秆及饲料,143,中国台湾,1255797.0
12,第12章  含油子仁及果实；杂项子仁及果仁；工业用或药用植物；稻草、秸秆及饲料,145,哈萨克斯坦,54742965.0
12,第12章  含油子仁及果实；杂项子仁及果仁；工业用或药用植物；稻草、秸秆及饲料,149,乌兹别克斯坦,3180036.0
12,第12章  含油子仁及果实；杂项子仁及果仁；工业用或药用植物；稻草、秸秆及饲料,152,阿塞拜疆,628180.0
12,第12章  含油子仁及果实；杂项子仁及果仁；工业用或药用植物；稻草、秸秆及饲料,217,埃塞俄比亚,75953452.0
12,第12章  含油子仁及果实；杂项子仁及果仁；工业用或药用植物；稻草、秸秆及饲料,234,纳米比亚,295587.0
12,第12章  含油子仁及果实；杂项子仁及果仁；工业用或药用植物；稻草、秸秆及饲料,240,塞内加尔,10850678.0
12,第12章  含油子仁及果实；杂项子仁及果仁；工业用或药用植物；稻草、秸秆及饲料,303,英国,549657.0
12,第12章  含油子仁及果实；杂项子仁及果仁；工业用或药用植物；稻草、秸秆及饲料,304,德国,15819619.0
12,第12章  含油子仁及果实；杂项子仁及果仁；工业用或药用植物；稻草、秸秆及饲料,344,俄罗斯,130069887.0
12,第12章  含油子仁及果实；杂项子仁及果仁；工业用或药用植物；稻草、秸秆及饲料,358,塞尔维亚,371.0
12,第12章  含油子仁及果实；杂项子仁及果仁；工业用或药用植物；稻草、秸秆及饲料,502,美国,247797274.0
12,第12章  含油子仁及果实；杂项子仁及果仁；工业用或药用植物；稻草、秸秆及饲料,601,澳大利亚,222838198.0
13,第13章  虫胶；树胶、树脂及其他植物液、汁,110,中国香港,16889.0
13,第13章  虫胶；树胶、树脂及其他植物液、汁,111,印度,20885177.0
13,第13章  虫胶；树胶、树脂及其他植物液、汁,112,印度尼西亚,49429780.0
13,第13章  虫胶；树胶、树脂及其他植物液、汁,116,日本,2278389.0
13,第13章  虫胶；树胶、树脂及其他植物液、汁,132,新加坡,153824.0
13,第13章  虫胶；树胶、树脂及其他植物液、汁,133,韩国,6115313.0
13,第13章  虫胶；树胶、树脂及其他植物液、汁,136,泰国,4290884.0
13,第13章  虫胶；树胶、树脂及其他植物液、汁,141,越南,4565788.0
13,第13章  虫胶；树胶、树脂及其他植物液、汁,142,中国,26661.0
13,第13章  虫胶；树胶、树脂及其他植物液、汁,143,中国台湾,1503505.0
13,第13章  虫胶；树胶、树脂及其他植物液、汁,145,哈萨克斯坦,4422285.0
13,第13章  虫胶；树胶、树脂及其他植物液、汁,149,乌兹别克斯坦,456000.0
13,第13章  虫胶；树胶、树脂及其他植物液、汁,217,埃塞俄比亚,535380.0
13,第13章  虫胶；树胶、树脂及其他植物液、汁,243,索马里,1925584.0
13,第13章  虫胶；树胶、树脂及其他植物液、汁,303,英国,542526.0
13,第13章  虫胶；树胶、树脂及其他植物液、汁,304,德国,3367730.0
13,第13章  虫胶；树胶、树脂及其他植物液、汁,502,美国,13025342.0
13,第13章  虫胶；树胶、树脂及其他植物液、汁,601,澳大利亚,359709.0
13,第13章  虫胶；树胶、树脂及其他植物液、汁,701,国家（地区）不明,5349.0
14,第14章  编结用植物材料；其他植物产品,111,印度,18200414.0
14,第14章  编结用植物材料；其他植物产品,112,印度尼西亚,4584107.0
14,第14章  编结用植物材料；其他植物产品,113,伊朗,419395.0
14,第14章  编结用植物材料；其他植物产品,116,日本,37408.0
14,第14章  编结用植物材料；其他植物产品,119,老挝,528978.0
14,第14章  编结用植物材料；其他植物产品,122,马来西亚,8040888.0
14,第14章  编结用植物材料；其他植物产品,133,韩国,46380.0
14,第14章  编结用植物材料；其他植物产品,136,泰国,1449587.0
14,第14章  编结用植物材料；其他植物产品,141,越南,5527605.0
14,第14章  编结用植物材料；其他植物产品,142,中国,6131.0
14,第14章  编结用植物材料；其他植物产品,143,中国台湾,173611.0
14,第14章  编结用植物材料；其他植物产品,149,乌兹别克斯坦,190110.0
14,第14章  编结用植物材料；其他植物产品,234,纳米比亚,685352.0
14,第14章  编结用植物材料；其他植物产品,304,德国,151204.0
14,第14章  编结用植物材料；其他植物产品,502,美国,519384.0
15,动、植物或微生物油、脂及其分解产品；精制的食用油脂；动、植物蜡,110,中国香港,7735677.0
15,动、植物或微生物油、脂及其分解产品；精制的食用油脂；动、植物蜡,111,印度,502963594.0
15,动、植物或微生物油、脂及其分解产品；精制的食用油脂；动、植物蜡,112,印度尼西亚,4014221038.0
15,动、植物或微生物油、脂及其分解产品；精制的食用油脂；动、植物蜡,116,日本,7491724.0
15,动、植物或微生物油、脂及其分解产品；精制的食用油脂；动、植物蜡,122,马来西亚,942825932.0
15,动、植物或微生物油、脂及其分解产品；精制的食用油脂；动、植物蜡,126,阿曼,24627.0
15,动、植物或微生物油、脂及其分解产品；精制的食用油脂；动、植物蜡,132,新加坡,21059206.0
15,动、植物或微生物油、脂及其分解产品；精制的食用油脂；动、植物蜡,133,韩国,35300842.0
15,动、植物或微生物油、脂及其分解产品；精制的食用油脂；动、植物蜡,135,叙利亚,427018.0
15,动、植物或微生物油、脂及其分解产品；精制的食用油脂；动、植物蜡,136,泰国,150692333.0
15,动、植物或微生物油、脂及其分解产品；精制的食用油脂；动、植物蜡,141,越南,16139794.0
15,动、植物或微生物油、脂及其分解产品；精制的食用油脂；动、植物蜡,142,中国,6193534.0
15,动、植物或微生物油、脂及其分解产品；精制的食用油脂；动、植物蜡,143,中国台湾,803433.0
15,动、植物或微生物油、脂及其分解产品；精制的食用油脂；动、植物蜡,145,哈萨克斯坦,23130789.0
15,动、植物或微生物油、脂及其分解产品；精制的食用油脂；动、植物蜡,234,纳米比亚,42264.0
15,动、植物或微生物油、脂及其分解产品；精制的食用油脂；动、植物蜡,240,塞内加尔,11799217.0
15,动、植物或微生物油、脂及其分解产品；精制的食用油脂；动、植物蜡,242,塞拉利昂,447.0
15,动、植物或微生物油、脂及其分解产品；精制的食用油脂；动、植物蜡,249,突尼斯,650434.0
15,动、植物或微生物油、脂及其分解产品；精制的食用油脂；动、植物蜡,303,英国,3973058.0
15,动、植物或微生物油、脂及其分解产品；精制的食用油脂；动、植物蜡,304,德国,62639283.0
15,动、植物或微生物油、脂及其分解产品；精制的食用油脂；动、植物蜡,344,俄罗斯,1127174770.0
15,动、植物或微生物油、脂及其分解产品；精制的食用油脂；动、植物蜡,502,美国,102657876.0
15,动、植物或微生物油、脂及其分解产品；精制的食用油脂；动、植物蜡,601,澳大利亚,161296005.0
16,第16章  肉、鱼、甲壳动物、软体动物及其他水生无脊椎动物、昆虫的制品,111,印度,1202420.0
16,第16章  肉、鱼、甲壳动物、软体动物及其他水生无脊椎动物、昆虫的制品,112,印度尼西亚,8475507.0
16,第16章  肉、鱼、甲壳动物、软体动物及其他水生无脊椎动物、昆虫的制品,122,马来西亚,3615228.0
16,第16章  肉、鱼、甲壳动物、软体动物及其他水生无脊椎动物、昆虫的制品,126,阿曼,48302.0
16,第16章  肉、鱼、甲壳动物、软体动物及其他水生无脊椎动物、昆虫的制品,133,韩国,35199888.0
16,第16章  肉、鱼、甲壳动物、软体动物及其他水生无脊椎动物、昆虫的制品,136,泰国,41041858.0
16,第16章  肉、鱼、甲壳动物、软体动物及其他水生无脊椎动物、昆虫的制品,141,越南,20148812.0
16,第16章  肉、鱼、甲壳动物、软体动物及其他水生无脊椎动物、昆虫的制品,143,中国台湾,959347.0
16,第16章  肉、鱼、甲壳动物、软体动物及其他水生无脊椎动物、昆虫的制品,344,俄罗斯,219972.0
16,第16章  肉、鱼、甲壳动物、软体动物及其他水生无脊椎动物、昆虫的制品,502,美国,170210688.0
16,第16章  肉、鱼、甲壳动物、软体动物及其他水生无脊椎动物、昆虫的制品,601,澳大利亚,1232566.0
17,第17章  糖及糖食,110,中国香港,3429941.0
17,第17章  糖及糖食,111,印度,1023852.0
17,第17章  糖及糖食,112,印度尼西亚,7387203.0
17,第17章  糖及糖食,113,伊朗,59995.0
17,第17章  糖及糖食,116,日本,31210504.0
17,第17章  糖及糖食,119,老挝,42697633.0
17,第17章  糖及糖食,120,黎巴嫩,5690.0
17,第17章  糖及糖食,122,马来西亚,76526490.0
17,第17章  糖及糖食,132,新加坡,140744.0
17,第17章  糖及糖食,133,韩国,69424769.0
17,第17章  糖及糖食,135,叙利亚,13890.0
17,第17章  糖及糖食,136,泰国,68826050.0
17,第17章  糖及糖食,141,越南,2346754.0
17,第17章  糖及糖食,142,中国,348584.0
17,第17章  糖及糖食,143,中国台湾,4704016.0
17,第17章  糖及糖食,145,哈萨克斯坦,232250.0
17,第17章  糖及糖食,231,毛里求斯,8763279.0
17,第17章  糖及糖食,303,英国,1332460.0
17,第17章  糖及糖食,304,德国,48721627.0
17,第17章  糖及糖食,344,俄罗斯,1271774.0
17,第17章  糖及糖食,502,美国,123152081.0
17,第17章  糖及糖食,601,澳大利亚,18395140.0
18,第18章  可可及可可制品,110,中国香港,391456.0
18,第18章  可可及可可制品,111,印度,301984.0
18,第18章  可可及可可制品,112,印度尼西亚,494271968.0
18,第18章  可可及可可制品,116,日本,13951752.0
18,第18章  可可及可可制品,120,黎巴嫩,7190208.0
18,第18章  可可及可可制品,122,马来西亚,230761981.0
18,第18章  可可及可可制品,132,新加坡,117506158.0
18,第18章  可可及可可制品,133,韩国,7958263.0
18,第18章  可可及可可制品,136,泰国,11834773.0
18,第18章  可可及可可制品,141,越南,3451297.0
18,第18章  可可及可可制品,142,中国,250222.0
18,第18章  可可及可可制品,143,中国台湾,7338.0
18,第18章  可可及可可制品,145,哈萨克斯坦,7233213.0
18,第18章  可可及可可制品,206,喀麦隆,732738.0
18,第18章  可可及可可制品,221,几内亚,5339109.0
18,第18章  可可及可可制品,223,科特迪瓦,49263340.0
18,第18章  可可及可可制品,242,塞拉利昂,1356.0
18,第18章  可可及可可制品,303,英国,17112079.0
18,第18章  可可及可可制品,304,德国,32678085.0
18,第18章  可可及可可制品,344,俄罗斯,33962909.0
18,第18章  可可及可可制品,414,多米尼克,172.0
18,第18章  可可及可可制品,502,美国,27350051.0
18,第18章  可可及可可制品,601,澳大利亚,6189309.0
19,第19章  谷物、粮食粉、淀粉或乳的制品；糕饼点心,110,中国香港,536263431.0
19,第19章  谷物、粮食粉、淀粉或乳的制品；糕饼点心,111,印度,3071216.0
19,第19章  谷物、粮食粉、淀粉或乳的制品；糕饼点心,112,印度尼西亚,135767609.0
19,第19章  谷物、粮食粉、淀粉或乳的制品；糕饼点心,113,伊朗,71398.0
19,第19章  谷物、粮食粉、淀粉或乳的制品；糕饼点心,116,日本,39227965.0
19,第19章  谷物、粮食粉、淀粉或乳的制品；糕饼点心,122,马来西亚,26774358.0
19,第19章  谷物、粮食粉、淀粉或乳的制品；糕饼点心,132,新加坡,11193589.0
19,第19章  谷物、粮食粉、淀粉或乳的制品；糕饼点心,133,韩国,427982830.0
19,第19章  谷物、粮食粉、淀粉或乳的制品；糕饼点心,135,叙利亚,5424.0
19,第19章  谷物、粮食粉、淀粉或乳的制品；糕饼点心,136,泰国,51634568.0
19,第19章  谷物、粮食粉、淀粉或乳的制品；糕饼点心,141,越南,43190762.0
19,第19章  谷物、粮食粉、淀粉或乳的制品；糕饼点心,142,中国,2213608.0
19,第19章  谷物、粮食粉、淀粉或乳的制品；糕饼点心,143,中国台湾,22018757.0
19,第19章  谷物、粮食粉、淀粉或乳的制品；糕饼点心,145,哈萨克斯坦,1315367.0
19,第19章  谷物、粮食粉、淀粉或乳的制品；糕饼点心,149,乌兹别克斯坦,494310.0
19,第19章  谷物、粮食粉、淀粉或乳的制品；糕饼点心,152,阿塞拜疆,144482.0
19,第19章  谷物、粮食粉、淀粉或乳的制品；糕饼点心,303,英国,9570751.0
19,第19章  谷物、粮食粉、淀粉或乳的制品；糕饼点心,304,德国,410684607.0
19,第19章  谷物、粮食粉、淀粉或乳的制品；糕饼点心,344,俄罗斯,9639989.0
19,第19章  谷物、粮食粉、淀粉或乳的制品；糕饼点心,351,克罗地亚,184339.0
19,第19章  谷物、粮食粉、淀粉或乳的制品；糕饼点心,502,美国,23724606.0
19,第19章  谷物、粮食粉、淀粉或乳的制品；糕饼点心,601,澳大利亚,112330509.0
20,第20章  蔬菜、水果、坚果或植物其他部分的制品,110,中国香港,13110055.0
20,第20章  蔬菜、水果、坚果或植物其他部分的制品,111,印度,6188332.0
20,第20章  蔬菜、水果、坚果或植物其他部分的制品,112,印度尼西亚,36061314.0
20,第20章  蔬菜、水果、坚果或植物其他部分的制品,116,日本,10124054.0
20,第20章  蔬菜、水果、坚果或植物其他部分的制品,120,黎巴嫩,5041.0
20,第20章  蔬菜、水果、坚果或植物其他部分的制品,122,马来西亚,6738622.0
20,第20章  蔬菜、水果、坚果或植物其他部分的制品,132,新加坡,8053989.0
20,第20章  蔬菜、水果、坚果或植物其他部分的制品,133,韩国,41536316.0
20,第20章  蔬菜、水果、坚果或植物其他部分的制品,135,叙利亚,119314.0
20,第20章  蔬菜、水果、坚果或植物其他部分的制品,136,泰国,281218594.0
20,第20章  蔬菜、水果、坚果或植物其他部分的制品,141,越南,320090975.0
20,第20章  蔬菜、水果、坚果或植物其他部分的制品,142,中国,2995514.0
20,第20章  蔬菜、水果、坚果或植物其他部分的制品,143,中国台湾,3857923.0
20,第20章  蔬菜、水果、坚果或植物其他部分的制品,249,突尼斯,452.0
20,第20章  蔬菜、水果、坚果或植物其他部分的制品,303,英国,1393945.0
20,第20章  蔬菜、水果、坚果或植物其他部分的制品,304,德国,7563884.0
20,第20章  蔬菜、水果、坚果或植物其他部分的制品,344,俄罗斯,1827942.0
20,第20章  蔬菜、水果、坚果或植物其他部分的制品,502,美国,26983471.0
20,第20章  蔬菜、水果、坚果或植物其他部分的制品,601,澳大利亚,3992674.0
21,第21章  杂项食品,110,中国香港,460579120.0
21,第21章  杂项食品,111,印度,7622691.0
21,第21章  杂项食品,112,印度尼西亚,80907397.0
21,第21章  杂项食品,116,日本,216837167.0
21,第21章  杂项食品,119,老挝,560610.0
21,第21章  杂项食品,122,马来西亚,68694183.0
21,第21章  杂项食品,132,新加坡,151571915.0
21,第21章  杂项食品,133,韩国,205397381.0
21,第21章  杂项食品,135,叙利亚,40409.0
21,第21章  杂项食品,136,泰国,530732089.0
21,第21章  杂项食品,139,也门,484.0
21,第21章  杂项食品,141,越南,182010562.0
21,第21章  杂项食品,142,中国,16246508.0
21,第21章  杂项食品,143,中国台湾,41375805.0
21,第21章  杂项食品,151,亚美尼亚,1927.0
21,第21章  杂项食品,303,英国,239632803.0
21,第21章  杂项食品,304,德国,831889516.0
21,第21章  杂项食品,324,马耳他,289.0
21,第21章  杂项食品,344,俄罗斯,2848956.0
21,第21章  杂项食品,351,克罗地亚,269245.0
21,第21章  杂项食品,358,塞尔维亚,323078.0
21,第21章  杂项食品,502,美国,1072560508.0
21,第21章  杂项食品,601,澳大利亚,588868182.0
22,第22章  饮料、酒及醋,102,巴林,240.0
22,第22章  饮料、酒及醋,104,不丹,70.0
22,第22章  饮料、酒及醋,110,中国香港,34543847.0
22,第22章  饮料、酒及醋,111,印度,113870.0
22,第22章  饮料、酒及醋,112,印度尼西亚,6078341.0
22,第22章  饮料、酒及醋,113,伊朗,1685.0
22,第22章  饮料、酒及醋,116,日本,196997612.0
22,第22章  饮料、酒及醋,119,老挝,1740624.0
22,第22章  饮料、酒及醋,120,黎巴嫩,451815.0
22,第22章  饮料、酒及醋,122,马来西亚,1732966.0
22,第22章  饮料、酒及醋,125,尼泊尔,199.0
22,第22章  饮料、酒及醋,126,阿曼,116887.0
22,第22章  饮料、酒及醋,132,新加坡,1816799.0
22,第22章  饮料、酒及醋,133,韩国,314356708.0
22,第22章  饮料、酒及醋,135,叙利亚,23470.0
22,第22章  饮料、酒及醋,136,泰国,58253349.0
22,第22章  饮料、酒及醋,141,越南,24880959.0
22,第22章  饮料、酒及醋,142,中国,125995969.0
22,第22章  饮料、酒及醋,143,中国台湾,57974573.0
22,第22章  饮料、酒及醋,145,哈萨克斯坦,123656.0
22,第22章  饮料、酒及醋,148,土库曼斯坦,92797.0
22,第22章  饮料、酒及醋,150,格鲁吉亚,7670086.0
22,第22章  饮料、酒及醋,151,亚美尼亚,2116164.0
22,第22章  饮料、酒及醋,217,埃塞俄比亚,111980.0
22,第22章  饮料、酒及醋,231,毛里求斯,44736.0
22,第22章  饮料、酒及醋,303,英国,263893428.0
22,第22章  饮料、酒及醋,304,德国,134784674.0
22,第22章  饮料、酒及醋,344,俄罗斯,5202376.0
22,第22章  饮料、酒及醋,358,塞尔维亚,82062.0
22,第22章  饮料、酒及醋,424,圭亚那,8372.0
22,第22章  饮料、酒及醋,502,美国,58320590.0
22,第22章  饮料、酒及醋,601,澳大利亚,242658056.0
23,第23章  食品工业的残渣及废料；配制的动物饲料,111,印度,135535734.0
23,第23章  食品工业的残渣及废料；配制的动物饲料,112,印度尼西亚,66060497.0
23,第23章  食品工业的残渣及废料；配制的动物饲料,116,日本,9080798.0
23,第23章  食品工业的残渣及废料；配制的动物饲料,122,马来西亚,101482126.0
23,第23章  食品工业的残渣及废料；配制的动物饲料,132,新加坡,4950614.0
23,第23章  食品工业的残渣及废料；配制的动物饲料,133,韩国,2490026.0
23,第23章  食品工业的残渣及废料；配制的动物饲料,136,泰国,64323256.0
23,第23章  食品工业的残渣及废料；配制的动物饲料,141,越南,395181535.0
23,第23章  食品工业的残渣及废料；配制的动物饲料,143,中国台湾,5251198.0
23,第23章  食品工业的残渣及废料；配制的动物饲料,145,哈萨克斯坦,477604905.0
23,第23章  食品工业的残渣及废料；配制的动物饲料,230,毛里塔尼亚,3424000.0
23,第23章  食品工业的残渣及废料；配制的动物饲料,234,纳米比亚,3480655.0
23,第23章  食品工业的残渣及废料；配制的动物饲料,303,英国,5268529.0
23,第23章  食品工业的残渣及废料；配制的动物饲料,304,德国,12177925.0
23,第23章  食品工业的残渣及废料；配制的动物饲料,344,俄罗斯,224984695.0
23,第23章  食品工业的残渣及废料；配制的动物饲料,351,克罗地亚,2265600.0
23,第23章  食品工业的残渣及废料；配制的动物饲料,502,美国,446774716.0
23,第23章  食品工业的残渣及废料；配制的动物饲料,601,澳大利亚,22196572.0
24,第24章  烟草、烟草及烟草代用品的制品；非经燃烧吸用的产品，不论是否含有尼古丁；其他供人体摄入尼古丁的含尼古丁的产品,110,中国香港,6945713.0
24,第24章  烟草、烟草及烟草代用品的制品；非经燃烧吸用的产品，不论是否含有尼古丁；其他供人体摄入尼古丁的含尼古丁的产品,112,印度尼西亚,48615022.0
24,第24章  烟草、烟草及烟草代用品的制品；非经燃烧吸用的产品，不论是否含有尼古丁；其他供人体摄入尼古丁的含尼古丁的产品,116,日本,32349274.0
24,第24章  烟草、烟草及烟草代用品的制品；非经燃烧吸用的产品，不论是否含有尼古丁；其他供人体摄入尼古丁的含尼古丁的产品,119,老挝,3950024.0
24,第24章  烟草、烟草及烟草代用品的制品；非经燃烧吸用的产品，不论是否含有尼古丁；其他供人体摄入尼古丁的含尼古丁的产品,133,韩国,63759125.0
24,第24章  烟草、烟草及烟草代用品的制品；非经燃烧吸用的产品，不论是否含有尼古丁；其他供人体摄入尼古丁的含尼古丁的产品,136,泰国,371197.0
24,第24章  烟草、烟草及烟草代用品的制品；非经燃烧吸用的产品，不论是否含有尼古丁；其他供人体摄入尼古丁的含尼古丁的产品,141,越南,553368.0
24,第24章  烟草、烟草及烟草代用品的制品；非经燃烧吸用的产品，不论是否含有尼古丁；其他供人体摄入尼古丁的含尼古丁的产品,142,中国,64046605.0
24,第24章  烟草、烟草及烟草代用品的制品；非经燃烧吸用的产品，不论是否含有尼古丁；其他供人体摄入尼古丁的含尼古丁的产品,143,中国台湾,2992009.0
24,第24章  烟草、烟草及烟草代用品的制品；非经燃烧吸用的产品，不论是否含有尼古丁；其他供人体摄入尼古丁的含尼古丁的产品,151,亚美尼亚,22405591.0
24,第24章  烟草、烟草及烟草代用品的制品；非经燃烧吸用的产品，不论是否含有尼古丁；其他供人体摄入尼古丁的含尼古丁的产品,303,英国,1543636.0
24,第24章  烟草、烟草及烟草代用品的制品；非经燃烧吸用的产品，不论是否含有尼古丁；其他供人体摄入尼古丁的含尼古丁的产品,304,德国,728915.0
24,第24章  烟草、烟草及烟草代用品的制品；非经燃烧吸用的产品，不论是否含有尼古丁；其他供人体摄入尼古丁的含尼古丁的产品,502,美国,19881578.0
25,第25章  盐；硫磺；泥土及石料；石膏料、石灰及水泥,110,中国香港,10548.0
25,第25章  盐；硫磺；泥土及石料；石膏料、石灰及水泥,111,印度,433313838.0
25,第25章  盐；硫磺；泥土及石料；石膏料、石灰及水泥,112,印度尼西亚,39547300.0
25,第25章  盐；硫磺；泥土及石料；石膏料、石灰及水泥,113,伊朗,105313010.0
25,第25章  盐；硫磺；泥土及石料；石膏料、石灰及水泥,116,日本,125815838.0
25,第25章  盐；硫磺；泥土及石料；石膏料、石灰及水泥,119,老挝,109338611.0
25,第25章  盐；硫磺；泥土及石料；石膏料、石灰及水泥,120,黎巴嫩,381694.0
25,第25章  盐；硫磺；泥土及石料；石膏料、石灰及水泥,122,马来西亚,74607202.0
25,第25章  盐；硫磺；泥土及石料；石膏料、石灰及水泥,126,阿曼,192721743.0
25,第25章  盐；硫磺；泥土及石料；石膏料、石灰及水泥,133,韩国,204936510.0
25,第25章  盐；硫磺；泥土及石料；石膏料、石灰及水泥,136,泰国,15092178.0
25,第25章  盐；硫磺；泥土及石料；石膏料、石灰及水泥,141,越南,52135049.0
25,第25章  盐；硫磺；泥土及石料；石膏料、石灰及水泥,142,中国,869856.0
25,第25章  盐；硫磺；泥土及石料；石膏料、石灰及水泥,143,中国台湾,82908639.0
25,第25章  盐；硫磺；泥土及石料；石膏料、石灰及水泥,145,哈萨克斯坦,17689869.0
25,第25章  盐；硫磺；泥土及石料；石膏料、石灰及水泥,148,土库曼斯坦,251655.0
25,第25章  盐；硫磺；泥土及石料；石膏料、石灰及水泥,149,乌兹别克斯坦,6901.0
25,第25章  盐；硫磺；泥土及石料；石膏料、石灰及水泥,151,亚美尼亚,378520.0
25,第25章  盐；硫磺；泥土及石料；石膏料、石灰及水泥,152,阿塞拜疆,1321143.0
25,第25章  盐；硫磺；泥土及石料；石膏料、石灰及水泥,202,安哥拉,19689852.0
25,第25章  盐；硫磺；泥土及石料；石膏料、石灰及水泥,217,埃塞俄比亚,5662717.0
25,第25章  盐；硫磺；泥土及石料；石膏料、石灰及水泥,221,几内亚,408153.0
25,第25章  盐；硫磺；泥土及石料；石膏料、石灰及水泥,225,利比里亚,8745.0
25,第25章  盐；硫磺；泥土及石料；石膏料、石灰及水泥,230,毛里塔尼亚,430.0
25,第25章  盐；硫磺；泥土及石料；石膏料、石灰及水泥,234,纳米比亚,27426583.0
25,第25章  盐；硫磺；泥土及石料；石膏料、石灰及水泥,240,塞内加尔,29655.0
25,第25章  盐；硫磺；泥土及石料；石膏料、石灰及水泥,242,塞拉利昂,1328536.0
25,第25章  盐；硫磺；泥土及石料；石膏料、石灰及水泥,249,突尼斯,1244100.0
25,第25章  盐；硫磺；泥土及石料；石膏料、石灰及水泥,303,英国,9511885.0
25,第25章  盐；硫磺；泥土及石料；石膏料、石灰及水泥,304,德国,12075219.0
25,第25章  盐；硫磺；泥土及石料；石膏料、石灰及水泥,344,俄罗斯,98612077.0
25,第25章  盐；硫磺；泥土及石料；石膏料、石灰及水泥,351,克罗地亚,10621643.0
25,第25章  盐；硫磺；泥土及石料；石膏料、石灰及水泥,358,塞尔维亚,635163.0
25,第25章  盐；硫磺；泥土及石料；石膏料、石灰及水泥,424,圭亚那,22453.0
25,第25章  盐；硫磺；泥土及石料；石膏料、石灰及水泥,502,美国,261975590.0
25,第25章  盐；硫磺；泥土及石料；石膏料、石灰及水泥,601,澳大利亚,1882582343.0
26,第26章  矿砂、矿渣及矿灰,111,印度,503390283.0
26,第26章  矿砂、矿渣及矿灰,112,印度尼西亚,5302036204.0
26,第26章  矿砂、矿渣及矿灰,113,伊朗,457970024.0
26,第26章  矿砂、矿渣及矿灰,116,日本,1703197.0
26,第26章  矿砂、矿渣及矿灰,119,老挝,653827888.0
26,第26章  矿砂、矿渣及矿灰,122,马来西亚,953092855.0
26,第26章  矿砂、矿渣及矿灰,126,阿曼,1658960712.0
26,第26章  矿砂、矿渣及矿灰,133,韩国,18800287.0
26,第26章  矿砂、矿渣及矿灰,136,泰国,97200485.0
26,第26章  矿砂、矿渣及矿灰,141,越南,166536265.0
26,第26章  矿砂、矿渣及矿灰,143,中国台湾,240687086.0
26,第26章  矿砂、矿渣及矿灰,145,哈萨克斯坦,2419566768.0
26,第26章  矿砂、矿渣及矿灰,149,乌兹别克斯坦,58299248.0
26,第26章  矿砂、矿渣及矿灰,150,格鲁吉亚,319670945.0
26,第26章  矿砂、矿渣及矿灰,151,亚美尼亚,489943097.0
26,第26章  矿砂、矿渣及矿灰,152,阿塞拜疆,5885389.0
26,第26章  矿砂、矿渣及矿灰,204,博茨瓦纳,773703919.0
26,第26章  矿砂、矿渣及矿灰,205,布隆迪,2227.0
26,第26章  矿砂、矿渣及矿灰,217,埃塞俄比亚,3544225.0
26,第26章  矿砂、矿渣及矿灰,218,加蓬,335576995.0
26,第26章  矿砂、矿渣及矿灰,221,几内亚,5487206320.0
26,第26章  矿砂、矿渣及矿灰,223,科特迪瓦,216988740.0
26,第26章  矿砂、矿渣及矿灰,225,利比里亚,960305.0
26,第26章  矿砂、矿渣及矿灰,230,毛里塔尼亚,801742622.0
26,第26章  矿砂、矿渣及矿灰,234,纳米比亚,7549079.0
26,第26章  矿砂、矿渣及矿灰,240,塞内加尔,48798736.0
26,第26章  矿砂、矿渣及矿灰,242,塞拉利昂,830527278.0
26,第26章  矿砂、矿渣及矿灰,243,索马里,121118.0
26,第26章  矿砂、矿渣及矿灰,303,英国,499774.0
26,第26章  矿砂、矿渣及矿灰,304,德国,169908.0
26,第26章  矿砂、矿渣及矿灰,344,俄罗斯,5263757495.0
26,第26章  矿砂、矿渣及矿灰,358,塞尔维亚,1374024420.0
26,第26章  矿砂、矿渣及矿灰,424,圭亚那,97671146.0
26,第26章  矿砂、矿渣及矿灰,502,美国,30974081.0
26,第26章  矿砂、矿渣及矿灰,601,澳大利亚,54039214789.0
26,第26章  矿砂、矿渣及矿灰,607,新喀里多尼亚,13705726.0
27,第27章  矿物燃料、矿物油及其蒸馏产品；沥青物质；矿物蜡,102,巴林,242176932.0
27,第27章  矿物燃料、矿物油及其蒸馏产品；沥青物质；矿物蜡,110,中国香港,75001080.0
27,第27章  矿物燃料、矿物油及其蒸馏产品；沥青物质；矿物蜡,111,印度,927478880.0
27,第27章  矿物燃料、矿物油及其蒸馏产品；沥青物质；矿物蜡,112,印度尼西亚,20276178638.0
27,第27章  矿物燃料、矿物油及其蒸馏产品；沥青物质；矿物蜡,113,伊朗,4847406.0
27,第27章  矿物燃料、矿物油及其蒸馏产品；沥青物质；矿物蜡,116,日本,458977539.0
27,第27章  矿物燃料、矿物油及其蒸馏产品；沥青物质；矿物蜡,119,老挝,7931016.0
27,第27章  矿物燃料、矿物油及其蒸馏产品；沥青物质；矿物蜡,122,马来西亚,16871589654.0
27,第27章  矿物燃料、矿物油及其蒸馏产品；沥青物质；矿物蜡,126,阿曼,12079148479.0
27,第27章  矿物燃料、矿物油及其蒸馏产品；沥青物质；矿物蜡,132,新加坡,2074472587.0
27,第27章  矿物燃料、矿物油及其蒸馏产品；沥青物质；矿物蜡,133,韩国,2523231582.0
27,第27章  矿物燃料、矿物油及其蒸馏产品；沥青物质；矿物蜡,136,泰国,336149907.0
27,第27章  矿物燃料、矿物油及其蒸馏产品；沥青物质；矿物蜡,141,越南,68123629.0
27,第27章  矿物燃料、矿物油及其蒸馏产品；沥青物质；矿物蜡,142,中国,621460.0
27,第27章  矿物燃料、矿物油及其蒸馏产品；沥青物质；矿物蜡,143,中国台湾,253636319.0
27,第27章  矿物燃料、矿物油及其蒸馏产品；沥青物质；矿物蜡,145,哈萨克斯坦,1805730908.0
27,第27章  矿物燃料、矿物油及其蒸馏产品；沥青物质；矿物蜡,148,土库曼斯坦,5419160222.0
27,第27章  矿物燃料、矿物油及其蒸馏产品；沥青物质；矿物蜡,149,乌兹别克斯坦,475768144.0
27,第27章  矿物燃料、矿物油及其蒸馏产品；沥青物质；矿物蜡,202,安哥拉,8163833136.0
27,第27章  矿物燃料、矿物油及其蒸馏产品；沥青物质；矿物蜡,206,喀麦隆,492706925.0
27,第27章  矿物燃料、矿物油及其蒸馏产品；沥青物质；矿物蜡,218,加蓬,647439909.0
27,第27章  矿物燃料、矿物油及其蒸馏产品；沥青物质；矿物蜡,303,英国,1192725238.0
27,第27章  矿物燃料、矿物油及其蒸馏产品；沥青物质；矿物蜡,304,德国,152029608.0
27,第27章  矿物燃料、矿物油及其蒸馏产品；沥青物质；矿物蜡,344,俄罗斯,46126469198.0
27,第27章  矿物燃料、矿物油及其蒸馏产品；沥青物质；矿物蜡,502,美国,3437831526.0
27,第27章  矿物燃料、矿物油及其蒸馏产品；沥青物质；矿物蜡,601,澳大利亚,10647355103.0
27,第27章  矿物燃料、矿物油及其蒸馏产品；沥青物质；矿物蜡,701,国家（地区）不明,3824.0
28,第28章  无机化学品；贵金属、稀土金属、放射性元素及其同位素的有机及无机化合物,110,中国香港,418225.0
28,第28章  无机化学品；贵金属、稀土金属、放射性元素及其同位素的有机及无机化合物,111,印度,129626031.0
28,第28章  无机化学品；贵金属、稀土金属、放射性元素及其同位素的有机及无机化合物,112,印度尼西亚,729955803.0
28,第28章  无机化学品；贵金属、稀土金属、放射性元素及其同位素的有机及无机化合物,113,伊朗,27280496.0
28,第28章  无机化学品；贵金属、稀土金属、放射性元素及其同位素的有机及无机化合物,116,日本,732541121.0
28,第28章  无机化学品；贵金属、稀土金属、放射性元素及其同位素的有机及无机化合物,119,老挝,250119673.0
28,第28章  无机化学品；贵金属、稀土金属、放射性元素及其同位素的有机及无机化合物,122,马来西亚,162635647.0
28,第28章  无机化学品；贵金属、稀土金属、放射性元素及其同位素的有机及无机化合物,132,新加坡,29938295.0
28,第28章  无机化学品；贵金属、稀土金属、放射性元素及其同位素的有机及无机化合物,133,韩国,2084610663.0
28,第28章  无机化学品；贵金属、稀土金属、放射性元素及其同位素的有机及无机化合物,136,泰国,28654549.0
28,第28章  无机化学品；贵金属、稀土金属、放射性元素及其同位素的有机及无机化合物,141,越南,134193222.0
28,第28章  无机化学品；贵金属、稀土金属、放射性元素及其同位素的有机及无机化合物,142,中国,46906675.0
28,第28章  无机化学品；贵金属、稀土金属、放射性元素及其同位素的有机及无机化合物,143,中国台湾,192183076.0
28,第28章  无机化学品；贵金属、稀土金属、放射性元素及其同位素的有机及无机化合物,145,哈萨克斯坦,1729732579.0
28,第28章  无机化学品；贵金属、稀土金属、放射性元素及其同位素的有机及无机化合物,148,土库曼斯坦,13935377.0
28,第28章  无机化学品；贵金属、稀土金属、放射性元素及其同位素的有机及无机化合物,149,乌兹别克斯坦,2229662.0
28,第28章  无机化学品；贵金属、稀土金属、放射性元素及其同位素的有机及无机化合物,150,格鲁吉亚,1992494.0
28,第28章  无机化学品；贵金属、稀土金属、放射性元素及其同位素的有机及无机化合物,217,埃塞俄比亚,3442624.0
28,第28章  无机化学品；贵金属、稀土金属、放射性元素及其同位素的有机及无机化合物,234,纳米比亚,324515463.0
28,第28章  无机化学品；贵金属、稀土金属、放射性元素及其同位素的有机及无机化合物,249,突尼斯,5522.0
28,第28章  无机化学品；贵金属、稀土金属、放射性元素及其同位素的有机及无机化合物,303,英国,22048741.0
28,第28章  无机化学品；贵金属、稀土金属、放射性元素及其同位素的有机及无机化合物,304,德国,521348937.0
28,第28章  无机化学品；贵金属、稀土金属、放射性元素及其同位素的有机及无机化合物,344,俄罗斯,3595662676.0
28,第28章  无机化学品；贵金属、稀土金属、放射性元素及其同位素的有机及无机化合物,358,塞尔维亚,13790172.0
28,第28章  无机化学品；贵金属、稀土金属、放射性元素及其同位素的有机及无机化合物,502,美国,392328282.0
28,第28章  无机化学品；贵金属、稀土金属、放射性元素及其同位素的有机及无机化合物,601,澳大利亚,23533435.0
29,第29章  有机化学品,102,巴林,19283914.0
29,第29章  有机化学品,110,中国香港,1429582.0
29,第29章  有机化学品,111,印度,960720459.0
29,第29章  有机化学品,112,印度尼西亚,943658107.0
29,第29章  有机化学品,113,伊朗,312733571.0
29,第29章  有机化学品,116,日本,2885946431.0
29,第29章  有机化学品,119,老挝,8445455.0
29,第29章  有机化学品,122,马来西亚,1097065184.0
29,第29章  有机化学品,126,阿曼,1063597044.0
29,第29章  有机化学品,132,新加坡,735210691.0
29,第29章  有机化学品,133,韩国,6065347287.0
29,第29章  有机化学品,136,泰国,551964052.0
29,第29章  有机化学品,141,越南,319306997.0
29,第29章  有机化学品,142,中国,52686902.0
29,第29章  有机化学品,143,中国台湾,1936908942.0
29,第29章  有机化学品,145,哈萨克斯坦,269098.0
29,第29章  有机化学品,149,乌兹别克斯坦,12508359.0
29,第29章  有机化学品,151,亚美尼亚,25148.0
29,第29章  有机化学品,303,英国,64251319.0
29,第29章  有机化学品,304,德国,514362272.0
29,第29章  有机化学品,324,马耳他,1081.0
29,第29章  有机化学品,344,俄罗斯,124026561.0
29,第29章  有机化学品,351,克罗地亚,619253.0
29,第29章  有机化学品,425,海地,113005.0
29,第29章  有机化学品,502,美国,3258836658.0
29,第29章  有机化学品,601,澳大利亚,1810523.0
29,第29章  有机化学品,701,国家（地区）不明,44212.0
30,第30章  药品,110,中国香港,274857357.0
30,第30章  药品,111,印度,91951745.0
30,第30章  药品,112,印度尼西亚,5371885.0
30,第30章  药品,113,伊朗,1226.0
30,第30章  药品,116,日本,1127095112.0
30,第30章  药品,122,马来西亚,5586.0
30,第30章  药品,125,尼泊尔,227997.0
30,第30章  药品,132,新加坡,130103734.0
30,第30章  药品,133,韩国,227011035.0
30,第30章  药品,136,泰国,35069294.0
30,第30章  药品,141,越南,2078931.0
30,第30章  药品,142,中国,16580605.0
30,第30章  药品,143,中国台湾,122697457.0
30,第30章  药品,150,格鲁吉亚,429833.0
30,第30章  药品,303,英国,645298805.0
30,第30章  药品,304,德国,4321405884.0
30,第30章  药品,324,马耳他,2788.0
30,第30章  药品,344,俄罗斯,11213032.0
30,第30章  药品,502,美国,3034695185.0
30,第30章  药品,601,澳大利亚,126490298.0
31,第31章  肥料,111,印度,236376.0
31,第31章  肥料,112,印度尼西亚,5577.0
31,第31章  肥料,116,日本,12556791.0
31,第31章  肥料,119,老挝,694613745.0
31,第31章  肥料,122,马来西亚,401195.0
31,第31章  肥料,133,韩国,62182.0
31,第31章  肥料,136,泰国,201703.0
31,第31章  肥料,141,越南,1017772.0
31,第31章  肥料,143,中国台湾,5040913.0
31,第31章  肥料,149,乌兹别克斯坦,26044997.0
31,第31章  肥料,303,英国,7337967.0
31,第31章  肥料,304,德国,36442236.0
31,第31章  肥料,324,马耳他,3962.0
31,第31章  肥料,344,俄罗斯,1273464229.0
31,第31章  肥料,502,美国,29613139.0
31,第31章  肥料,601,澳大利亚,43369.0
32,第32章  鞣料浸膏及染料浸膏；鞣酸及其衍生物；染料、颜料及其他着色料；油漆及清漆；油灰及其他类似胶粘剂；墨水、油墨,110,中国香港,1111516.0
32,第32章  鞣料浸膏及染料浸膏；鞣酸及其衍生物；染料、颜料及其他着色料；油漆及清漆；油灰及其他类似胶粘剂；墨水、油墨,111,印度,128830333.0
32,第32章  鞣料浸膏及染料浸膏；鞣酸及其衍生物；染料、颜料及其他着色料；油漆及清漆；油灰及其他类似胶粘剂；墨水、油墨,112,印度尼西亚,23697766.0
32,第32章  鞣料浸膏及染料浸膏；鞣酸及其衍生物；染料、颜料及其他着色料；油漆及清漆；油灰及其他类似胶粘剂；墨水、油墨,113,伊朗,1262.0
32,第32章  鞣料浸膏及染料浸膏；鞣酸及其衍生物；染料、颜料及其他着色料；油漆及清漆；油灰及其他类似胶粘剂；墨水、油墨,116,日本,1137595410.0
32,第32章  鞣料浸膏及染料浸膏；鞣酸及其衍生物；染料、颜料及其他着色料；油漆及清漆；油灰及其他类似胶粘剂；墨水、油墨,122,马来西亚,73559469.0
32,第32章  鞣料浸膏及染料浸膏；鞣酸及其衍生物；染料、颜料及其他着色料；油漆及清漆；油灰及其他类似胶粘剂；墨水、油墨,125,尼泊尔,31990.0
32,第32章  鞣料浸膏及染料浸膏；鞣酸及其衍生物；染料、颜料及其他着色料；油漆及清漆；油灰及其他类似胶粘剂；墨水、油墨,132,新加坡,54298966.0
32,第32章  鞣料浸膏及染料浸膏；鞣酸及其衍生物；染料、颜料及其他着色料；油漆及清漆；油灰及其他类似胶粘剂；墨水、油墨,133,韩国,600911648.0
32,第32章  鞣料浸膏及染料浸膏；鞣酸及其衍生物；染料、颜料及其他着色料；油漆及清漆；油灰及其他类似胶粘剂；墨水、油墨,136,泰国,39566653.0
32,第32章  鞣料浸膏及染料浸膏；鞣酸及其衍生物；染料、颜料及其他着色料；油漆及清漆；油灰及其他类似胶粘剂；墨水、油墨,141,越南,15020450.0
32,第32章  鞣料浸膏及染料浸膏；鞣酸及其衍生物；染料、颜料及其他着色料；油漆及清漆；油灰及其他类似胶粘剂；墨水、油墨,142,中国,14100612.0
32,第32章  鞣料浸膏及染料浸膏；鞣酸及其衍生物；染料、颜料及其他着色料；油漆及清漆；油灰及其他类似胶粘剂；墨水、油墨,143,中国台湾,201726104.0
32,第32章  鞣料浸膏及染料浸膏；鞣酸及其衍生物；染料、颜料及其他着色料；油漆及清漆；油灰及其他类似胶粘剂；墨水、油墨,149,乌兹别克斯坦,10250513.0
32,第32章  鞣料浸膏及染料浸膏；鞣酸及其衍生物；染料、颜料及其他着色料；油漆及清漆；油灰及其他类似胶粘剂；墨水、油墨,303,英国,51670629.0
32,第32章  鞣料浸膏及染料浸膏；鞣酸及其衍生物；染料、颜料及其他着色料；油漆及清漆；油灰及其他类似胶粘剂；墨水、油墨,304,德国,303493698.0
32,第32章  鞣料浸膏及染料浸膏；鞣酸及其衍生物；染料、颜料及其他着色料；油漆及清漆；油灰及其他类似胶粘剂；墨水、油墨,344,俄罗斯,863137.0
32,第32章  鞣料浸膏及染料浸膏；鞣酸及其衍生物；染料、颜料及其他着色料；油漆及清漆；油灰及其他类似胶粘剂；墨水、油墨,351,克罗地亚,32995.0
32,第32章  鞣料浸膏及染料浸膏；鞣酸及其衍生物；染料、颜料及其他着色料；油漆及清漆；油灰及其他类似胶粘剂；墨水、油墨,358,塞尔维亚,210660.0
32,第32章  鞣料浸膏及染料浸膏；鞣酸及其衍生物；染料、颜料及其他着色料；油漆及清漆；油灰及其他类似胶粘剂；墨水、油墨,502,美国,185062479.0
32,第32章  鞣料浸膏及染料浸膏；鞣酸及其衍生物；染料、颜料及其他着色料；油漆及清漆；油灰及其他类似胶粘剂；墨水、油墨,601,澳大利亚,31615125.0
32,第32章  鞣料浸膏及染料浸膏；鞣酸及其衍生物；染料、颜料及其他着色料；油漆及清漆；油灰及其他类似胶粘剂；墨水、油墨,701,国家（地区）不明,60945.0
33,第33章  精油及香膏；芳香料制品及化妆盥洗品,110,中国香港,44232303.0
33,第33章  精油及香膏；芳香料制品及化妆盥洗品,111,印度,54431613.0
33,第33章  精油及香膏；芳香料制品及化妆盥洗品,112,印度尼西亚,43988877.0
33,第33章  精油及香膏；芳香料制品及化妆盥洗品,113,伊朗,498078.0
33,第33章  精油及香膏；芳香料制品及化妆盥洗品,116,日本,1915169969.0
33,第33章  精油及香膏；芳香料制品及化妆盥洗品,119,老挝,436572.0
33,第33章  精油及香膏；芳香料制品及化妆盥洗品,120,黎巴嫩,1258.0
33,第33章  精油及香膏；芳香料制品及化妆盥洗品,122,马来西亚,9554324.0
33,第33章  精油及香膏；芳香料制品及化妆盥洗品,125,尼泊尔,355533.0
33,第33章  精油及香膏；芳香料制品及化妆盥洗品,126,阿曼,1396118.0
33,第33章  精油及香膏；芳香料制品及化妆盥洗品,132,新加坡,125632720.0
33,第33章  精油及香膏；芳香料制品及化妆盥洗品,133,韩国,1576746249.0
33,第33章  精油及香膏；芳香料制品及化妆盥洗品,135,叙利亚,687051.0
33,第33章  精油及香膏；芳香料制品及化妆盥洗品,136,泰国,142047697.0
33,第33章  精油及香膏；芳香料制品及化妆盥洗品,141,越南,3658210.0
33,第33章  精油及香膏；芳香料制品及化妆盥洗品,142,中国,61080703.0
33,第33章  精油及香膏；芳香料制品及化妆盥洗品,143,中国台湾,86450540.0
33,第33章  精油及香膏；芳香料制品及化妆盥洗品,145,哈萨克斯坦,74214.0
33,第33章  精油及香膏；芳香料制品及化妆盥洗品,212,科摩罗,14489.0
33,第33章  精油及香膏；芳香料制品及化妆盥洗品,223,科特迪瓦,203.0
33,第33章  精油及香膏；芳香料制品及化妆盥洗品,234,纳米比亚,275925.0
33,第33章  精油及香膏；芳香料制品及化妆盥洗品,240,塞内加尔,302.0
33,第33章  精油及香膏；芳香料制品及化妆盥洗品,243,索马里,2043.0
33,第33章  精油及香膏；芳香料制品及化妆盥洗品,249,突尼斯,663319.0
33,第33章  精油及香膏；芳香料制品及化妆盥洗品,303,英国,698990752.0
33,第33章  精油及香膏；芳香料制品及化妆盥洗品,304,德国,190555950.0
33,第33章  精油及香膏；芳香料制品及化妆盥洗品,344,俄罗斯,1767554.0
33,第33章  精油及香膏；芳香料制品及化妆盥洗品,351,克罗地亚,131347.0
33,第33章  精油及香膏；芳香料制品及化妆盥洗品,358,塞尔维亚,32271.0
33,第33章  精油及香膏；芳香料制品及化妆盥洗品,399,欧洲其他国家(地区),887.0
33,第33章  精油及香膏；芳香料制品及化妆盥洗品,425,海地,1423654.0
33,第33章  精油及香膏；芳香料制品及化妆盥洗品,502,美国,763096553.0
33,第33章  精油及香膏；芳香料制品及化妆盥洗品,601,澳大利亚,122345299.0
33,第33章  精油及香膏；芳香料制品及化妆盥洗品,701,国家（地区）不明,52.0
34,第34章  肥皂、有机表面活性剂、洗涤剂、润滑剂、人造蜡、调制蜡、光洁剂、蜡烛及类似品、塑型用膏、“牙科用蜡”及牙科用熟石膏制剂,110,中国香港,9068920.0
34,第34章  肥皂、有机表面活性剂、洗涤剂、润滑剂、人造蜡、调制蜡、光洁剂、蜡烛及类似品、塑型用膏、“牙科用蜡”及牙科用熟石膏制剂,111,印度,31462888.0
34,第34章  肥皂、有机表面活性剂、洗涤剂、润滑剂、人造蜡、调制蜡、光洁剂、蜡烛及类似品、塑型用膏、“牙科用蜡”及牙科用熟石膏制剂,112,印度尼西亚,196485602.0
34,第34章  肥皂、有机表面活性剂、洗涤剂、润滑剂、人造蜡、调制蜡、光洁剂、蜡烛及类似品、塑型用膏、“牙科用蜡”及牙科用熟石膏制剂,113,伊朗,92254.0
34,第34章  肥皂、有机表面活性剂、洗涤剂、润滑剂、人造蜡、调制蜡、光洁剂、蜡烛及类似品、塑型用膏、“牙科用蜡”及牙科用熟石膏制剂,116,日本,1001388364.0
34,第34章  肥皂、有机表面活性剂、洗涤剂、润滑剂、人造蜡、调制蜡、光洁剂、蜡烛及类似品、塑型用膏、“牙科用蜡”及牙科用熟石膏制剂,119,老挝,31713.0
34,第34章  肥皂、有机表面活性剂、洗涤剂、润滑剂、人造蜡、调制蜡、光洁剂、蜡烛及类似品、塑型用膏、“牙科用蜡”及牙科用熟石膏制剂,122,马来西亚,136153485.0
34,第34章  肥皂、有机表面活性剂、洗涤剂、润滑剂、人造蜡、调制蜡、光洁剂、蜡烛及类似品、塑型用膏、“牙科用蜡”及牙科用熟石膏制剂,132,新加坡,124473911.0
34,第34章  肥皂、有机表面活性剂、洗涤剂、润滑剂、人造蜡、调制蜡、光洁剂、蜡烛及类似品、塑型用膏、“牙科用蜡”及牙科用熟石膏制剂,133,韩国,357995611.0
34,第34章  肥皂、有机表面活性剂、洗涤剂、润滑剂、人造蜡、调制蜡、光洁剂、蜡烛及类似品、塑型用膏、“牙科用蜡”及牙科用熟石膏制剂,135,叙利亚,115.0
34,第34章  肥皂、有机表面活性剂、洗涤剂、润滑剂、人造蜡、调制蜡、光洁剂、蜡烛及类似品、塑型用膏、“牙科用蜡”及牙科用熟石膏制剂,136,泰国,97639371.0
34,第34章  肥皂、有机表面活性剂、洗涤剂、润滑剂、人造蜡、调制蜡、光洁剂、蜡烛及类似品、塑型用膏、“牙科用蜡”及牙科用熟石膏制剂,141,越南,18094550.0
34,第34章  肥皂、有机表面活性剂、洗涤剂、润滑剂、人造蜡、调制蜡、光洁剂、蜡烛及类似品、塑型用膏、“牙科用蜡”及牙科用熟石膏制剂,142,中国,7124706.0
34,第34章  肥皂、有机表面活性剂、洗涤剂、润滑剂、人造蜡、调制蜡、光洁剂、蜡烛及类似品、塑型用膏、“牙科用蜡”及牙科用熟石膏制剂,143,中国台湾,280976433.0
34,第34章  肥皂、有机表面活性剂、洗涤剂、润滑剂、人造蜡、调制蜡、光洁剂、蜡烛及类似品、塑型用膏、“牙科用蜡”及牙科用熟石膏制剂,217,埃塞俄比亚,50.0
34,第34章  肥皂、有机表面活性剂、洗涤剂、润滑剂、人造蜡、调制蜡、光洁剂、蜡烛及类似品、塑型用膏、“牙科用蜡”及牙科用熟石膏制剂,231,毛里求斯,32.0
34,第34章  肥皂、有机表面活性剂、洗涤剂、润滑剂、人造蜡、调制蜡、光洁剂、蜡烛及类似品、塑型用膏、“牙科用蜡”及牙科用熟石膏制剂,303,英国,63347369.0
34,第34章  肥皂、有机表面活性剂、洗涤剂、润滑剂、人造蜡、调制蜡、光洁剂、蜡烛及类似品、塑型用膏、“牙科用蜡”及牙科用熟石膏制剂,304,德国,409682878.0
34,第34章  肥皂、有机表面活性剂、洗涤剂、润滑剂、人造蜡、调制蜡、光洁剂、蜡烛及类似品、塑型用膏、“牙科用蜡”及牙科用熟石膏制剂,344,俄罗斯,1190678.0
34,第34章  肥皂、有机表面活性剂、洗涤剂、润滑剂、人造蜡、调制蜡、光洁剂、蜡烛及类似品、塑型用膏、“牙科用蜡”及牙科用熟石膏制剂,358,塞尔维亚,1986551.0
34,第34章  肥皂、有机表面活性剂、洗涤剂、润滑剂、人造蜡、调制蜡、光洁剂、蜡烛及类似品、塑型用膏、“牙科用蜡”及牙科用熟石膏制剂,424,圭亚那,129.0
34,第34章  肥皂、有机表面活性剂、洗涤剂、润滑剂、人造蜡、调制蜡、光洁剂、蜡烛及类似品、塑型用膏、“牙科用蜡”及牙科用熟石膏制剂,440,萨尔瓦多,158141.0
34,第34章  肥皂、有机表面活性剂、洗涤剂、润滑剂、人造蜡、调制蜡、光洁剂、蜡烛及类似品、塑型用膏、“牙科用蜡”及牙科用熟石膏制剂,502,美国,366479437.0
34,第34章  肥皂、有机表面活性剂、洗涤剂、润滑剂、人造蜡、调制蜡、光洁剂、蜡烛及类似品、塑型用膏、“牙科用蜡”及牙科用熟石膏制剂,601,澳大利亚,14629996.0
34,第34章  肥皂、有机表面活性剂、洗涤剂、润滑剂、人造蜡、调制蜡、光洁剂、蜡烛及类似品、塑型用膏、“牙科用蜡”及牙科用熟石膏制剂,701,国家（地区）不明,2.0
35,第35章  蛋白类物质；改性淀粉；胶；酶,110,中国香港,570660.0
35,第35章  蛋白类物质；改性淀粉；胶；酶,111,印度,3181394.0
35,第35章  蛋白类物质；改性淀粉；胶；酶,112,印度尼西亚,6325048.0
35,第35章  蛋白类物质；改性淀粉；胶；酶,116,日本,802406291.0
35,第35章  蛋白类物质；改性淀粉；胶；酶,122,马来西亚,15513926.0
35,第35章  蛋白类物质；改性淀粉；胶；酶,126,阿曼,177498.0
35,第35章  蛋白类物质；改性淀粉；胶；酶,132,新加坡,62567045.0
35,第35章  蛋白类物质；改性淀粉；胶；酶,133,韩国,227733663.0
35,第35章  蛋白类物质；改性淀粉；胶；酶,136,泰国,111428232.0
35,第35章  蛋白类物质；改性淀粉；胶；酶,141,越南,75261055.0
35,第35章  蛋白类物质；改性淀粉；胶；酶,142,中国,21333585.0
35,第35章  蛋白类物质；改性淀粉；胶；酶,143,中国台湾,128966300.0
35,第35章  蛋白类物质；改性淀粉；胶；酶,149,乌兹别克斯坦,666400.0
35,第35章  蛋白类物质；改性淀粉；胶；酶,303,英国,51686238.0
35,第35章  蛋白类物质；改性淀粉；胶；酶,304,德国,391201212.0
35,第35章  蛋白类物质；改性淀粉；胶；酶,344,俄罗斯,92879.0
35,第35章  蛋白类物质；改性淀粉；胶；酶,502,美国,289443732.0
35,第35章  蛋白类物质；改性淀粉；胶；酶,601,澳大利亚,40046129.0
35,第35章  蛋白类物质；改性淀粉；胶；酶,701,国家（地区）不明,1368.0
36,第36章  炸药；烟火制品；引火合金；易燃材料制品,116,日本,220622.0
36,第36章  炸药；烟火制品；引火合金；易燃材料制品,122,马来西亚,13621572.0
36,第36章  炸药；烟火制品；引火合金；易燃材料制品,136,泰国,30983315.0
36,第36章  炸药；烟火制品；引火合金；易燃材料制品,303,英国,1554.0
36,第36章  炸药；烟火制品；引火合金；易燃材料制品,304,德国,5543094.0
36,第36章  炸药；烟火制品；引火合金；易燃材料制品,502,美国,13287071.0
36,第36章  炸药；烟火制品；引火合金；易燃材料制品,601,澳大利亚,228551.0
37,第37章  照相及电影用品,111,印度,44613.0
37,第37章  照相及电影用品,116,日本,1365674701.0
37,第37章  照相及电影用品,122,马来西亚,19822703.0
37,第37章  照相及电影用品,132,新加坡,4214654.0
37,第37章  照相及电影用品,133,韩国,568298453.0
37,第37章  照相及电影用品,136,泰国,201008.0
37,第37章  照相及电影用品,141,越南,364296.0
37,第37章  照相及电影用品,142,中国,102596726.0
37,第37章  照相及电影用品,143,中国台湾,182650446.0
37,第37章  照相及电影用品,303,英国,1002590.0
37,第37章  照相及电影用品,304,德国,30355271.0
37,第37章  照相及电影用品,502,美国,186246163.0
37,第37章  照相及电影用品,601,澳大利亚,22132.0
38,第38章  杂项化学产品,110,中国香港,86660870.0
38,第38章  杂项化学产品,111,印度,165742579.0
38,第38章  杂项化学产品,112,印度尼西亚,2044933144.0
38,第38章  杂项化学产品,116,日本,2767877181.0
38,第38章  杂项化学产品,119,老挝,9947067.0
38,第38章  杂项化学产品,122,马来西亚,682994603.0
38,第38章  杂项化学产品,125,尼泊尔,27183.0
38,第38章  杂项化学产品,126,阿曼,478587.0
38,第38章  杂项化学产品,132,新加坡,669500723.0
38,第38章  杂项化学产品,133,韩国,1212181841.0
38,第38章  杂项化学产品,136,泰国,236446278.0
38,第38章  杂项化学产品,141,越南,251575777.0
38,第38章  杂项化学产品,142,中国,93504201.0
38,第38章  杂项化学产品,143,中国台湾,800101293.0
38,第38章  杂项化学产品,145,哈萨克斯坦,12857846.0
38,第38章  杂项化学产品,149,乌兹别克斯坦,1509814.0
38,第38章  杂项化学产品,150,格鲁吉亚,3794800.0
38,第38章  杂项化学产品,223,科特迪瓦,1249480.0
38,第38章  杂项化学产品,240,塞内加尔,1226598.0
38,第38章  杂项化学产品,303,英国,367677535.0
38,第38章  杂项化学产品,304,德国,1727417343.0
38,第38章  杂项化学产品,344,俄罗斯,22496143.0
38,第38章  杂项化学产品,358,塞尔维亚,6665223.0
38,第38章  杂项化学产品,502,美国,1921266458.0
38,第38章  杂项化学产品,601,澳大利亚,24089394.0
38,第38章  杂项化学产品,701,国家（地区）不明,7322.0
39,第39章  塑料及其制品,102,巴林,556940.0
39,第39章  塑料及其制品,110,中国香港,95204339.0
39,第39章  塑料及其制品,111,印度,229510392.0
39,第39章  塑料及其制品,112,印度尼西亚,175223552.0
39,第39章  塑料及其制品,113,伊朗,673432970.0
39,第39章  塑料及其制品,116,日本,5979578384.0
39,第39章  塑料及其制品,119,老挝,2013765.0
39,第39章  塑料及其制品,120,黎巴嫩,857.0
39,第39章  塑料及其制品,122,马来西亚,1202660782.0
39,第39章  塑料及其制品,125,尼泊尔,15168.0
39,第39章  塑料及其制品,126,阿曼,13642983.0
39,第39章  塑料及其制品,132,新加坡,1773189510.0
39,第39章  塑料及其制品,133,韩国,5306316236.0
39,第39章  塑料及其制品,136,泰国,1372522469.0
39,第39章  塑料及其制品,141,越南,297554855.0
39,第39章  塑料及其制品,142,中国,507461166.0
39,第39章  塑料及其制品,143,中国台湾,2831846058.0
39,第39章  塑料及其制品,145,哈萨克斯坦,16765062.0
39,第39章  塑料及其制品,148,土库曼斯坦,16911.0
39,第39章  塑料及其制品,149,乌兹别克斯坦,9075515.0
39,第39章  塑料及其制品,151,亚美尼亚,2018.0
39,第39章  塑料及其制品,152,阿塞拜疆,12820801.0
39,第39章  塑料及其制品,218,加蓬,199.0
39,第39章  塑料及其制品,223,科特迪瓦,3983.0
39,第39章  塑料及其制品,231,毛里求斯,28432.0
39,第39章  塑料及其制品,240,塞内加尔,433.0
39,第39章  塑料及其制品,249,突尼斯,6692478.0
39,第39章  塑料及其制品,303,英国,272625844.0
39,第39章  塑料及其制品,304,德国,1847032155.0
39,第39章  塑料及其制品,324,马耳他,13604856.0
39,第39章  塑料及其制品,344,俄罗斯,247168921.0
39,第39章  塑料及其制品,351,克罗地亚,953923.0
39,第39章  塑料及其制品,358,塞尔维亚,1646480.0
39,第39章  塑料及其制品,417,库拉索,29.0
39,第39章  塑料及其制品,440,萨尔瓦多,2664.0
39,第39章  塑料及其制品,502,美国,3246397526.0
39,第39章  塑料及其制品,601,澳大利亚,19835701.0
39,第39章  塑料及其制品,607,新喀里多尼亚,766.0
39,第39章  塑料及其制品,701,国家（地区）不明,1026390.0
40,第40章  橡胶及其制品,110,中国香港,1972142.0
40,第40章  橡胶及其制品,111,印度,49648065.0
40,第40章  橡胶及其制品,112,印度尼西亚,565727151.0
40,第40章  橡胶及其制品,113,伊朗,2284.0
40,第40章  橡胶及其制品,116,日本,791517344.0
40,第40章  橡胶及其制品,119,老挝,675164984.0
40,第40章  橡胶及其制品,122,马来西亚,891269074.0
40,第40章  橡胶及其制品,126,阿曼,5119.0
40,第40章  橡胶及其制品,132,新加坡,132410877.0
40,第40章  橡胶及其制品,133,韩国,549924456.0
40,第40章  橡胶及其制品,136,泰国,3346613595.0
40,第40章  橡胶及其制品,141,越南,1801489603.0
40,第40章  橡胶及其制品,142,中国,56841447.0
40,第40章  橡胶及其制品,143,中国台湾,149490268.0
40,第40章  橡胶及其制品,149,乌兹别克斯坦,2217.0
40,第40章  橡胶及其制品,150,格鲁吉亚,877.0
40,第40章  橡胶及其制品,206,喀麦隆,1213163.0
40,第40章  橡胶及其制品,223,科特迪瓦,380370338.0
40,第40章  橡胶及其制品,249,突尼斯,415985.0
40,第40章  橡胶及其制品,303,英国,63010101.0
40,第40章  橡胶及其制品,304,德国,385224198.0
40,第40章  橡胶及其制品,324,马耳他,2249060.0
40,第40章  橡胶及其制品,344,俄罗斯,495290229.0
40,第40章  橡胶及其制品,351,克罗地亚,550711.0
40,第40章  橡胶及其制品,358,塞尔维亚,5776612.0
40,第40章  橡胶及其制品,502,美国,314374548.0
40,第40章  橡胶及其制品,601,澳大利亚,5841242.0
40,第40章  橡胶及其制品,701,国家（地区）不明,384868.0
41,第41章  生皮（毛皮除外）及皮革,110,中国香港,36651.0
41,第41章  生皮（毛皮除外）及皮革,111,印度,23419060.0
41,第41章  生皮（毛皮除外）及皮革,112,印度尼西亚,7875810.0
41,第41章  生皮（毛皮除外）及皮革,113,伊朗,424751.0
41,第41章  生皮（毛皮除外）及皮革,116,日本,9033290.0
41,第41章  生皮（毛皮除外）及皮革,122,马来西亚,366055.0
41,第41章  生皮（毛皮除外）及皮革,132,新加坡,2553335.0
41,第41章  生皮（毛皮除外）及皮革,133,韩国,46716936.0
41,第41章  生皮（毛皮除外）及皮革,136,泰国,81482824.0
41,第41章  生皮（毛皮除外）及皮革,141,越南,32237527.0
41,第41章  生皮（毛皮除外）及皮革,142,中国,25586344.0
41,第41章  生皮（毛皮除外）及皮革,143,中国台湾,18024417.0
41,第41章  生皮（毛皮除外）及皮革,149,乌兹别克斯坦,9520296.0
41,第41章  生皮（毛皮除外）及皮革,152,阿塞拜疆,1061361.0
41,第41章  生皮（毛皮除外）及皮革,205,布隆迪,143952.0
41,第41章  生皮（毛皮除外）及皮革,217,埃塞俄比亚,8916878.0
41,第41章  生皮（毛皮除外）及皮革,230,毛里塔尼亚,701477.0
41,第41章  生皮（毛皮除外）及皮革,231,毛里求斯,23023.0
41,第41章  生皮（毛皮除外）及皮革,234,纳米比亚,167745.0
41,第41章  生皮（毛皮除外）及皮革,240,塞内加尔,1422566.0
41,第41章  生皮（毛皮除外）及皮革,303,英国,25308848.0
41,第41章  生皮（毛皮除外）及皮革,304,德国,5807743.0
41,第41章  生皮（毛皮除外）及皮革,344,俄罗斯,819992.0
41,第41章  生皮（毛皮除外）及皮革,351,克罗地亚,889159.0
41,第41章  生皮（毛皮除外）及皮革,502,美国,148053816.0
41,第41章  生皮（毛皮除外）及皮革,601,澳大利亚,223296678.0
41,第41章  生皮（毛皮除外）及皮革,701,国家（地区）不明,1822.0
42,第42章  皮革制品；鞍具及挽具；旅行用品、手提包及类似容器；动物肠线（蚕胶丝除外）制品,102,巴林,1838.0
42,第42章  皮革制品；鞍具及挽具；旅行用品、手提包及类似容器；动物肠线（蚕胶丝除外）制品,104,不丹,1000.0
42,第42章  皮革制品；鞍具及挽具；旅行用品、手提包及类似容器；动物肠线（蚕胶丝除外）制品,110,中国香港,2622958.0
42,第42章  皮革制品；鞍具及挽具；旅行用品、手提包及类似容器；动物肠线（蚕胶丝除外）制品,111,印度,81303352.0
42,第42章  皮革制品；鞍具及挽具；旅行用品、手提包及类似容器；动物肠线（蚕胶丝除外）制品,112,印度尼西亚,63245959.0
42,第42章  皮革制品；鞍具及挽具；旅行用品、手提包及类似容器；动物肠线（蚕胶丝除外）制品,113,伊朗,271.0
42,第42章  皮革制品；鞍具及挽具；旅行用品、手提包及类似容器；动物肠线（蚕胶丝除外）制品,116,日本,20261598.0
42,第42章  皮革制品；鞍具及挽具；旅行用品、手提包及类似容器；动物肠线（蚕胶丝除外）制品,119,老挝,22162.0
42,第42章  皮革制品；鞍具及挽具；旅行用品、手提包及类似容器；动物肠线（蚕胶丝除外）制品,122,马来西亚,254516.0
42,第42章  皮革制品；鞍具及挽具；旅行用品、手提包及类似容器；动物肠线（蚕胶丝除外）制品,125,尼泊尔,547009.0
42,第42章  皮革制品；鞍具及挽具；旅行用品、手提包及类似容器；动物肠线（蚕胶丝除外）制品,132,新加坡,83993.0
42,第42章  皮革制品；鞍具及挽具；旅行用品、手提包及类似容器；动物肠线（蚕胶丝除外）制品,133,韩国,134673555.0
42,第42章  皮革制品；鞍具及挽具；旅行用品、手提包及类似容器；动物肠线（蚕胶丝除外）制品,136,泰国,26332639.0
42,第42章  皮革制品；鞍具及挽具；旅行用品、手提包及类似容器；动物肠线（蚕胶丝除外）制品,141,越南,252344142.0
42,第42章  皮革制品；鞍具及挽具；旅行用品、手提包及类似容器；动物肠线（蚕胶丝除外）制品,142,中国,120703847.0
42,第42章  皮革制品；鞍具及挽具；旅行用品、手提包及类似容器；动物肠线（蚕胶丝除外）制品,143,中国台湾,652956.0
42,第42章  皮革制品；鞍具及挽具；旅行用品、手提包及类似容器；动物肠线（蚕胶丝除外）制品,145,哈萨克斯坦,1821.0
42,第42章  皮革制品；鞍具及挽具；旅行用品、手提包及类似容器；动物肠线（蚕胶丝除外）制品,150,格鲁吉亚,12456.0
42,第42章  皮革制品；鞍具及挽具；旅行用品、手提包及类似容器；动物肠线（蚕胶丝除外）制品,151,亚美尼亚,33756.0
42,第42章  皮革制品；鞍具及挽具；旅行用品、手提包及类似容器；动物肠线（蚕胶丝除外）制品,217,埃塞俄比亚,253103.0
42,第42章  皮革制品；鞍具及挽具；旅行用品、手提包及类似容器；动物肠线（蚕胶丝除外）制品,231,毛里求斯,853390.0
42,第42章  皮革制品；鞍具及挽具；旅行用品、手提包及类似容器；动物肠线（蚕胶丝除外）制品,249,突尼斯,6275902.0
42,第42章  皮革制品；鞍具及挽具；旅行用品、手提包及类似容器；动物肠线（蚕胶丝除外）制品,303,英国,4599753.0
42,第42章  皮革制品；鞍具及挽具；旅行用品、手提包及类似容器；动物肠线（蚕胶丝除外）制品,304,德国,13196913.0
42,第42章  皮革制品；鞍具及挽具；旅行用品、手提包及类似容器；动物肠线（蚕胶丝除外）制品,344,俄罗斯,2807.0
42,第42章  皮革制品；鞍具及挽具；旅行用品、手提包及类似容器；动物肠线（蚕胶丝除外）制品,351,克罗地亚,233895.0
42,第42章  皮革制品；鞍具及挽具；旅行用品、手提包及类似容器；动物肠线（蚕胶丝除外）制品,440,萨尔瓦多,650.0
42,第42章  皮革制品；鞍具及挽具；旅行用品、手提包及类似容器；动物肠线（蚕胶丝除外）制品,502,美国,20516274.0
42,第42章  皮革制品；鞍具及挽具；旅行用品、手提包及类似容器；动物肠线（蚕胶丝除外）制品,601,澳大利亚,64746.0
42,第42章  皮革制品；鞍具及挽具；旅行用品、手提包及类似容器；动物肠线（蚕胶丝除外）制品,701,国家（地区）不明,2390.0
43,第43章  毛皮、人造毛皮及其制品,110,中国香港,94804.0
43,第43章  毛皮、人造毛皮及其制品,111,印度,664114.0
43,第43章  毛皮、人造毛皮及其制品,112,印度尼西亚,6478.0
43,第43章  毛皮、人造毛皮及其制品,116,日本,236078.0
43,第43章  毛皮、人造毛皮及其制品,120,黎巴嫩,4196.0
43,第43章  毛皮、人造毛皮及其制品,133,韩国,1107660.0
43,第43章  毛皮、人造毛皮及其制品,136,泰国,107202975.0
43,第43章  毛皮、人造毛皮及其制品,141,越南,1023884.0
43,第43章  毛皮、人造毛皮及其制品,142,中国,272189.0
43,第43章  毛皮、人造毛皮及其制品,151,亚美尼亚,182142.0
43,第43章  毛皮、人造毛皮及其制品,249,突尼斯,4364.0
43,第43章  毛皮、人造毛皮及其制品,303,英国,69773.0
43,第43章  毛皮、人造毛皮及其制品,304,德国,165101.0
43,第43章  毛皮、人造毛皮及其制品,344,俄罗斯,9732.0
43,第43章  毛皮、人造毛皮及其制品,351,克罗地亚,216757.0
43,第43章  毛皮、人造毛皮及其制品,502,美国,2829.0
43,第43章  毛皮、人造毛皮及其制品,601,澳大利亚,12274.0
44,第44章  木及木制品；木炭,104,不丹,525.0
44,第44章  木及木制品；木炭,110,中国香港,85871.0
44,第44章  木及木制品；木炭,111,印度,10932252.0
44,第44章  木及木制品；木炭,112,印度尼西亚,170495092.0
44,第44章  木及木制品；木炭,116,日本,123908041.0
44,第44章  木及木制品；木炭,119,老挝,16157539.0
44,第44章  木及木制品；木炭,120,黎巴嫩,618.0
44,第44章  木及木制品；木炭,122,马来西亚,33362148.0
44,第44章  木及木制品；木炭,125,尼泊尔,16797.0
44,第44章  木及木制品；木炭,132,新加坡,152425.0
44,第44章  木及木制品；木炭,133,韩国,2793787.0
44,第44章  木及木制品；木炭,136,泰国,649877159.0
44,第44章  木及木制品；木炭,141,越南,1362883191.0
44,第44章  木及木制品；木炭,142,中国,5265277.0
44,第44章  木及木制品；木炭,143,中国台湾,3536809.0
44,第44章  木及木制品；木炭,145,哈萨克斯坦,46426.0
44,第44章  木及木制品；木炭,150,格鲁吉亚,728.0
44,第44章  木及木制品；木炭,151,亚美尼亚,440.0
44,第44章  木及木制品；木炭,202,安哥拉,368129.0
44,第44章  木及木制品；木炭,206,喀麦隆,75223425.0
44,第44章  木及木制品；木炭,218,加蓬,128552856.0
44,第44章  木及木制品；木炭,223,科特迪瓦,217915.0
44,第44章  木及木制品；木炭,225,利比里亚,135630.0
44,第44章  木及木制品；木炭,231,毛里求斯,636568.0
44,第44章  木及木制品；木炭,249,突尼斯,4842.0
44,第44章  木及木制品；木炭,303,英国,389500.0
44,第44章  木及木制品；木炭,304,德国,161956063.0
44,第44章  木及木制品；木炭,344,俄罗斯,1750539049.0
44,第44章  木及木制品；木炭,351,克罗地亚,47529413.0
44,第44章  木及木制品；木炭,358,塞尔维亚,25911014.0
44,第44章  木及木制品；木炭,424,圭亚那,1568028.0
44,第44章  木及木制品；木炭,440,萨尔瓦多,368.0
44,第44章  木及木制品；木炭,441,苏里南,12210687.0
44,第44章  木及木制品；木炭,502,美国,351247432.0
44,第44章  木及木制品；木炭,601,澳大利亚,653566952.0
44,第44章  木及木制品；木炭,701,国家（地区）不明,29793.0
45,第45章  软木及软木制品,116,日本,51745.0
45,第45章  软木及软木制品,122,马来西亚,68.0
45,第45章  软木及软木制品,141,越南,27731.0
45,第45章  软木及软木制品,142,中国,7585.0
45,第45章  软木及软木制品,249,突尼斯,394344.0
45,第45章  软木及软木制品,303,英国,162363.0
45,第45章  软木及软木制品,304,德国,173133.0
45,第45章  软木及软木制品,502,美国,265954.0
45,第45章  软木及软木制品,601,澳大利亚,5.0
46,第46章  稻草、秸秆、针茅或其他编结材料制品；篮筐及柳条编结品,110,中国香港,5164.0
46,第46章  稻草、秸秆、针茅或其他编结材料制品；篮筐及柳条编结品,111,印度,652772.0
46,第46章  稻草、秸秆、针茅或其他编结材料制品；篮筐及柳条编结品,112,印度尼西亚,1028185.0
46,第46章  稻草、秸秆、针茅或其他编结材料制品；篮筐及柳条编结品,116,日本,97058.0
46,第46章  稻草、秸秆、针茅或其他编结材料制品；篮筐及柳条编结品,133,韩国,3441.0
46,第46章  稻草、秸秆、针茅或其他编结材料制品；篮筐及柳条编结品,136,泰国,28976.0
46,第46章  稻草、秸秆、针茅或其他编结材料制品；篮筐及柳条编结品,141,越南,4641235.0
46,第46章  稻草、秸秆、针茅或其他编结材料制品；篮筐及柳条编结品,142,中国,198983.0
46,第46章  稻草、秸秆、针茅或其他编结材料制品；篮筐及柳条编结品,143,中国台湾,15351.0
46,第46章  稻草、秸秆、针茅或其他编结材料制品；篮筐及柳条编结品,303,英国,1831.0
46,第46章  稻草、秸秆、针茅或其他编结材料制品；篮筐及柳条编结品,304,德国,59988.0
46,第46章  稻草、秸秆、针茅或其他编结材料制品；篮筐及柳条编结品,502,美国,31432.0
47,第47章  木浆及其他纤维状纤维素浆；回收（废碎）纸及纸板,110,中国香港,56026007.0
47,第47章  木浆及其他纤维状纤维素浆；回收（废碎）纸及纸板,111,印度,583109.0
47,第47章  木浆及其他纤维状纤维素浆；回收（废碎）纸及纸板,112,印度尼西亚,2213901032.0
47,第47章  木浆及其他纤维状纤维素浆；回收（废碎）纸及纸板,116,日本,95803740.0
47,第47章  木浆及其他纤维状纤维素浆；回收（废碎）纸及纸板,119,老挝,191627951.0
47,第47章  木浆及其他纤维状纤维素浆；回收（废碎）纸及纸板,122,马来西亚,113981294.0
47,第47章  木浆及其他纤维状纤维素浆；回收（废碎）纸及纸板,133,韩国,16898249.0
47,第47章  木浆及其他纤维状纤维素浆；回收（废碎）纸及纸板,136,泰国,460371467.0
47,第47章  木浆及其他纤维状纤维素浆；回收（废碎）纸及纸板,143,中国台湾,39246179.0
47,第47章  木浆及其他纤维状纤维素浆；回收（废碎）纸及纸板,303,英国,13367.0
47,第47章  木浆及其他纤维状纤维素浆；回收（废碎）纸及纸板,304,德国,168399496.0
47,第47章  木浆及其他纤维状纤维素浆；回收（废碎）纸及纸板,344,俄罗斯,703691477.0
47,第47章  木浆及其他纤维状纤维素浆；回收（废碎）纸及纸板,502,美国,339751650.0
48,第48章  纸及纸板；纸浆、纸或纸板制品,110,中国香港,5502356.0
48,第48章  纸及纸板；纸浆、纸或纸板制品,111,印度,5451150.0
48,第48章  纸及纸板；纸浆、纸或纸板制品,112,印度尼西亚,88217499.0
48,第48章  纸及纸板；纸浆、纸或纸板制品,113,伊朗,175.0
48,第48章  纸及纸板；纸浆、纸或纸板制品,116,日本,341042113.0
48,第48章  纸及纸板；纸浆、纸或纸板制品,119,老挝,182033651.0
48,第48章  纸及纸板；纸浆、纸或纸板制品,120,黎巴嫩,45.0
48,第48章  纸及纸板；纸浆、纸或纸板制品,122,马来西亚,359405078.0
48,第48章  纸及纸板；纸浆、纸或纸板制品,125,尼泊尔,96747.0
48,第48章  纸及纸板；纸浆、纸或纸板制品,126,阿曼,734.0
48,第48章  纸及纸板；纸浆、纸或纸板制品,132,新加坡,5234383.0
48,第48章  纸及纸板；纸浆、纸或纸板制品,133,韩国,232441975.0
48,第48章  纸及纸板；纸浆、纸或纸板制品,136,泰国,35333634.0
48,第48章  纸及纸板；纸浆、纸或纸板制品,141,越南,34070314.0
48,第48章  纸及纸板；纸浆、纸或纸板制品,142,中国,41545592.0
48,第48章  纸及纸板；纸浆、纸或纸板制品,143,中国台湾,249503393.0
48,第48章  纸及纸板；纸浆、纸或纸板制品,145,哈萨克斯坦,2781.0
48,第48章  纸及纸板；纸浆、纸或纸板制品,152,阿塞拜疆,135.0
48,第48章  纸及纸板；纸浆、纸或纸板制品,231,毛里求斯,285.0
48,第48章  纸及纸板；纸浆、纸或纸板制品,249,突尼斯,354753.0
48,第48章  纸及纸板；纸浆、纸或纸板制品,303,英国,24059033.0
48,第48章  纸及纸板；纸浆、纸或纸板制品,304,德国,111345992.0
48,第48章  纸及纸板；纸浆、纸或纸板制品,324,马耳他,1508589.0
48,第48章  纸及纸板；纸浆、纸或纸板制品,344,俄罗斯,655584868.0
48,第48章  纸及纸板；纸浆、纸或纸板制品,351,克罗地亚,4843.0
48,第48章  纸及纸板；纸浆、纸或纸板制品,358,塞尔维亚,2738.0
48,第48章  纸及纸板；纸浆、纸或纸板制品,502,美国,223317953.0
48,第48章  纸及纸板；纸浆、纸或纸板制品,601,澳大利亚,28139826.0
48,第48章  纸及纸板；纸浆、纸或纸板制品,701,国家（地区）不明,57927.0
49,第49章  书籍、报纸、印刷图画及其他印刷品；手稿、打字稿及设计图纸,110,中国香港,74277633.0
49,第49章  书籍、报纸、印刷图画及其他印刷品；手稿、打字稿及设计图纸,111,印度,1204108.0
49,第49章  书籍、报纸、印刷图画及其他印刷品；手稿、打字稿及设计图纸,112,印度尼西亚,86431.0
49,第49章  书籍、报纸、印刷图画及其他印刷品；手稿、打字稿及设计图纸,116,日本,54378709.0
49,第49章  书籍、报纸、印刷图画及其他印刷品；手稿、打字稿及设计图纸,120,黎巴嫩,856.0
49,第49章  书籍、报纸、印刷图画及其他印刷品；手稿、打字稿及设计图纸,122,马来西亚,21734632.0
49,第49章  书籍、报纸、印刷图画及其他印刷品；手稿、打字稿及设计图纸,125,尼泊尔,68904.0
49,第49章  书籍、报纸、印刷图画及其他印刷品；手稿、打字稿及设计图纸,126,阿曼,11421.0
49,第49章  书籍、报纸、印刷图画及其他印刷品；手稿、打字稿及设计图纸,132,新加坡,26220591.0
49,第49章  书籍、报纸、印刷图画及其他印刷品；手稿、打字稿及设计图纸,133,韩国,38856037.0
49,第49章  书籍、报纸、印刷图画及其他印刷品；手稿、打字稿及设计图纸,136,泰国,831382.0
49,第49章  书籍、报纸、印刷图画及其他印刷品；手稿、打字稿及设计图纸,141,越南,1210527.0
49,第49章  书籍、报纸、印刷图画及其他印刷品；手稿、打字稿及设计图纸,142,中国,22708539.0
49,第49章  书籍、报纸、印刷图画及其他印刷品；手稿、打字稿及设计图纸,143,中国台湾,81875359.0
49,第49章  书籍、报纸、印刷图画及其他印刷品；手稿、打字稿及设计图纸,145,哈萨克斯坦,823.0
49,第49章  书籍、报纸、印刷图画及其他印刷品；手稿、打字稿及设计图纸,150,格鲁吉亚,1850.0
49,第49章  书籍、报纸、印刷图画及其他印刷品；手稿、打字稿及设计图纸,202,安哥拉,15368.0
49,第49章  书籍、报纸、印刷图画及其他印刷品；手稿、打字稿及设计图纸,217,埃塞俄比亚,762.0
49,第49章  书籍、报纸、印刷图画及其他印刷品；手稿、打字稿及设计图纸,231,毛里求斯,25255.0
49,第49章  书籍、报纸、印刷图画及其他印刷品；手稿、打字稿及设计图纸,242,塞拉利昂,32174.0
49,第49章  书籍、报纸、印刷图画及其他印刷品；手稿、打字稿及设计图纸,303,英国,87309757.0
49,第49章  书籍、报纸、印刷图画及其他印刷品；手稿、打字稿及设计图纸,304,德国,67083992.0
49,第49章  书籍、报纸、印刷图画及其他印刷品；手稿、打字稿及设计图纸,324,马耳他,7272815.0
49,第49章  书籍、报纸、印刷图画及其他印刷品；手稿、打字稿及设计图纸,344,俄罗斯,175482.0
49,第49章  书籍、报纸、印刷图画及其他印刷品；手稿、打字稿及设计图纸,351,克罗地亚,46728.0
49,第49章  书籍、报纸、印刷图画及其他印刷品；手稿、打字稿及设计图纸,358,塞尔维亚,531.0
49,第49章  书籍、报纸、印刷图画及其他印刷品；手稿、打字稿及设计图纸,502,美国,185411783.0
49,第49章  书籍、报纸、印刷图画及其他印刷品；手稿、打字稿及设计图纸,601,澳大利亚,435817.0
49,第49章  书籍、报纸、印刷图画及其他印刷品；手稿、打字稿及设计图纸,701,国家（地区）不明,20556.0
50,第50章  蚕丝,111,印度,25466029.0
50,第50章  蚕丝,116,日本,1479427.0
50,第50章  蚕丝,133,韩国,4132.0
50,第50章  蚕丝,136,泰国,9576.0
50,第50章  蚕丝,141,越南,3751234.0
50,第50章  蚕丝,142,中国,1191048.0
50,第50章  蚕丝,143,中国台湾,31039.0
50,第50章  蚕丝,149,乌兹别克斯坦,3830953.0
50,第50章  蚕丝,303,英国,22750.0
50,第50章  蚕丝,304,德国,265804.0
50,第50章  蚕丝,502,美国,427566.0
51,第51章  羊毛、动物细毛或粗毛；马毛纱线及其机织物,111,印度,849259.0
51,第51章  羊毛、动物细毛或粗毛；马毛纱线及其机织物,113,伊朗,308686.0
51,第51章  羊毛、动物细毛或粗毛；马毛纱线及其机织物,116,日本,36963519.0
51,第51章  羊毛、动物细毛或粗毛；马毛纱线及其机织物,122,马来西亚,1325829.0
51,第51章  羊毛、动物细毛或粗毛；马毛纱线及其机织物,125,尼泊尔,4823.0
51,第51章  羊毛、动物细毛或粗毛；马毛纱线及其机织物,132,新加坡,6590.0
51,第51章  羊毛、动物细毛或粗毛；马毛纱线及其机织物,133,韩国,7917645.0
51,第51章  羊毛、动物细毛或粗毛；马毛纱线及其机织物,136,泰国,12392.0
51,第51章  羊毛、动物细毛或粗毛；马毛纱线及其机织物,141,越南,13066554.0
51,第51章  羊毛、动物细毛或粗毛；马毛纱线及其机织物,142,中国,16027045.0
51,第51章  羊毛、动物细毛或粗毛；马毛纱线及其机织物,143,中国台湾,572409.0
51,第51章  羊毛、动物细毛或粗毛；马毛纱线及其机织物,145,哈萨克斯坦,4292019.0
51,第51章  羊毛、动物细毛或粗毛；马毛纱线及其机织物,148,土库曼斯坦,2145278.0
51,第51章  羊毛、动物细毛或粗毛；马毛纱线及其机织物,149,乌兹别克斯坦,291308.0
51,第51章  羊毛、动物细毛或粗毛；马毛纱线及其机织物,249,突尼斯,882366.0
51,第51章  羊毛、动物细毛或粗毛；马毛纱线及其机织物,303,英国,20179438.0
51,第51章  羊毛、动物细毛或粗毛；马毛纱线及其机织物,304,德国,303528.0
51,第51章  羊毛、动物细毛或粗毛；马毛纱线及其机织物,344,俄罗斯,805801.0
51,第51章  羊毛、动物细毛或粗毛；马毛纱线及其机织物,502,美国,5491361.0
51,第51章  羊毛、动物细毛或粗毛；马毛纱线及其机织物,601,澳大利亚,692370919.0
52,第52章  棉花,110,中国香港,408441.0
52,第52章  棉花,111,印度,155287819.0
52,第52章  棉花,112,印度尼西亚,73394822.0
52,第52章  棉花,116,日本,39108696.0
52,第52章  棉花,122,马来西亚,125905103.0
52,第52章  棉花,125,尼泊尔,317387.0
52,第52章  棉花,133,韩国,12150095.0
52,第52章  棉花,136,泰国,12852465.0
52,第52章  棉花,141,越南,1345665429.0
52,第52章  棉花,142,中国,29712840.0
52,第52章  棉花,143,中国台湾,25172439.0
52,第52章  棉花,148,土库曼斯坦,2701796.0
52,第52章  棉花,149,乌兹别克斯坦,16589085.0
52,第52章  棉花,206,喀麦隆,4517403.0
52,第52章  棉花,217,埃塞俄比亚,12428582.0
52,第52章  棉花,249,突尼斯,3257.0
52,第52章  棉花,303,英国,1545163.0
52,第52章  棉花,304,德国,1121065.0
52,第52章  棉花,358,塞尔维亚,886.0
52,第52章  棉花,502,美国,8713709.0
52,第52章  棉花,601,澳大利亚,874448338.0
52,第52章  棉花,701,国家（地区）不明,119.0
53,第53章  其他植物纺织纤维；纸纱线及其机织物,111,印度,53005733.0
53,第53章  其他植物纺织纤维；纸纱线及其机织物,112,印度尼西亚,2500603.0
53,第53章  其他植物纺织纤维；纸纱线及其机织物,116,日本,2877426.0
53,第53章  其他植物纺织纤维；纸纱线及其机织物,122,马来西亚,1144221.0
53,第53章  其他植物纺织纤维；纸纱线及其机织物,125,尼泊尔,4662.0
53,第53章  其他植物纺织纤维；纸纱线及其机织物,133,韩国,107037.0
53,第53章  其他植物纺织纤维；纸纱线及其机织物,136,泰国,5374468.0
53,第53章  其他植物纺织纤维；纸纱线及其机织物,141,越南,13482910.0
53,第53章  其他植物纺织纤维；纸纱线及其机织物,142,中国,1181627.0
53,第53章  其他植物纺织纤维；纸纱线及其机织物,143,中国台湾,348346.0
53,第53章  其他植物纺织纤维；纸纱线及其机织物,217,埃塞俄比亚,2924708.0
53,第53章  其他植物纺织纤维；纸纱线及其机织物,303,英国,517285.0
53,第53章  其他植物纺织纤维；纸纱线及其机织物,304,德国,78997.0
53,第53章  其他植物纺织纤维；纸纱线及其机织物,344,俄罗斯,14258676.0
53,第53章  其他植物纺织纤维；纸纱线及其机织物,502,美国,3075.0
53,第53章  其他植物纺织纤维；纸纱线及其机织物,701,国家（地区）不明,102.0
54,第54章  化学纤维长丝；化学纤维纺织材料制扁条及类似品,110,中国香港,270262.0
54,第54章  化学纤维长丝；化学纤维纺织材料制扁条及类似品,111,印度,6601476.0
54,第54章  化学纤维长丝；化学纤维纺织材料制扁条及类似品,112,印度尼西亚,6114384.0
54,第54章  化学纤维长丝；化学纤维纺织材料制扁条及类似品,116,日本,296859778.0
54,第54章  化学纤维长丝；化学纤维纺织材料制扁条及类似品,122,马来西亚,4347885.0
54,第54章  化学纤维长丝；化学纤维纺织材料制扁条及类似品,125,尼泊尔,1981.0
54,第54章  化学纤维长丝；化学纤维纺织材料制扁条及类似品,132,新加坡,30576046.0
54,第54章  化学纤维长丝；化学纤维纺织材料制扁条及类似品,133,韩国,116252945.0
54,第54章  化学纤维长丝；化学纤维纺织材料制扁条及类似品,136,泰国,52003003.0
54,第54章  化学纤维长丝；化学纤维纺织材料制扁条及类似品,141,越南,94946561.0
54,第54章  化学纤维长丝；化学纤维纺织材料制扁条及类似品,142,中国,15976592.0
54,第54章  化学纤维长丝；化学纤维纺织材料制扁条及类似品,143,中国台湾,183257316.0
54,第54章  化学纤维长丝；化学纤维纺织材料制扁条及类似品,231,毛里求斯,3429.0
54,第54章  化学纤维长丝；化学纤维纺织材料制扁条及类似品,303,英国,22377103.0
54,第54章  化学纤维长丝；化学纤维纺织材料制扁条及类似品,304,德国,61241662.0
54,第54章  化学纤维长丝；化学纤维纺织材料制扁条及类似品,351,克罗地亚,974886.0
54,第54章  化学纤维长丝；化学纤维纺织材料制扁条及类似品,502,美国,60689630.0
54,第54章  化学纤维长丝；化学纤维纺织材料制扁条及类似品,601,澳大利亚,455305.0
54,第54章  化学纤维长丝；化学纤维纺织材料制扁条及类似品,701,国家（地区）不明,288.0
55,第55章  化学纤维短纤,110,中国香港,445769.0
55,第55章  化学纤维短纤,111,印度,18140370.0
55,第55章  化学纤维短纤,112,印度尼西亚,61653450.0
55,第55章  化学纤维短纤,116,日本,122569835.0
55,第55章  化学纤维短纤,122,马来西亚,10482642.0
55,第55章  化学纤维短纤,125,尼泊尔,16000.0
55,第55章  化学纤维短纤,126,阿曼,4510.0
55,第55章  化学纤维短纤,132,新加坡,12314.0
55,第55章  化学纤维短纤,133,韩国,72225167.0
55,第55章  化学纤维短纤,136,泰国,96586231.0
55,第55章  化学纤维短纤,141,越南,29730800.0
55,第55章  化学纤维短纤,142,中国,51295256.0
55,第55章  化学纤维短纤,143,中国台湾,36537653.0
55,第55章  化学纤维短纤,303,英国,12092434.0
55,第55章  化学纤维短纤,304,德国,20665455.0
55,第55章  化学纤维短纤,502,美国,23447828.0
55,第55章  化学纤维短纤,601,澳大利亚,140793.0
56,第56章  絮胎、毡呢及无纺织物；特种纱线；线、绳、索、缆及其制品,110,中国香港,460426.0
56,第56章  絮胎、毡呢及无纺织物；特种纱线；线、绳、索、缆及其制品,111,印度,1011801.0
56,第56章  絮胎、毡呢及无纺织物；特种纱线；线、绳、索、缆及其制品,112,印度尼西亚,2013384.0
56,第56章  絮胎、毡呢及无纺织物；特种纱线；线、绳、索、缆及其制品,116,日本,276871105.0
56,第56章  絮胎、毡呢及无纺织物；特种纱线；线、绳、索、缆及其制品,119,老挝,126464.0
56,第56章  絮胎、毡呢及无纺织物；特种纱线；线、绳、索、缆及其制品,122,马来西亚,1425063.0
56,第56章  絮胎、毡呢及无纺织物；特种纱线；线、绳、索、缆及其制品,125,尼泊尔,121351.0
56,第56章  絮胎、毡呢及无纺织物；特种纱线；线、绳、索、缆及其制品,132,新加坡,1375347.0
56,第56章  絮胎、毡呢及无纺织物；特种纱线；线、绳、索、缆及其制品,133,韩国,51961377.0
56,第56章  絮胎、毡呢及无纺织物；特种纱线；线、绳、索、缆及其制品,136,泰国,22481630.0
56,第56章  絮胎、毡呢及无纺织物；特种纱线；线、绳、索、缆及其制品,141,越南,24990145.0
56,第56章  絮胎、毡呢及无纺织物；特种纱线；线、绳、索、缆及其制品,142,中国,12804682.0
56,第56章  絮胎、毡呢及无纺织物；特种纱线；线、绳、索、缆及其制品,143,中国台湾,44640820.0
56,第56章  絮胎、毡呢及无纺织物；特种纱线；线、绳、索、缆及其制品,149,乌兹别克斯坦,421376.0
56,第56章  絮胎、毡呢及无纺织物；特种纱线；线、绳、索、缆及其制品,249,突尼斯,12487.0
56,第56章  絮胎、毡呢及无纺织物；特种纱线；线、绳、索、缆及其制品,303,英国,21653068.0
56,第56章  絮胎、毡呢及无纺织物；特种纱线；线、绳、索、缆及其制品,304,德国,31314774.0
56,第56章  絮胎、毡呢及无纺织物；特种纱线；线、绳、索、缆及其制品,324,马耳他,23.0
56,第56章  絮胎、毡呢及无纺织物；特种纱线；线、绳、索、缆及其制品,344,俄罗斯,778115.0
56,第56章  絮胎、毡呢及无纺织物；特种纱线；线、绳、索、缆及其制品,502,美国,76329668.0
56,第56章  絮胎、毡呢及无纺织物；特种纱线；线、绳、索、缆及其制品,601,澳大利亚,6579023.0
56,第56章  絮胎、毡呢及无纺织物；特种纱线；线、绳、索、缆及其制品,701,国家（地区）不明,115.0
57,第57章  地毯及纺织材料的其他铺地制品,111,印度,9572365.0
57,第57章  地毯及纺织材料的其他铺地制品,112,印度尼西亚,1926.0
57,第57章  地毯及纺织材料的其他铺地制品,113,伊朗,2647153.0
57,第57章  地毯及纺织材料的其他铺地制品,116,日本,3989492.0
57,第57章  地毯及纺织材料的其他铺地制品,122,马来西亚,24896.0
57,第57章  地毯及纺织材料的其他铺地制品,125,尼泊尔,1777545.0
57,第57章  地毯及纺织材料的其他铺地制品,133,韩国,513511.0
57,第57章  地毯及纺织材料的其他铺地制品,136,泰国,2207672.0
57,第57章  地毯及纺织材料的其他铺地制品,141,越南,5120091.0
57,第57章  地毯及纺织材料的其他铺地制品,142,中国,509321.0
57,第57章  地毯及纺织材料的其他铺地制品,143,中国台湾,193914.0
57,第57章  地毯及纺织材料的其他铺地制品,303,英国,114016.0
57,第57章  地毯及纺织材料的其他铺地制品,304,德国,1186340.0
57,第57章  地毯及纺织材料的其他铺地制品,502,美国,2335104.0
57,第57章  地毯及纺织材料的其他铺地制品,601,澳大利亚,6786.0
58,第58章  特种机织物；簇绒织物；花边；装饰毯；装饰带；刺绣品,110,中国香港,5803173.0
58,第58章  特种机织物；簇绒织物；花边；装饰毯；装饰带；刺绣品,111,印度,1764041.0
58,第58章  特种机织物；簇绒织物；花边；装饰毯；装饰带；刺绣品,112,印度尼西亚,414468.0
58,第58章  特种机织物；簇绒织物；花边；装饰毯；装饰带；刺绣品,116,日本,41713953.0
58,第58章  特种机织物；簇绒织物；花边；装饰毯；装饰带；刺绣品,122,马来西亚,40755.0
58,第58章  特种机织物；簇绒织物；花边；装饰毯；装饰带；刺绣品,132,新加坡,2436.0
58,第58章  特种机织物；簇绒织物；花边；装饰毯；装饰带；刺绣品,133,韩国,14573479.0
58,第58章  特种机织物；簇绒织物；花边；装饰毯；装饰带；刺绣品,136,泰国,4792179.0
58,第58章  特种机织物；簇绒织物；花边；装饰毯；装饰带；刺绣品,141,越南,6390309.0
58,第58章  特种机织物；簇绒织物；花边；装饰毯；装饰带；刺绣品,142,中国,20108300.0
58,第58章  特种机织物；簇绒织物；花边；装饰毯；装饰带；刺绣品,143,中国台湾,8924976.0
58,第58章  特种机织物；簇绒织物；花边；装饰毯；装饰带；刺绣品,303,英国,6416741.0
58,第58章  特种机织物；簇绒织物；花边；装饰毯；装饰带；刺绣品,304,德国,6196359.0
58,第58章  特种机织物；簇绒织物；花边；装饰毯；装饰带；刺绣品,344,俄罗斯,6507.0
58,第58章  特种机织物；簇绒织物；花边；装饰毯；装饰带；刺绣品,502,美国,5095650.0
58,第58章  特种机织物；簇绒织物；花边；装饰毯；装饰带；刺绣品,601,澳大利亚,153219.0
58,第58章  特种机织物；簇绒织物；花边；装饰毯；装饰带；刺绣品,701,国家（地区）不明,8987.0
59,第59章  浸渍、涂布、包覆或层压的纺织物；工业用纺织制品,110,中国香港,775639.0
59,第59章  浸渍、涂布、包覆或层压的纺织物；工业用纺织制品,111,印度,10608399.0
59,第59章  浸渍、涂布、包覆或层压的纺织物；工业用纺织制品,112,印度尼西亚,1538950.0
59,第59章  浸渍、涂布、包覆或层压的纺织物；工业用纺织制品,116,日本,100540773.0
59,第59章  浸渍、涂布、包覆或层压的纺织物；工业用纺织制品,122,马来西亚,749294.0
59,第59章  浸渍、涂布、包覆或层压的纺织物；工业用纺织制品,132,新加坡,1508001.0
59,第59章  浸渍、涂布、包覆或层压的纺织物；工业用纺织制品,133,韩国,140710114.0
59,第59章  浸渍、涂布、包覆或层压的纺织物；工业用纺织制品,136,泰国,18556957.0
59,第59章  浸渍、涂布、包覆或层压的纺织物；工业用纺织制品,141,越南,20408309.0
59,第59章  浸渍、涂布、包覆或层压的纺织物；工业用纺织制品,142,中国,88852692.0
59,第59章  浸渍、涂布、包覆或层压的纺织物；工业用纺织制品,143,中国台湾,85976615.0
59,第59章  浸渍、涂布、包覆或层压的纺织物；工业用纺织制品,303,英国,14286176.0
59,第59章  浸渍、涂布、包覆或层压的纺织物；工业用纺织制品,304,德国,56399509.0
59,第59章  浸渍、涂布、包覆或层压的纺织物；工业用纺织制品,358,塞尔维亚,5382.0
59,第59章  浸渍、涂布、包覆或层压的纺织物；工业用纺织制品,502,美国,24361809.0
59,第59章  浸渍、涂布、包覆或层压的纺织物；工业用纺织制品,601,澳大利亚,3353883.0
59,第59章  浸渍、涂布、包覆或层压的纺织物；工业用纺织制品,701,国家（地区）不明,6184.0
60,第60章  针织物及钩编织物,110,中国香港,437188.0
60,第60章  针织物及钩编织物,111,印度,653256.0
60,第60章  针织物及钩编织物,112,印度尼西亚,1023844.0
60,第60章  针织物及钩编织物,116,日本,67688304.0
60,第60章  针织物及钩编织物,122,马来西亚,255784.0
60,第60章  针织物及钩编织物,126,阿曼,1014.0
60,第60章  针织物及钩编织物,133,韩国,58486322.0
60,第60章  针织物及钩编织物,136,泰国,5786616.0
60,第60章  针织物及钩编织物,141,越南,39498945.0
60,第60章  针织物及钩编织物,142,中国,18526594.0
60,第60章  针织物及钩编织物,143,中国台湾,91018303.0
60,第60章  针织物及钩编织物,217,埃塞俄比亚,92088.0
60,第60章  针织物及钩编织物,303,英国,866243.0
60,第60章  针织物及钩编织物,304,德国,4023038.0
60,第60章  针织物及钩编织物,440,萨尔瓦多,376104.0
60,第60章  针织物及钩编织物,502,美国,4868594.0
60,第60章  针织物及钩编织物,601,澳大利亚,20627.0
61,第61章  针织或钩编的服装及衣着附件,110,中国香港,2329098.0
61,第61章  针织或钩编的服装及衣着附件,111,印度,41914468.0
61,第61章  针织或钩编的服装及衣着附件,112,印度尼西亚,74616501.0
61,第61章  针织或钩编的服装及衣着附件,116,日本,51404786.0
61,第61章  针织或钩编的服装及衣着附件,119,老挝,463407.0
61,第61章  针织或钩编的服装及衣着附件,120,黎巴嫩,9326.0
61,第61章  针织或钩编的服装及衣着附件,122,马来西亚,11152121.0
61,第61章  针织或钩编的服装及衣着附件,125,尼泊尔,356828.0
61,第61章  针织或钩编的服装及衣着附件,132,新加坡,111530.0
61,第61章  针织或钩编的服装及衣着附件,133,韩国,108375118.0
61,第61章  针织或钩编的服装及衣着附件,136,泰国,40530714.0
61,第61章  针织或钩编的服装及衣着附件,141,越南,375007567.0
61,第61章  针织或钩编的服装及衣着附件,142,中国,164661410.0
61,第61章  针织或钩编的服装及衣着附件,143,中国台湾,4152723.0
61,第61章  针织或钩编的服装及衣着附件,149,乌兹别克斯坦,24036.0
61,第61章  针织或钩编的服装及衣着附件,150,格鲁吉亚,1314381.0
61,第61章  针织或钩编的服装及衣着附件,151,亚美尼亚,232240.0
61,第61章  针织或钩编的服装及衣着附件,217,埃塞俄比亚,97930.0
61,第61章  针织或钩编的服装及衣着附件,231,毛里求斯,138573.0
61,第61章  针织或钩编的服装及衣着附件,249,突尼斯,11724004.0
61,第61章  针织或钩编的服装及衣着附件,303,英国,14368238.0
61,第61章  针织或钩编的服装及衣着附件,304,德国,5266964.0
61,第61章  针织或钩编的服装及衣着附件,344,俄罗斯,140069.0
61,第61章  针织或钩编的服装及衣着附件,351,克罗地亚,3511001.0
61,第61章  针织或钩编的服装及衣着附件,358,塞尔维亚,1514499.0
61,第61章  针织或钩编的服装及衣着附件,425,海地,6407.0
61,第61章  针织或钩编的服装及衣着附件,440,萨尔瓦多,8135107.0
61,第61章  针织或钩编的服装及衣着附件,441,苏里南,2801.0
61,第61章  针织或钩编的服装及衣着附件,502,美国,17411894.0
61,第61章  针织或钩编的服装及衣着附件,601,澳大利亚,887138.0
61,第61章  针织或钩编的服装及衣着附件,701,国家（地区）不明,10988.0
62,第62章  非针织或非钩编的服装及衣着附件,104,不丹,1092.0
62,第62章  非针织或非钩编的服装及衣着附件,110,中国香港,595958.0
62,第62章  非针织或非钩编的服装及衣着附件,111,印度,67568244.0
62,第62章  非针织或非钩编的服装及衣着附件,112,印度尼西亚,155852459.0
62,第62章  非针织或非钩编的服装及衣着附件,116,日本,60779000.0
62,第62章  非针织或非钩编的服装及衣着附件,119,老挝,213864.0
62,第62章  非针织或非钩编的服装及衣着附件,120,黎巴嫩,588503.0
62,第62章  非针织或非钩编的服装及衣着附件,122,马来西亚,154135.0
62,第62章  非针织或非钩编的服装及衣着附件,125,尼泊尔,2749757.0
62,第62章  非针织或非钩编的服装及衣着附件,132,新加坡,1903190.0
62,第62章  非针织或非钩编的服装及衣着附件,133,韩国,124268782.0
62,第62章  非针织或非钩编的服装及衣着附件,136,泰国,64940957.0
62,第62章  非针织或非钩编的服装及衣着附件,141,越南,1024270210.0
62,第62章  非针织或非钩编的服装及衣着附件,142,中国,239126034.0
62,第62章  非针织或非钩编的服装及衣着附件,143,中国台湾,1767975.0
62,第62章  非针织或非钩编的服装及衣着附件,149,乌兹别克斯坦,2515.0
62,第62章  非针织或非钩编的服装及衣着附件,150,格鲁吉亚,1454957.0
62,第62章  非针织或非钩编的服装及衣着附件,151,亚美尼亚,31253955.0
62,第62章  非针织或非钩编的服装及衣着附件,217,埃塞俄比亚,10768.0
62,第62章  非针织或非钩编的服装及衣着附件,231,毛里求斯,277073.0
62,第62章  非针织或非钩编的服装及衣着附件,234,纳米比亚,2216.0
62,第62章  非针织或非钩编的服装及衣着附件,249,突尼斯,43273010.0
62,第62章  非针织或非钩编的服装及衣着附件,303,英国,79813359.0
62,第62章  非针织或非钩编的服装及衣着附件,304,德国,7293842.0
62,第62章  非针织或非钩编的服装及衣着附件,324,马耳他,2553.0
62,第62章  非针织或非钩编的服装及衣着附件,344,俄罗斯,21433.0
62,第62章  非针织或非钩编的服装及衣着附件,351,克罗地亚,170850.0
62,第62章  非针织或非钩编的服装及衣着附件,358,塞尔维亚,955728.0
62,第62章  非针织或非钩编的服装及衣着附件,399,欧洲其他国家(地区),2612.0
62,第62章  非针织或非钩编的服装及衣着附件,425,海地,1077.0
62,第62章  非针织或非钩编的服装及衣着附件,440,萨尔瓦多,1304247.0
62,第62章  非针织或非钩编的服装及衣着附件,502,美国,9668349.0
62,第62章  非针织或非钩编的服装及衣着附件,601,澳大利亚,1586557.0
62,第62章  非针织或非钩编的服装及衣着附件,701,国家（地区）不明,17428.0
63,第63章  其他纺织制成品；成套物品；旧衣着及旧纺织品；碎织物,102,巴林,11622.0
63,第63章  其他纺织制成品；成套物品；旧衣着及旧纺织品；碎织物,110,中国香港,547536.0
63,第63章  其他纺织制成品；成套物品；旧衣着及旧纺织品；碎织物,111,印度,10873172.0
63,第63章  其他纺织制成品；成套物品；旧衣着及旧纺织品；碎织物,112,印度尼西亚,1360264.0
63,第63章  其他纺织制成品；成套物品；旧衣着及旧纺织品；碎织物,113,伊朗,12687.0
63,第63章  其他纺织制成品；成套物品；旧衣着及旧纺织品；碎织物,116,日本,13049617.0
63,第63章  其他纺织制成品；成套物品；旧衣着及旧纺织品；碎织物,122,马来西亚,106634.0
63,第63章  其他纺织制成品；成套物品；旧衣着及旧纺织品；碎织物,125,尼泊尔,1444708.0
63,第63章  其他纺织制成品；成套物品；旧衣着及旧纺织品；碎织物,132,新加坡,7055845.0
63,第63章  其他纺织制成品；成套物品；旧衣着及旧纺织品；碎织物,133,韩国,8381569.0
63,第63章  其他纺织制成品；成套物品；旧衣着及旧纺织品；碎织物,136,泰国,3482938.0
63,第63章  其他纺织制成品；成套物品；旧衣着及旧纺织品；碎织物,141,越南,32418285.0
63,第63章  其他纺织制成品；成套物品；旧衣着及旧纺织品；碎织物,142,中国,20591980.0
63,第63章  其他纺织制成品；成套物品；旧衣着及旧纺织品；碎织物,143,中国台湾,11836037.0
63,第63章  其他纺织制成品；成套物品；旧衣着及旧纺织品；碎织物,149,乌兹别克斯坦,2173.0
63,第63章  其他纺织制成品；成套物品；旧衣着及旧纺织品；碎织物,231,毛里求斯,290.0
63,第63章  其他纺织制成品；成套物品；旧衣着及旧纺织品；碎织物,249,突尼斯,1284806.0
63,第63章  其他纺织制成品；成套物品；旧衣着及旧纺织品；碎织物,303,英国,4074488.0
63,第63章  其他纺织制成品；成套物品；旧衣着及旧纺织品；碎织物,304,德国,8698198.0
63,第63章  其他纺织制成品；成套物品；旧衣着及旧纺织品；碎织物,344,俄罗斯,1827.0
63,第63章  其他纺织制成品；成套物品；旧衣着及旧纺织品；碎织物,351,克罗地亚,181224.0
63,第63章  其他纺织制成品；成套物品；旧衣着及旧纺织品；碎织物,358,塞尔维亚,9232.0
63,第63章  其他纺织制成品；成套物品；旧衣着及旧纺织品；碎织物,502,美国,13689272.0
63,第63章  其他纺织制成品；成套物品；旧衣着及旧纺织品；碎织物,601,澳大利亚,239238.0
63,第63章  其他纺织制成品；成套物品；旧衣着及旧纺织品；碎织物,701,国家（地区）不明,7.0
64,第64章  鞋靴、护腿和类似品及其零件,104,不丹,1430.0
64,第64章  鞋靴、护腿和类似品及其零件,110,中国香港,356302.0
64,第64章  鞋靴、护腿和类似品及其零件,111,印度,96530405.0
64,第64章  鞋靴、护腿和类似品及其零件,112,印度尼西亚,506426737.0
64,第64章  鞋靴、护腿和类似品及其零件,116,日本,22165129.0
64,第64章  鞋靴、护腿和类似品及其零件,119,老挝,2560345.0
64,第64章  鞋靴、护腿和类似品及其零件,122,马来西亚,279862.0
64,第64章  鞋靴、护腿和类似品及其零件,125,尼泊尔,38014.0
64,第64章  鞋靴、护腿和类似品及其零件,132,新加坡,249215.0
64,第64章  鞋靴、护腿和类似品及其零件,133,韩国,15296730.0
64,第64章  鞋靴、护腿和类似品及其零件,136,泰国,46107805.0
64,第64章  鞋靴、护腿和类似品及其零件,141,越南,1550694996.0
64,第64章  鞋靴、护腿和类似品及其零件,142,中国,226957214.0
64,第64章  鞋靴、护腿和类似品及其零件,143,中国台湾,11043810.0
64,第64章  鞋靴、护腿和类似品及其零件,145,哈萨克斯坦,740.0
64,第64章  鞋靴、护腿和类似品及其零件,150,格鲁吉亚,637.0
64,第64章  鞋靴、护腿和类似品及其零件,206,喀麦隆,1079.0
64,第64章  鞋靴、护腿和类似品及其零件,217,埃塞俄比亚,39282.0
64,第64章  鞋靴、护腿和类似品及其零件,249,突尼斯,593161.0
64,第64章  鞋靴、护腿和类似品及其零件,303,英国,4203248.0
64,第64章  鞋靴、护腿和类似品及其零件,304,德国,38370520.0
64,第64章  鞋靴、护腿和类似品及其零件,344,俄罗斯,97518.0
64,第64章  鞋靴、护腿和类似品及其零件,351,克罗地亚,328616.0
64,第64章  鞋靴、护腿和类似品及其零件,358,塞尔维亚,621747.0
64,第64章  鞋靴、护腿和类似品及其零件,440,萨尔瓦多,34724.0
64,第64章  鞋靴、护腿和类似品及其零件,502,美国,43835398.0
64,第64章  鞋靴、护腿和类似品及其零件,601,澳大利亚,88214.0
64,第64章  鞋靴、护腿和类似品及其零件,701,国家（地区）不明,15303.0
65,第65章  帽类及其零件,102,巴林,194827.0
65,第65章  帽类及其零件,110,中国香港,17218.0
65,第65章  帽类及其零件,111,印度,458058.0
65,第65章  帽类及其零件,112,印度尼西亚,4422257.0
65,第65章  帽类及其零件,116,日本,44406391.0
65,第65章  帽类及其零件,119,老挝,43677.0
65,第65章  帽类及其零件,122,马来西亚,12275.0
65,第65章  帽类及其零件,125,尼泊尔,559072.0
65,第65章  帽类及其零件,132,新加坡,183662.0
65,第65章  帽类及其零件,133,韩国,8983930.0
65,第65章  帽类及其零件,136,泰国,4033676.0
65,第65章  帽类及其零件,141,越南,36449754.0
65,第65章  帽类及其零件,142,中国,19529743.0
65,第65章  帽类及其零件,143,中国台湾,1047876.0
65,第65章  帽类及其零件,249,突尼斯,60357.0
65,第65章  帽类及其零件,303,英国,1522905.0
65,第65章  帽类及其零件,304,德国,613705.0
65,第65章  帽类及其零件,344,俄罗斯,833.0
65,第65章  帽类及其零件,351,克罗地亚,43333.0
65,第65章  帽类及其零件,425,海地,468.0
65,第65章  帽类及其零件,440,萨尔瓦多,18605.0
65,第65章  帽类及其零件,502,美国,1921623.0
65,第65章  帽类及其零件,601,澳大利亚,6216.0
65,第65章  帽类及其零件,701,国家（地区）不明,921.0
66,第66章  雨伞、阳伞、手杖、鞭子、马鞭及其零件,112,印度尼西亚,5522.0
66,第66章  雨伞、阳伞、手杖、鞭子、马鞭及其零件,116,日本,301750.0
66,第66章  雨伞、阳伞、手杖、鞭子、马鞭及其零件,132,新加坡,15697.0
66,第66章  雨伞、阳伞、手杖、鞭子、马鞭及其零件,133,韩国,78506.0
66,第66章  雨伞、阳伞、手杖、鞭子、马鞭及其零件,141,越南,865791.0
66,第66章  雨伞、阳伞、手杖、鞭子、马鞭及其零件,142,中国,1568213.0
66,第66章  雨伞、阳伞、手杖、鞭子、马鞭及其零件,143,中国台湾,2537714.0
66,第66章  雨伞、阳伞、手杖、鞭子、马鞭及其零件,303,英国,145745.0
66,第66章  雨伞、阳伞、手杖、鞭子、马鞭及其零件,304,德国,234450.0
66,第66章  雨伞、阳伞、手杖、鞭子、马鞭及其零件,344,俄罗斯,286.0
66,第66章  雨伞、阳伞、手杖、鞭子、马鞭及其零件,351,克罗地亚,1464.0
66,第66章  雨伞、阳伞、手杖、鞭子、马鞭及其零件,502,美国,24234.0
67,第67章  已加工羽毛、羽绒及其制品；人造花；人发制品,110,中国香港,1107.0
67,第67章  已加工羽毛、羽绒及其制品；人造花；人发制品,111,印度,307832027.0
67,第67章  已加工羽毛、羽绒及其制品；人造花；人发制品,112,印度尼西亚,3810753.0
67,第67章  已加工羽毛、羽绒及其制品；人造花；人发制品,116,日本,752923.0
67,第67章  已加工羽毛、羽绒及其制品；人造花；人发制品,119,老挝,14413.0
67,第67章  已加工羽毛、羽绒及其制品；人造花；人发制品,122,马来西亚,277455.0
67,第67章  已加工羽毛、羽绒及其制品；人造花；人发制品,133,韩国,733585.0
67,第67章  已加工羽毛、羽绒及其制品；人造花；人发制品,136,泰国,225716.0
67,第67章  已加工羽毛、羽绒及其制品；人造花；人发制品,141,越南,786561.0
67,第67章  已加工羽毛、羽绒及其制品；人造花；人发制品,142,中国,1038237.0
67,第67章  已加工羽毛、羽绒及其制品；人造花；人发制品,143,中国台湾,2200.0
67,第67章  已加工羽毛、羽绒及其制品；人造花；人发制品,303,英国,387267.0
67,第67章  已加工羽毛、羽绒及其制品；人造花；人发制品,304,德国,498870.0
67,第67章  已加工羽毛、羽绒及其制品；人造花；人发制品,344,俄罗斯,2224.0
67,第67章  已加工羽毛、羽绒及其制品；人造花；人发制品,502,美国,635075.0
67,第67章  已加工羽毛、羽绒及其制品；人造花；人发制品,601,澳大利亚,22948.0
67,第67章  已加工羽毛、羽绒及其制品；人造花；人发制品,701,国家（地区）不明,517.0
68,第68章  石料、石膏、水泥、石棉、云母及类似材料的制品,110,中国香港,354844.0
68,第68章  石料、石膏、水泥、石棉、云母及类似材料的制品,111,印度,6951495.0
68,第68章  石料、石膏、水泥、石棉、云母及类似材料的制品,112,印度尼西亚,1835336.0
68,第68章  石料、石膏、水泥、石棉、云母及类似材料的制品,113,伊朗,766214.0
68,第68章  石料、石膏、水泥、石棉、云母及类似材料的制品,116,日本,376982318.0
68,第68章  石料、石膏、水泥、石棉、云母及类似材料的制品,122,马来西亚,3175104.0
68,第68章  石料、石膏、水泥、石棉、云母及类似材料的制品,126,阿曼,14311.0
68,第68章  石料、石膏、水泥、石棉、云母及类似材料的制品,132,新加坡,4190686.0
68,第68章  石料、石膏、水泥、石棉、云母及类似材料的制品,133,韩国,203824825.0
68,第68章  石料、石膏、水泥、石棉、云母及类似材料的制品,136,泰国,15143527.0
68,第68章  石料、石膏、水泥、石棉、云母及类似材料的制品,141,越南,3178871.0
68,第68章  石料、石膏、水泥、石棉、云母及类似材料的制品,142,中国,12243081.0
68,第68章  石料、石膏、水泥、石棉、云母及类似材料的制品,143,中国台湾,78774418.0
68,第68章  石料、石膏、水泥、石棉、云母及类似材料的制品,145,哈萨克斯坦,3809.0
68,第68章  石料、石膏、水泥、石棉、云母及类似材料的制品,149,乌兹别克斯坦,31807.0
68,第68章  石料、石膏、水泥、石棉、云母及类似材料的制品,202,安哥拉,367816.0
68,第68章  石料、石膏、水泥、石棉、云母及类似材料的制品,303,英国,77481951.0
68,第68章  石料、石膏、水泥、石棉、云母及类似材料的制品,304,德国,125115826.0
68,第68章  石料、石膏、水泥、石棉、云母及类似材料的制品,344,俄罗斯,714960.0
68,第68章  石料、石膏、水泥、石棉、云母及类似材料的制品,351,克罗地亚,4869.0
68,第68章  石料、石膏、水泥、石棉、云母及类似材料的制品,502,美国,133237706.0
68,第68章  石料、石膏、水泥、石棉、云母及类似材料的制品,601,澳大利亚,210587.0
68,第68章  石料、石膏、水泥、石棉、云母及类似材料的制品,701,国家（地区）不明,363.0
69,第69章  陶瓷产品,110,中国香港,564987.0
69,第69章  陶瓷产品,111,印度,4909111.0
69,第69章  陶瓷产品,112,印度尼西亚,13133082.0
69,第69章  陶瓷产品,113,伊朗,24489.0
69,第69章  陶瓷产品,116,日本,226147465.0
69,第69章  陶瓷产品,122,马来西亚,26886410.0
69,第69章  陶瓷产品,125,尼泊尔,503.0
69,第69章  陶瓷产品,132,新加坡,2336988.0
69,第69章  陶瓷产品,133,韩国,90160823.0
69,第69章  陶瓷产品,136,泰国,35621506.0
69,第69章  陶瓷产品,141,越南,12654019.0
69,第69章  陶瓷产品,142,中国,22396433.0
69,第69章  陶瓷产品,143,中国台湾,17500224.0
69,第69章  陶瓷产品,149,乌兹别克斯坦,28843.0
69,第69章  陶瓷产品,242,塞拉利昂,2343.0
69,第69章  陶瓷产品,303,英国,5297534.0
69,第69章  陶瓷产品,304,德国,83971332.0
69,第69章  陶瓷产品,344,俄罗斯,1480367.0
69,第69章  陶瓷产品,351,克罗地亚,475635.0
69,第69章  陶瓷产品,358,塞尔维亚,1164.0
69,第69章  陶瓷产品,502,美国,50167027.0
69,第69章  陶瓷产品,601,澳大利亚,936129.0
69,第69章  陶瓷产品,701,国家（地区）不明,22550.0
70,第70章  玻璃及其制品,110,中国香港,12795157.0
70,第70章  玻璃及其制品,111,印度,12080249.0
70,第70章  玻璃及其制品,112,印度尼西亚,9164034.0
70,第70章  玻璃及其制品,113,伊朗,357.0
70,第70章  玻璃及其制品,116,日本,754526508.0
70,第70章  玻璃及其制品,122,马来西亚,75241521.0
70,第70章  玻璃及其制品,125,尼泊尔,13874.0
70,第70章  玻璃及其制品,132,新加坡,6487024.0
70,第70章  玻璃及其制品,133,韩国,1397067579.0
70,第70章  玻璃及其制品,136,泰国,88801237.0
70,第70章  玻璃及其制品,141,越南,4741186.0
70,第70章  玻璃及其制品,142,中国,291100767.0
70,第70章  玻璃及其制品,143,中国台湾,669888603.0
70,第70章  玻璃及其制品,149,乌兹别克斯坦,4623.0
70,第70章  玻璃及其制品,151,亚美尼亚,571.0
70,第70章  玻璃及其制品,231,毛里求斯,1071.0
70,第70章  玻璃及其制品,249,突尼斯,5270.0
70,第70章  玻璃及其制品,303,英国,15167432.0
70,第70章  玻璃及其制品,304,德国,178077752.0
70,第70章  玻璃及其制品,324,马耳他,10562.0
70,第70章  玻璃及其制品,344,俄罗斯,9829408.0
70,第70章  玻璃及其制品,351,克罗地亚,649767.0
70,第70章  玻璃及其制品,358,塞尔维亚,853666.0
70,第70章  玻璃及其制品,502,美国,398865902.0
70,第70章  玻璃及其制品,601,澳大利亚,4103945.0
70,第70章  玻璃及其制品,701,国家（地区）不明,49633.0
71,第71章  天然或养殖珍珠、宝石或半宝石、贵金属、包贵金属及其制品；仿首饰；硬币,102,巴林,3735009.0
71,第71章  天然或养殖珍珠、宝石或半宝石、贵金属、包贵金属及其制品；仿首饰；硬币,110,中国香港,27554135371.0
71,第71章  天然或养殖珍珠、宝石或半宝石、贵金属、包贵金属及其制品；仿首饰；硬币,111,印度,604587346.0
71,第71章  天然或养殖珍珠、宝石或半宝石、贵金属、包贵金属及其制品；仿首饰；硬币,112,印度尼西亚,10988189.0
71,第71章  天然或养殖珍珠、宝石或半宝石、贵金属、包贵金属及其制品；仿首饰；硬币,113,伊朗,169177.0
71,第71章  天然或养殖珍珠、宝石或半宝石、贵金属、包贵金属及其制品；仿首饰；硬币,116,日本,1645570226.0
71,第71章  天然或养殖珍珠、宝石或半宝石、贵金属、包贵金属及其制品；仿首饰；硬币,119,老挝,175766601.0
71,第71章  天然或养殖珍珠、宝石或半宝石、贵金属、包贵金属及其制品；仿首饰；硬币,122,马来西亚,74911218.0
71,第71章  天然或养殖珍珠、宝石或半宝石、贵金属、包贵金属及其制品；仿首饰；硬币,125,尼泊尔,994029.0
71,第71章  天然或养殖珍珠、宝石或半宝石、贵金属、包贵金属及其制品；仿首饰；硬币,126,阿曼,2543.0
71,第71章  天然或养殖珍珠、宝石或半宝石、贵金属、包贵金属及其制品；仿首饰；硬币,132,新加坡,613152302.0
71,第71章  天然或养殖珍珠、宝石或半宝石、贵金属、包贵金属及其制品；仿首饰；硬币,133,韩国,426119724.0
71,第71章  天然或养殖珍珠、宝石或半宝石、贵金属、包贵金属及其制品；仿首饰；硬币,136,泰国,141458821.0
71,第71章  天然或养殖珍珠、宝石或半宝石、贵金属、包贵金属及其制品；仿首饰；硬币,139,也门,1653553.0
71,第71章  天然或养殖珍珠、宝石或半宝石、贵金属、包贵金属及其制品；仿首饰；硬币,141,越南,8881776.0
71,第71章  天然或养殖珍珠、宝石或半宝石、贵金属、包贵金属及其制品；仿首饰；硬币,142,中国,834896022.0
71,第71章  天然或养殖珍珠、宝石或半宝石、贵金属、包贵金属及其制品；仿首饰；硬币,143,中国台湾,495011057.0
71,第71章  天然或养殖珍珠、宝石或半宝石、贵金属、包贵金属及其制品；仿首饰；硬币,145,哈萨克斯坦,6048113001.0
71,第71章  天然或养殖珍珠、宝石或半宝石、贵金属、包贵金属及其制品；仿首饰；硬币,150,格鲁吉亚,613338.0
71,第71章  天然或养殖珍珠、宝石或半宝石、贵金属、包贵金属及其制品；仿首饰；硬币,151,亚美尼亚,2960574.0
71,第71章  天然或养殖珍珠、宝石或半宝石、贵金属、包贵金属及其制品；仿首饰；硬币,204,博茨瓦纳,43642222.0
71,第71章  天然或养殖珍珠、宝石或半宝石、贵金属、包贵金属及其制品；仿首饰；硬币,205,布隆迪,107362.0
71,第71章  天然或养殖珍珠、宝石或半宝石、贵金属、包贵金属及其制品；仿首饰；硬币,231,毛里求斯,12271.0
71,第71章  天然或养殖珍珠、宝石或半宝石、贵金属、包贵金属及其制品；仿首饰；硬币,234,纳米比亚,725672.0
71,第71章  天然或养殖珍珠、宝石或半宝石、贵金属、包贵金属及其制品；仿首饰；硬币,240,塞内加尔,1684502.0
71,第71章  天然或养殖珍珠、宝石或半宝石、贵金属、包贵金属及其制品；仿首饰；硬币,243,索马里,51354.0
71,第71章  天然或养殖珍珠、宝石或半宝石、贵金属、包贵金属及其制品；仿首饰；硬币,303,英国,479747860.0
71,第71章  天然或养殖珍珠、宝石或半宝石、贵金属、包贵金属及其制品；仿首饰；硬币,304,德国,1628873312.0
71,第71章  天然或养殖珍珠、宝石或半宝石、贵金属、包贵金属及其制品；仿首饰；硬币,344,俄罗斯,1786942573.0
71,第71章  天然或养殖珍珠、宝石或半宝石、贵金属、包贵金属及其制品；仿首饰；硬币,358,塞尔维亚,475.0
71,第71章  天然或养殖珍珠、宝石或半宝石、贵金属、包贵金属及其制品；仿首饰；硬币,424,圭亚那,299659831.0
71,第71章  天然或养殖珍珠、宝石或半宝石、贵金属、包贵金属及其制品；仿首饰；硬币,502,美国,257492335.0
71,第71章  天然或养殖珍珠、宝石或半宝石、贵金属、包贵金属及其制品；仿首饰；硬币,601,澳大利亚,7471849917.0
71,第71章  天然或养殖珍珠、宝石或半宝石、贵金属、包贵金属及其制品；仿首饰；硬币,701,国家（地区）不明,18108569.0
72,第72章  钢铁,110,中国香港,2138999.0
72,第72章  钢铁,111,印度,135087864.0
72,第72章  钢铁,112,印度尼西亚,11752666120.0
72,第72章  钢铁,116,日本,1803981527.0
72,第72章  钢铁,122,马来西亚,51433271.0
72,第72章  钢铁,132,新加坡,1133594.0
72,第72章  钢铁,133,韩国,1273704081.0
72,第72章  钢铁,136,泰国,62741789.0
72,第72章  钢铁,141,越南,18071504.0
72,第72章  钢铁,142,中国,34288042.0
72,第72章  钢铁,143,中国台湾,312785676.0
72,第72章  钢铁,145,哈萨克斯坦,872767530.0
72,第72章  钢铁,303,英国,32541065.0
72,第72章  钢铁,304,德国,407871253.0
72,第72章  钢铁,344,俄罗斯,236644619.0
72,第72章  钢铁,502,美国,173391031.0
72,第72章  钢铁,601,澳大利亚,88499.0
72,第72章  钢铁,607,新喀里多尼亚,143295666.0
72,第72章  钢铁,701,国家（地区）不明,1728.0
73,第73章  钢铁制品,110,中国香港,1572900.0
73,第73章  钢铁制品,111,印度,90279288.0
73,第73章  钢铁制品,112,印度尼西亚,14323243.0
73,第73章  钢铁制品,113,伊朗,5112.0
73,第73章  钢铁制品,116,日本,1132754926.0
73,第73章  钢铁制品,120,黎巴嫩,15823.0
73,第73章  钢铁制品,122,马来西亚,42783564.0
73,第73章  钢铁制品,126,阿曼,2042.0
73,第73章  钢铁制品,132,新加坡,33602533.0
73,第73章  钢铁制品,133,韩国,521916753.0
73,第73章  钢铁制品,136,泰国,72902306.0
73,第73章  钢铁制品,141,越南,40723361.0
73,第73章  钢铁制品,142,中国,221198359.0
73,第73章  钢铁制品,143,中国台湾,246912318.0
73,第73章  钢铁制品,149,乌兹别克斯坦,9637.0
73,第73章  钢铁制品,150,格鲁吉亚,20672.0
73,第73章  钢铁制品,225,利比里亚,1428.0
73,第73章  钢铁制品,231,毛里求斯,315.0
73,第73章  钢铁制品,234,纳米比亚,993.0
73,第73章  钢铁制品,249,突尼斯,1378514.0
73,第73章  钢铁制品,303,英国,131294680.0
73,第73章  钢铁制品,304,德国,778081248.0
73,第73章  钢铁制品,324,马耳他,107574.0
73,第73章  钢铁制品,344,俄罗斯,27685159.0
73,第73章  钢铁制品,351,克罗地亚,2187343.0
73,第73章  钢铁制品,358,塞尔维亚,162216.0
73,第73章  钢铁制品,502,美国,594821534.0
73,第73章  钢铁制品,601,澳大利亚,8385792.0
73,第73章  钢铁制品,701,国家（地区）不明,6393363.0
74,第74章  铜及其制品,102,巴林,10648642.0
74,第74章  铜及其制品,110,中国香港,78534042.0
74,第74章  铜及其制品,111,印度,252698694.0
74,第74章  铜及其制品,112,印度尼西亚,779346902.0
74,第74章  铜及其制品,113,伊朗,15084724.0
74,第74章  铜及其制品,116,日本,4118561051.0
74,第74章  铜及其制品,119,老挝,82303785.0
74,第74章  铜及其制品,120,黎巴嫩,55033861.0
74,第74章  铜及其制品,122,马来西亚,1353176593.0
74,第74章  铜及其制品,125,尼泊尔,330738.0
74,第74章  铜及其制品,126,阿曼,41470190.0
74,第74章  铜及其制品,132,新加坡,107238185.0
74,第74章  铜及其制品,133,韩国,2905621081.0
74,第74章  铜及其制品,136,泰国,2317860195.0
74,第74章  铜及其制品,139,也门,7980539.0
74,第74章  铜及其制品,141,越南,97358026.0
74,第74章  铜及其制品,142,中国,604126870.0
74,第74章  铜及其制品,143,中国台湾,1477018745.0
74,第74章  铜及其制品,145,哈萨克斯坦,1530922030.0
74,第74章  铜及其制品,149,乌兹别克斯坦,356962506.0
74,第74章  铜及其制品,150,格鲁吉亚,9829103.0
74,第74章  铜及其制品,151,亚美尼亚,9457633.0
74,第74章  铜及其制品,202,安哥拉,6937841.0
74,第74章  铜及其制品,204,博茨瓦纳,5923094.0
74,第74章  铜及其制品,206,喀麦隆,11843045.0
74,第74章  铜及其制品,218,加蓬,12769401.0
74,第74章  铜及其制品,221,几内亚,20822111.0
74,第74章  铜及其制品,223,科特迪瓦,11834677.0
74,第74章  铜及其制品,230,毛里塔尼亚,2263485.0
74,第74章  铜及其制品,231,毛里求斯,7785384.0
74,第74章  铜及其制品,234,纳米比亚,20862770.0
74,第74章  铜及其制品,240,塞内加尔,10681936.0
74,第74章  铜及其制品,242,塞拉利昂,3681092.0
74,第74章  铜及其制品,249,突尼斯,20171104.0
74,第74章  铜及其制品,303,英国,521069928.0
74,第74章  铜及其制品,304,德国,452375777.0
74,第74章  铜及其制品,324,马耳他,62611.0
74,第74章  铜及其制品,344,俄罗斯,3639194204.0
74,第74章  铜及其制品,351,克罗地亚,76543.0
74,第74章  铜及其制品,358,塞尔维亚,220439098.0
74,第74章  铜及其制品,414,多米尼克,2444277.0
74,第74章  铜及其制品,425,海地,4156701.0
74,第74章  铜及其制品,502,美国,179820365.0
74,第74章  铜及其制品,601,澳大利亚,1199177228.0
74,第74章  铜及其制品,701,国家（地区）不明,16203.0
75,第75章  镍及其制品,111,印度,9287258.0
75,第75章  镍及其制品,112,印度尼西亚,6359488261.0
75,第75章  镍及其制品,116,日本,265606735.0
75,第75章  镍及其制品,122,马来西亚,114326.0
75,第75章  镍及其制品,132,新加坡,1622354.0
75,第75章  镍及其制品,133,韩国,37279900.0
75,第75章  镍及其制品,136,泰国,11034346.0
75,第75章  镍及其制品,141,越南,6105099.0
75,第75章  镍及其制品,142,中国,8129497.0
75,第75章  镍及其制品,143,中国台湾,11427018.0
75,第75章  镍及其制品,249,突尼斯,61480.0
75,第75章  镍及其制品,303,英国,99296001.0
75,第75章  镍及其制品,304,德国,128128913.0
75,第75章  镍及其制品,344,俄罗斯,2247192685.0
75,第75章  镍及其制品,502,美国,275744509.0
75,第75章  镍及其制品,601,澳大利亚,3844625.0
75,第75章  镍及其制品,607,新喀里多尼亚,341783626.0
75,第75章  镍及其制品,701,国家（地区）不明,132.0
76,第76章  铝及其制品,102,巴林,12000343.0
76,第76章  铝及其制品,110,中国香港,4560462.0
76,第76章  铝及其制品,111,印度,370026724.0
76,第76章  铝及其制品,112,印度尼西亚,702166077.0
76,第76章  铝及其制品,113,伊朗,11218405.0
76,第76章  铝及其制品,116,日本,807184419.0
76,第76章  铝及其制品,119,老挝,2712747.0
76,第76章  铝及其制品,120,黎巴嫩,14037053.0
76,第76章  铝及其制品,122,马来西亚,845556190.0
76,第76章  铝及其制品,126,阿曼,331387.0
76,第76章  铝及其制品,132,新加坡,10355026.0
76,第76章  铝及其制品,133,韩国,597537956.0
76,第76章  铝及其制品,136,泰国,811249544.0
76,第76章  铝及其制品,141,越南,120000997.0
76,第76章  铝及其制品,142,中国,32415956.0
76,第76章  铝及其制品,143,中国台湾,187094135.0
76,第76章  铝及其制品,145,哈萨克斯坦,67716493.0
76,第76章  铝及其制品,149,乌兹别克斯坦,4106742.0
76,第76章  铝及其制品,150,格鲁吉亚,448916.0
76,第76章  铝及其制品,206,喀麦隆,4614380.0
76,第76章  铝及其制品,221,几内亚,468080.0
76,第76章  铝及其制品,249,突尼斯,2438720.0
76,第76章  铝及其制品,303,英国,288048858.0
76,第76章  铝及其制品,304,德国,213846944.0
76,第76章  铝及其制品,324,马耳他,5128.0
76,第76章  铝及其制品,344,俄罗斯,3775447298.0
76,第76章  铝及其制品,351,克罗地亚,2175807.0
76,第76章  铝及其制品,358,塞尔维亚,8583.0
76,第76章  铝及其制品,502,美国,328177699.0
76,第76章  铝及其制品,601,澳大利亚,250424446.0
76,第76章  铝及其制品,701,国家（地区）不明,2560.0
78,第78章  铅及其制品,110,中国香港,4985976.0
78,第78章  铅及其制品,111,印度,2766517.0
78,第78章  铅及其制品,112,印度尼西亚,11817475.0
78,第78章  铅及其制品,113,伊朗,4283.0
78,第78章  铅及其制品,116,日本,41228528.0
78,第78章  铅及其制品,119,老挝,17879454.0
78,第78章  铅及其制品,122,马来西亚,32061792.0
78,第78章  铅及其制品,133,韩国,4283.0
78,第78章  铅及其制品,136,泰国,14334792.0
78,第78章  铅及其制品,141,越南,26413703.0
78,第78章  铅及其制品,142,中国,13935.0
78,第78章  铅及其制品,143,中国台湾,20267.0
78,第78章  铅及其制品,145,哈萨克斯坦,21208269.0
78,第78章  铅及其制品,149,乌兹别克斯坦,2034402.0
78,第78章  铅及其制品,303,英国,1541251.0
78,第78章  铅及其制品,304,德国,1614986.0
78,第78章  铅及其制品,344,俄罗斯,130119.0
78,第78章  铅及其制品,502,美国,1551711.0
79,第79章  锌及其制品,110,中国香港,2890580.0
79,第79章  锌及其制品,111,印度,2275329.0
79,第79章  锌及其制品,112,印度尼西亚,12723934.0
79,第79章  锌及其制品,113,伊朗,36289571.0
79,第79章  锌及其制品,116,日本,32124943.0
79,第79章  锌及其制品,122,马来西亚,14996985.0
79,第79章  锌及其制品,132,新加坡,11140.0
79,第79章  锌及其制品,133,韩国,35328687.0
79,第79章  锌及其制品,136,泰国,12058239.0
79,第79章  锌及其制品,141,越南,874300.0
79,第79章  锌及其制品,142,中国,12373952.0
79,第79章  锌及其制品,143,中国台湾,2937638.0
79,第79章  锌及其制品,145,哈萨克斯坦,385034898.0
79,第79章  锌及其制品,152,阿塞拜疆,387187.0
79,第79章  锌及其制品,303,英国,216688.0
79,第79章  锌及其制品,304,德国,16428011.0
79,第79章  锌及其制品,324,马耳他,13384.0
79,第79章  锌及其制品,502,美国,2511585.0
79,第79章  锌及其制品,601,澳大利亚,37821835.0
79,第79章  锌及其制品,701,国家（地区）不明,9978.0
80,第80章  锡及其制品,110,中国香港,26633749.0
80,第80章  锡及其制品,111,印度,647155.0
80,第80章  锡及其制品,112,印度尼西亚,164602412.0
80,第80章  锡及其制品,116,日本,26200581.0
80,第80章  锡及其制品,122,马来西亚,15018287.0
80,第80章  锡及其制品,132,新加坡,3807779.0
80,第80章  锡及其制品,133,韩国,14859534.0
80,第80章  锡及其制品,136,泰国,5713553.0
80,第80章  锡及其制品,142,中国,17745314.0
80,第80章  锡及其制品,143,中国台湾,13240732.0
80,第80章  锡及其制品,303,英国,104862.0
80,第80章  锡及其制品,304,德国,1896874.0
80,第80章  锡及其制品,502,美国,1176358.0
81,第81章  其他贱金属、金属陶瓷及其制品,110,中国香港,193432.0
81,第81章  其他贱金属、金属陶瓷及其制品,111,印度,6093024.0
81,第81章  其他贱金属、金属陶瓷及其制品,112,印度尼西亚,153273644.0
81,第81章  其他贱金属、金属陶瓷及其制品,116,日本,106205994.0
81,第81章  其他贱金属、金属陶瓷及其制品,122,马来西亚,5192004.0
81,第81章  其他贱金属、金属陶瓷及其制品,132,新加坡,1933480.0
81,第81章  其他贱金属、金属陶瓷及其制品,133,韩国,16430626.0
81,第81章  其他贱金属、金属陶瓷及其制品,136,泰国,1635185.0
81,第81章  其他贱金属、金属陶瓷及其制品,141,越南,4040971.0
81,第81章  其他贱金属、金属陶瓷及其制品,142,中国,112889615.0
81,第81章  其他贱金属、金属陶瓷及其制品,143,中国台湾,21424567.0
81,第81章  其他贱金属、金属陶瓷及其制品,145,哈萨克斯坦,15781949.0
81,第81章  其他贱金属、金属陶瓷及其制品,303,英国,45425003.0
81,第81章  其他贱金属、金属陶瓷及其制品,304,德国,160096188.0
81,第81章  其他贱金属、金属陶瓷及其制品,344,俄罗斯,97801887.0
81,第81章  其他贱金属、金属陶瓷及其制品,502,美国,203743489.0
81,第81章  其他贱金属、金属陶瓷及其制品,601,澳大利亚,7894881.0
81,第81章  其他贱金属、金属陶瓷及其制品,701,国家（地区）不明,2871.0
82,第82章  贱金属工具、器具、利口器、餐匙、餐叉及其零件,110,中国香港,33724.0
82,第82章  贱金属工具、器具、利口器、餐匙、餐叉及其零件,111,印度,33214928.0
82,第82章  贱金属工具、器具、利口器、餐匙、餐叉及其零件,112,印度尼西亚,1076377.0
82,第82章  贱金属工具、器具、利口器、餐匙、餐叉及其零件,116,日本,504728816.0
82,第82章  贱金属工具、器具、利口器、餐匙、餐叉及其零件,122,马来西亚,4772229.0
82,第82章  贱金属工具、器具、利口器、餐匙、餐叉及其零件,132,新加坡,4364513.0
82,第82章  贱金属工具、器具、利口器、餐匙、餐叉及其零件,133,韩国,136298793.0
82,第82章  贱金属工具、器具、利口器、餐匙、餐叉及其零件,136,泰国,32515324.0
82,第82章  贱金属工具、器具、利口器、餐匙、餐叉及其零件,141,越南,55414000.0
82,第82章  贱金属工具、器具、利口器、餐匙、餐叉及其零件,142,中国,26402638.0
82,第82章  贱金属工具、器具、利口器、餐匙、餐叉及其零件,143,中国台湾,142623237.0
82,第82章  贱金属工具、器具、利口器、餐匙、餐叉及其零件,149,乌兹别克斯坦,5547.0
82,第82章  贱金属工具、器具、利口器、餐匙、餐叉及其零件,151,亚美尼亚,1321.0
82,第82章  贱金属工具、器具、利口器、餐匙、餐叉及其零件,249,突尼斯,322410.0
82,第82章  贱金属工具、器具、利口器、餐匙、餐叉及其零件,303,英国,11745649.0
82,第82章  贱金属工具、器具、利口器、餐匙、餐叉及其零件,304,德国,274033322.0
82,第82章  贱金属工具、器具、利口器、餐匙、餐叉及其零件,344,俄罗斯,56272.0
82,第82章  贱金属工具、器具、利口器、餐匙、餐叉及其零件,351,克罗地亚,50099.0
82,第82章  贱金属工具、器具、利口器、餐匙、餐叉及其零件,358,塞尔维亚,70931.0
82,第82章  贱金属工具、器具、利口器、餐匙、餐叉及其零件,502,美国,92442861.0
82,第82章  贱金属工具、器具、利口器、餐匙、餐叉及其零件,601,澳大利亚,270539.0
82,第82章  贱金属工具、器具、利口器、餐匙、餐叉及其零件,701,国家（地区）不明,38701.0
83,第83章  贱金属杂项制品,102,巴林,95.0
83,第83章  贱金属杂项制品,110,中国香港,776675.0
83,第83章  贱金属杂项制品,111,印度,8662401.0
83,第83章  贱金属杂项制品,112,印度尼西亚,1595596.0
83,第83章  贱金属杂项制品,113,伊朗,2139.0
83,第83章  贱金属杂项制品,116,日本,101984983.0
83,第83章  贱金属杂项制品,119,老挝,6425.0
83,第83章  贱金属杂项制品,122,马来西亚,13063895.0
83,第83章  贱金属杂项制品,125,尼泊尔,5300575.0
83,第83章  贱金属杂项制品,132,新加坡,5031047.0
83,第83章  贱金属杂项制品,133,韩国,73800867.0
83,第83章  贱金属杂项制品,136,泰国,7788178.0
83,第83章  贱金属杂项制品,141,越南,19814325.0
83,第83章  贱金属杂项制品,142,中国,37256859.0
83,第83章  贱金属杂项制品,143,中国台湾,75190292.0
83,第83章  贱金属杂项制品,149,乌兹别克斯坦,3548.0
83,第83章  贱金属杂项制品,151,亚美尼亚,214.0
83,第83章  贱金属杂项制品,231,毛里求斯,19916.0
83,第83章  贱金属杂项制品,249,突尼斯,286863.0
83,第83章  贱金属杂项制品,303,英国,28037366.0
83,第83章  贱金属杂项制品,304,德国,151381216.0
83,第83章  贱金属杂项制品,324,马耳他,64178.0
83,第83章  贱金属杂项制品,344,俄罗斯,459476.0
83,第83章  贱金属杂项制品,351,克罗地亚,1256.0
83,第83章  贱金属杂项制品,358,塞尔维亚,57685.0
83,第83章  贱金属杂项制品,502,美国,85270549.0
83,第83章  贱金属杂项制品,601,澳大利亚,989959.0
83,第83章  贱金属杂项制品,701,国家（地区）不明,7366.0
84,第84章  核反应堆、锅炉、机器、机械器具及零件,110,中国香港,136229571.0
84,第84章  核反应堆、锅炉、机器、机械器具及零件,111,印度,863241357.0
84,第84章  核反应堆、锅炉、机器、机械器具及零件,112,印度尼西亚,326493910.0
84,第84章  核反应堆、锅炉、机器、机械器具及零件,113,伊朗,61150.0
84,第84章  核反应堆、锅炉、机器、机械器具及零件,116,日本,25435823544.0
84,第84章  核反应堆、锅炉、机器、机械器具及零件,119,老挝,249249.0
84,第84章  核反应堆、锅炉、机器、机械器具及零件,120,黎巴嫩,14931.0
84,第84章  核反应堆、锅炉、机器、机械器具及零件,122,马来西亚,6888192538.0
84,第84章  核反应堆、锅炉、机器、机械器具及零件,126,阿曼,3709.0
84,第84章  核反应堆、锅炉、机器、机械器具及零件,132,新加坡,7983319338.0
84,第84章  核反应堆、锅炉、机器、机械器具及零件,133,韩国,15192888432.0
84,第84章  核反应堆、锅炉、机器、机械器具及零件,135,叙利亚,7838.0
84,第84章  核反应堆、锅炉、机器、机械器具及零件,136,泰国,6266191507.0
84,第84章  核反应堆、锅炉、机器、机械器具及零件,141,越南,13135506244.0
84,第84章  核反应堆、锅炉、机器、机械器具及零件,142,中国,12997133761.0
84,第84章  核反应堆、锅炉、机器、机械器具及零件,143,中国台湾,17974375235.0
84,第84章  核反应堆、锅炉、机器、机械器具及零件,145,哈萨克斯坦,623798.0
84,第84章  核反应堆、锅炉、机器、机械器具及零件,150,格鲁吉亚,3898337.0
84,第84章  核反应堆、锅炉、机器、机械器具及零件,152,阿塞拜疆,1467.0
84,第84章  核反应堆、锅炉、机器、机械器具及零件,202,安哥拉,1480.0
84,第84章  核反应堆、锅炉、机器、机械器具及零件,225,利比里亚,12849.0
84,第84章  核反应堆、锅炉、机器、机械器具及零件,249,突尼斯,13257910.0
84,第84章  核反应堆、锅炉、机器、机械器具及零件,303,英国,1725455361.0
84,第84章  核反应堆、锅炉、机器、机械器具及零件,304,德国,13388102130.0
84,第84章  核反应堆、锅炉、机器、机械器具及零件,324,马耳他,5828947.0
84,第84章  核反应堆、锅炉、机器、机械器具及零件,344,俄罗斯,428700766.0
84,第84章  核反应堆、锅炉、机器、机械器具及零件,351,克罗地亚,5827253.0
84,第84章  核反应堆、锅炉、机器、机械器具及零件,358,塞尔维亚,20907975.0
84,第84章  核反应堆、锅炉、机器、机械器具及零件,440,萨尔瓦多,4624.0
84,第84章  核反应堆、锅炉、机器、机械器具及零件,441,苏里南,859.0
84,第84章  核反应堆、锅炉、机器、机械器具及零件,502,美国,10089285772.0
84,第84章  核反应堆、锅炉、机器、机械器具及零件,601,澳大利亚,74960334.0
84,第84章  核反应堆、锅炉、机器、机械器具及零件,701,国家（地区）不明,949187.0
85,第85章  电机、电气设备及其零件；录音机及放声机、电视图像、声音的录制和重放设备及其零件、附件,102,巴林,45.0
85,第85章  电机、电气设备及其零件；录音机及放声机、电视图像、声音的录制和重放设备及其零件、附件,104,不丹,176.0
85,第85章  电机、电气设备及其零件；录音机及放声机、电视图像、声音的录制和重放设备及其零件、附件,110,中国香港,82578777.0
85,第85章  电机、电气设备及其零件；录音机及放声机、电视图像、声音的录制和重放设备及其零件、附件,111,印度,1452715468.0
85,第85章  电机、电气设备及其零件；录音机及放声机、电视图像、声音的录制和重放设备及其零件、附件,112,印度尼西亚,933734533.0
85,第85章  电机、电气设备及其零件；录音机及放声机、电视图像、声音的录制和重放设备及其零件、附件,113,伊朗,433255.0
85,第85章  电机、电气设备及其零件；录音机及放声机、电视图像、声音的录制和重放设备及其零件、附件,116,日本,37864807279.0
85,第85章  电机、电气设备及其零件；录音机及放声机、电视图像、声音的录制和重放设备及其零件、附件,119,老挝,27081859.0
85,第85章  电机、电气设备及其零件；录音机及放声机、电视图像、声音的录制和重放设备及其零件、附件,120,黎巴嫩,802791.0
85,第85章  电机、电气设备及其零件；录音机及放声机、电视图像、声音的录制和重放设备及其零件、附件,122,马来西亚,7596502621.0
85,第85章  电机、电气设备及其零件；录音机及放声机、电视图像、声音的录制和重放设备及其零件、附件,132,新加坡,10180847004.0
85,第85章  电机、电气设备及其零件；录音机及放声机、电视图像、声音的录制和重放设备及其零件、附件,133,韩国,76692171687.0
85,第85章  电机、电气设备及其零件；录音机及放声机、电视图像、声音的录制和重放设备及其零件、附件,136,泰国,4778590260.0
85,第85章  电机、电气设备及其零件；录音机及放声机、电视图像、声音的录制和重放设备及其零件、附件,141,越南,36142363816.0
85,第85章  电机、电气设备及其零件；录音机及放声机、电视图像、声音的录制和重放设备及其零件、附件,142,中国,56119527006.0
85,第85章  电机、电气设备及其零件；录音机及放声机、电视图像、声音的录制和重放设备及其零件、附件,143,中国台湾,124215859307.0
85,第85章  电机、电气设备及其零件；录音机及放声机、电视图像、声音的录制和重放设备及其零件、附件,145,哈萨克斯坦,21285045.0
85,第85章  电机、电气设备及其零件；录音机及放声机、电视图像、声音的录制和重放设备及其零件、附件,149,乌兹别克斯坦,37512.0
85,第85章  电机、电气设备及其零件；录音机及放声机、电视图像、声音的录制和重放设备及其零件、附件,150,格鲁吉亚,321290.0
85,第85章  电机、电气设备及其零件；录音机及放声机、电视图像、声音的录制和重放设备及其零件、附件,151,亚美尼亚,6079.0
85,第85章  电机、电气设备及其零件；录音机及放声机、电视图像、声音的录制和重放设备及其零件、附件,206,喀麦隆,13749.0
85,第85章  电机、电气设备及其零件；录音机及放声机、电视图像、声音的录制和重放设备及其零件、附件,217,埃塞俄比亚,119.0
85,第85章  电机、电气设备及其零件；录音机及放声机、电视图像、声音的录制和重放设备及其零件、附件,218,加蓬,4167.0
85,第85章  电机、电气设备及其零件；录音机及放声机、电视图像、声音的录制和重放设备及其零件、附件,231,毛里求斯,41638.0
85,第85章  电机、电气设备及其零件；录音机及放声机、电视图像、声音的录制和重放设备及其零件、附件,234,纳米比亚,5262.0
85,第85章  电机、电气设备及其零件；录音机及放声机、电视图像、声音的录制和重放设备及其零件、附件,240,塞内加尔,72.0
85,第85章  电机、电气设备及其零件；录音机及放声机、电视图像、声音的录制和重放设备及其零件、附件,242,塞拉利昂,15585.0
85,第85章  电机、电气设备及其零件；录音机及放声机、电视图像、声音的录制和重放设备及其零件、附件,249,突尼斯,47009123.0
85,第85章  电机、电气设备及其零件；录音机及放声机、电视图像、声音的录制和重放设备及其零件、附件,303,英国,731872032.0
85,第85章  电机、电气设备及其零件；录音机及放声机、电视图像、声音的录制和重放设备及其零件、附件,304,德国,11108485306.0
85,第85章  电机、电气设备及其零件；录音机及放声机、电视图像、声音的录制和重放设备及其零件、附件,324,马耳他,202337124.0
85,第85章  电机、电气设备及其零件；录音机及放声机、电视图像、声音的录制和重放设备及其零件、附件,344,俄罗斯,120209604.0
85,第85章  电机、电气设备及其零件；录音机及放声机、电视图像、声音的录制和重放设备及其零件、附件,351,克罗地亚,27863395.0
85,第85章  电机、电气设备及其零件；录音机及放声机、电视图像、声音的录制和重放设备及其零件、附件,358,塞尔维亚,51619331.0
85,第85章  电机、电气设备及其零件；录音机及放声机、电视图像、声音的录制和重放设备及其零件、附件,414,多米尼克,121472.0
85,第85章  电机、电气设备及其零件；录音机及放声机、电视图像、声音的录制和重放设备及其零件、附件,417,库拉索,13381.0
85,第85章  电机、电气设备及其零件；录音机及放声机、电视图像、声音的录制和重放设备及其零件、附件,425,海地,91908.0
85,第85章  电机、电气设备及其零件；录音机及放声机、电视图像、声音的录制和重放设备及其零件、附件,437,圣卢西亚,36330.0
85,第85章  电机、电气设备及其零件；录音机及放声机、电视图像、声音的录制和重放设备及其零件、附件,440,萨尔瓦多,81703977.0
85,第85章  电机、电气设备及其零件；录音机及放声机、电视图像、声音的录制和重放设备及其零件、附件,502,美国,26728330402.0
85,第85章  电机、电气设备及其零件；录音机及放声机、电视图像、声音的录制和重放设备及其零件、附件,601,澳大利亚,69002187.0
85,第85章  电机、电气设备及其零件；录音机及放声机、电视图像、声音的录制和重放设备及其零件、附件,701,国家（地区）不明,1886538.0
86,第86章  铁道及电车道机车、车辆及其零件；铁道及电车道轨道固定装置及其零件；附件；各种机械（包括电动机械）交通信号设备,111,印度,6060404.0
86,第86章  铁道及电车道机车、车辆及其零件；铁道及电车道轨道固定装置及其零件；附件；各种机械（包括电动机械）交通信号设备,116,日本,48298889.0
86,第86章  铁道及电车道机车、车辆及其零件；铁道及电车道轨道固定装置及其零件；附件；各种机械（包括电动机械）交通信号设备,122,马来西亚,9468081.0
86,第86章  铁道及电车道机车、车辆及其零件；铁道及电车道轨道固定装置及其零件；附件；各种机械（包括电动机械）交通信号设备,142,中国,31195047.0
86,第86章  铁道及电车道机车、车辆及其零件；铁道及电车道轨道固定装置及其零件；附件；各种机械（包括电动机械）交通信号设备,143,中国台湾,15222.0
86,第86章  铁道及电车道机车、车辆及其零件；铁道及电车道轨道固定装置及其零件；附件；各种机械（包括电动机械）交通信号设备,145,哈萨克斯坦,2392450.0
86,第86章  铁道及电车道机车、车辆及其零件；铁道及电车道轨道固定装置及其零件；附件；各种机械（包括电动机械）交通信号设备,234,纳米比亚,20385.0
86,第86章  铁道及电车道机车、车辆及其零件；铁道及电车道轨道固定装置及其零件；附件；各种机械（包括电动机械）交通信号设备,303,英国,2384178.0
86,第86章  铁道及电车道机车、车辆及其零件；铁道及电车道轨道固定装置及其零件；附件；各种机械（包括电动机械）交通信号设备,304,德国,161960513.0
86,第86章  铁道及电车道机车、车辆及其零件；铁道及电车道轨道固定装置及其零件；附件；各种机械（包括电动机械）交通信号设备,344,俄罗斯,3534.0
86,第86章  铁道及电车道机车、车辆及其零件；铁道及电车道轨道固定装置及其零件；附件；各种机械（包括电动机械）交通信号设备,351,克罗地亚,67501.0
86,第86章  铁道及电车道机车、车辆及其零件；铁道及电车道轨道固定装置及其零件；附件；各种机械（包括电动机械）交通信号设备,502,美国,19600247.0
86,第86章  铁道及电车道机车、车辆及其零件；铁道及电车道轨道固定装置及其零件；附件；各种机械（包括电动机械）交通信号设备,601,澳大利亚,8187451.0
86,第86章  铁道及电车道机车、车辆及其零件；铁道及电车道轨道固定装置及其零件；附件；各种机械（包括电动机械）交通信号设备,701,国家（地区）不明,22175.0
87,第87章  车辆及其零件、附件，但铁道及电车道车辆除外,110,中国香港,154743.0
87,第87章  车辆及其零件、附件，但铁道及电车道车辆除外,111,印度,74127455.0
87,第87章  车辆及其零件、附件，但铁道及电车道车辆除外,112,印度尼西亚,118803852.0
87,第87章  车辆及其零件、附件，但铁道及电车道车辆除外,113,伊朗,2282031.0
87,第87章  车辆及其零件、附件，但铁道及电车道车辆除外,116,日本,6110190114.0
87,第87章  车辆及其零件、附件，但铁道及电车道车辆除外,122,马来西亚,45003983.0
87,第87章  车辆及其零件、附件，但铁道及电车道车辆除外,132,新加坡,2183024.0
87,第87章  车辆及其零件、附件，但铁道及电车道车辆除外,133,韩国,715630579.0
87,第87章  车辆及其零件、附件，但铁道及电车道车辆除外,136,泰国,239543300.0
87,第87章  车辆及其零件、附件，但铁道及电车道车辆除外,141,越南,183583019.0
87,第87章  车辆及其零件、附件，但铁道及电车道车辆除外,142,中国,75741774.0
87,第87章  车辆及其零件、附件，但铁道及电车道车辆除外,143,中国台湾,196937474.0
87,第87章  车辆及其零件、附件，但铁道及电车道车辆除外,145,哈萨克斯坦,1991.0
87,第87章  车辆及其零件、附件，但铁道及电车道车辆除外,149,乌兹别克斯坦,11912.0
87,第87章  车辆及其零件、附件，但铁道及电车道车辆除外,206,喀麦隆,1234.0
87,第87章  车辆及其零件、附件，但铁道及电车道车辆除外,242,塞拉利昂,620410.0
87,第87章  车辆及其零件、附件，但铁道及电车道车辆除外,249,突尼斯,1765278.0
87,第87章  车辆及其零件、附件，但铁道及电车道车辆除外,303,英国,2641131729.0
87,第87章  车辆及其零件、附件，但铁道及电车道车辆除外,304,德国,7698645376.0
87,第87章  车辆及其零件、附件，但铁道及电车道车辆除外,324,马耳他,29801.0
87,第87章  车辆及其零件、附件，但铁道及电车道车辆除外,344,俄罗斯,1132660.0
87,第87章  车辆及其零件、附件，但铁道及电车道车辆除外,351,克罗地亚,2239664.0
87,第87章  车辆及其零件、附件，但铁道及电车道车辆除外,358,塞尔维亚,9154996.0
87,第87章  车辆及其零件、附件，但铁道及电车道车辆除外,502,美国,952641084.0
87,第87章  车辆及其零件、附件，但铁道及电车道车辆除外,601,澳大利亚,7849516.0
87,第87章  车辆及其零件、附件，但铁道及电车道车辆除外,701,国家（地区）不明,475618.0
88,第88章  航空器、航天器及其零件,110,中国香港,525333.0
88,第88章  航空器、航天器及其零件,111,印度,18079945.0
88,第88章  航空器、航天器及其零件,116,日本,19360300.0
88,第88章  航空器、航天器及其零件,122,马来西亚,53935355.0
88,第88章  航空器、航天器及其零件,132,新加坡,15458226.0
88,第88章  航空器、航天器及其零件,133,韩国,63684915.0
88,第88章  航空器、航天器及其零件,136,泰国,310365.0
88,第88章  航空器、航天器及其零件,141,越南,924245.0
88,第88章  航空器、航天器及其零件,142,中国,80764592.0
88,第88章  航空器、航天器及其零件,143,中国台湾,6143076.0
88,第88章  航空器、航天器及其零件,150,格鲁吉亚,72.0
88,第88章  航空器、航天器及其零件,243,索马里,3062.0
88,第88章  航空器、航天器及其零件,249,突尼斯,246801.0
88,第88章  航空器、航天器及其零件,259,马约特,1394.0
88,第88章  航空器、航天器及其零件,303,英国,106576543.0
88,第88章  航空器、航天器及其零件,304,德国,1994921030.0
88,第88章  航空器、航天器及其零件,344,俄罗斯,52227132.0
88,第88章  航空器、航天器及其零件,502,美国,10471146706.0
88,第88章  航空器、航天器及其零件,601,澳大利亚,1682149.0
89,第89章  船舶及浮动结构体,116,日本,128491.0
89,第89章  船舶及浮动结构体,133,韩国,12564.0
89,第89章  船舶及浮动结构体,136,泰国,4224561.0
89,第89章  船舶及浮动结构体,141,越南,1415131.0
89,第89章  船舶及浮动结构体,142,中国,83673.0
89,第89章  船舶及浮动结构体,303,英国,287262.0
89,第89章  船舶及浮动结构体,304,德国,3518790.0
89,第89章  船舶及浮动结构体,502,美国,1446158.0
90,第90章  光学、照相、电影、计量、检验、医疗或外科用仪器及设备、精密仪器及设备；上述物品的零件、附件,102,巴林,552.0
90,第90章  光学、照相、电影、计量、检验、医疗或外科用仪器及设备、精密仪器及设备；上述物品的零件、附件,110,中国香港,35281491.0
90,第90章  光学、照相、电影、计量、检验、医疗或外科用仪器及设备、精密仪器及设备；上述物品的零件、附件,111,印度,161045702.0
90,第90章  光学、照相、电影、计量、检验、医疗或外科用仪器及设备、精密仪器及设备；上述物品的零件、附件,112,印度尼西亚,80144832.0
90,第90章  光学、照相、电影、计量、检验、医疗或外科用仪器及设备、精密仪器及设备；上述物品的零件、附件,113,伊朗,1099.0
90,第90章  光学、照相、电影、计量、检验、医疗或外科用仪器及设备、精密仪器及设备；上述物品的零件、附件,116,日本,7812973947.0
90,第90章  光学、照相、电影、计量、检验、医疗或外科用仪器及设备、精密仪器及设备；上述物品的零件、附件,119,老挝,3227910.0
90,第90章  光学、照相、电影、计量、检验、医疗或外科用仪器及设备、精密仪器及设备；上述物品的零件、附件,120,黎巴嫩,1643506.0
90,第90章  光学、照相、电影、计量、检验、医疗或外科用仪器及设备、精密仪器及设备；上述物品的零件、附件,122,马来西亚,2452683723.0
90,第90章  光学、照相、电影、计量、检验、医疗或外科用仪器及设备、精密仪器及设备；上述物品的零件、附件,125,尼泊尔,85190.0
90,第90章  光学、照相、电影、计量、检验、医疗或外科用仪器及设备、精密仪器及设备；上述物品的零件、附件,132,新加坡,2918841478.0
90,第90章  光学、照相、电影、计量、检验、医疗或外科用仪器及设备、精密仪器及设备；上述物品的零件、附件,133,韩国,2533971902.0
90,第90章  光学、照相、电影、计量、检验、医疗或外科用仪器及设备、精密仪器及设备；上述物品的零件、附件,136,泰国,1112815178.0
90,第90章  光学、照相、电影、计量、检验、医疗或外科用仪器及设备、精密仪器及设备；上述物品的零件、附件,141,越南,1185126341.0
90,第90章  光学、照相、电影、计量、检验、医疗或外科用仪器及设备、精密仪器及设备；上述物品的零件、附件,142,中国,2260673006.0
90,第90章  光学、照相、电影、计量、检验、医疗或外科用仪器及设备、精密仪器及设备；上述物品的零件、附件,143,中国台湾,3571192156.0
90,第90章  光学、照相、电影、计量、检验、医疗或外科用仪器及设备、精密仪器及设备；上述物品的零件、附件,145,哈萨克斯坦,2814110.0
90,第90章  光学、照相、电影、计量、检验、医疗或外科用仪器及设备、精密仪器及设备；上述物品的零件、附件,149,乌兹别克斯坦,198509.0
90,第90章  光学、照相、电影、计量、检验、医疗或外科用仪器及设备、精密仪器及设备；上述物品的零件、附件,150,格鲁吉亚,313.0
90,第90章  光学、照相、电影、计量、检验、医疗或外科用仪器及设备、精密仪器及设备；上述物品的零件、附件,151,亚美尼亚,4532.0
90,第90章  光学、照相、电影、计量、检验、医疗或外科用仪器及设备、精密仪器及设备；上述物品的零件、附件,152,阿塞拜疆,1375.0
90,第90章  光学、照相、电影、计量、检验、医疗或外科用仪器及设备、精密仪器及设备；上述物品的零件、附件,217,埃塞俄比亚,562.0
90,第90章  光学、照相、电影、计量、检验、医疗或外科用仪器及设备、精密仪器及设备；上述物品的零件、附件,231,毛里求斯,313684.0
90,第90章  光学、照相、电影、计量、检验、医疗或外科用仪器及设备、精密仪器及设备；上述物品的零件、附件,234,纳米比亚,51421.0
90,第90章  光学、照相、电影、计量、检验、医疗或外科用仪器及设备、精密仪器及设备；上述物品的零件、附件,240,塞内加尔,5023.0
90,第90章  光学、照相、电影、计量、检验、医疗或外科用仪器及设备、精密仪器及设备；上述物品的零件、附件,242,塞拉利昂,3178.0
90,第90章  光学、照相、电影、计量、检验、医疗或外科用仪器及设备、精密仪器及设备；上述物品的零件、附件,249,突尼斯,3323498.0
90,第90章  光学、照相、电影、计量、检验、医疗或外科用仪器及设备、精密仪器及设备；上述物品的零件、附件,303,英国,1169798005.0
90,第90章  光学、照相、电影、计量、检验、医疗或外科用仪器及设备、精密仪器及设备；上述物品的零件、附件,304,德国,7539051663.0
90,第90章  光学、照相、电影、计量、检验、医疗或外科用仪器及设备、精密仪器及设备；上述物品的零件、附件,324,马耳他,4760045.0
90,第90章  光学、照相、电影、计量、检验、医疗或外科用仪器及设备、精密仪器及设备；上述物品的零件、附件,344,俄罗斯,130974744.0
90,第90章  光学、照相、电影、计量、检验、医疗或外科用仪器及设备、精密仪器及设备；上述物品的零件、附件,351,克罗地亚,3408516.0
90,第90章  光学、照相、电影、计量、检验、医疗或外科用仪器及设备、精密仪器及设备；上述物品的零件、附件,358,塞尔维亚,4776192.0
90,第90章  光学、照相、电影、计量、检验、医疗或外科用仪器及设备、精密仪器及设备；上述物品的零件、附件,417,库拉索,6765.0
90,第90章  光学、照相、电影、计量、检验、医疗或外科用仪器及设备、精密仪器及设备；上述物品的零件、附件,502,美国,7017999934.0
90,第90章  光学、照相、电影、计量、检验、医疗或外科用仪器及设备、精密仪器及设备；上述物品的零件、附件,601,澳大利亚,197871689.0
90,第90章  光学、照相、电影、计量、检验、医疗或外科用仪器及设备、精密仪器及设备；上述物品的零件、附件,701,国家（地区）不明,666094.0
91,第91章  钟表及其零件,110,中国香港,6128714.0
91,第91章  钟表及其零件,111,印度,561082.0
91,第91章  钟表及其零件,112,印度尼西亚,213000.0
91,第91章  钟表及其零件,116,日本,174912817.0
91,第91章  钟表及其零件,122,马来西亚,10147102.0
91,第91章  钟表及其零件,132,新加坡,11101811.0
91,第91章  钟表及其零件,133,韩国,2435095.0
91,第91章  钟表及其零件,136,泰国,51940861.0
91,第91章  钟表及其零件,141,越南,1901599.0
91,第91章  钟表及其零件,142,中国,220157284.0
91,第91章  钟表及其零件,143,中国台湾,1911543.0
91,第91章  钟表及其零件,145,哈萨克斯坦,178.0
91,第91章  钟表及其零件,231,毛里求斯,305588.0
91,第91章  钟表及其零件,249,突尼斯,15819.0
91,第91章  钟表及其零件,303,英国,430150.0
91,第91章  钟表及其零件,304,德国,12444393.0
91,第91章  钟表及其零件,358,塞尔维亚,527.0
91,第91章  钟表及其零件,502,美国,2890608.0
92,第92章  乐器及其零件、附件,111,印度,4277186.0
92,第92章  乐器及其零件、附件,112,印度尼西亚,70857005.0
92,第92章  乐器及其零件、附件,113,伊朗,7995.0
92,第92章  乐器及其零件、附件,116,日本,57170064.0
92,第92章  乐器及其零件、附件,122,马来西亚,7371778.0
92,第92章  乐器及其零件、附件,125,尼泊尔,348753.0
92,第92章  乐器及其零件、附件,133,韩国,5778336.0
92,第92章  乐器及其零件、附件,136,泰国,352588.0
92,第92章  乐器及其零件、附件,141,越南,1424151.0
92,第92章  乐器及其零件、附件,142,中国,2020935.0
92,第92章  乐器及其零件、附件,143,中国台湾,9110111.0
92,第92章  乐器及其零件、附件,151,亚美尼亚,5642.0
92,第92章  乐器及其零件、附件,221,几内亚,8324.0
92,第92章  乐器及其零件、附件,249,突尼斯,213604.0
92,第92章  乐器及其零件、附件,303,英国,439943.0
92,第92章  乐器及其零件、附件,304,德国,14853554.0
92,第92章  乐器及其零件、附件,502,美国,24913653.0
93,第93章  武器、弹药及其零件、附件,116,日本,23461.0
93,第93章  武器、弹药及其零件、附件,136,泰国,440.0
93,第93章  武器、弹药及其零件、附件,142,中国,4446.0
93,第93章  武器、弹药及其零件、附件,303,英国,29013.0
93,第93章  武器、弹药及其零件、附件,304,德国,9482.0
93,第93章  武器、弹药及其零件、附件,502,美国,118356.0
94,第94章  家具；寝具、褥垫、弹簧床垫、软坐垫及类似的填充制品；未列名灯具及照明装置；发光标志、发光铭牌及类似品；活动房屋,110,中国香港,1025177.0
94,第94章  家具；寝具、褥垫、弹簧床垫、软坐垫及类似的填充制品；未列名灯具及照明装置；发光标志、发光铭牌及类似品；活动房屋,111,印度,7589809.0
94,第94章  家具；寝具、褥垫、弹簧床垫、软坐垫及类似的填充制品；未列名灯具及照明装置；发光标志、发光铭牌及类似品；活动房屋,112,印度尼西亚,13900792.0
94,第94章  家具；寝具、褥垫、弹簧床垫、软坐垫及类似的填充制品；未列名灯具及照明装置；发光标志、发光铭牌及类似品；活动房屋,113,伊朗,2407.0
94,第94章  家具；寝具、褥垫、弹簧床垫、软坐垫及类似的填充制品；未列名灯具及照明装置；发光标志、发光铭牌及类似品；活动房屋,116,日本,111411068.0
94,第94章  家具；寝具、褥垫、弹簧床垫、软坐垫及类似的填充制品；未列名灯具及照明装置；发光标志、发光铭牌及类似品；活动房屋,119,老挝,1175001.0
94,第94章  家具；寝具、褥垫、弹簧床垫、软坐垫及类似的填充制品；未列名灯具及照明装置；发光标志、发光铭牌及类似品；活动房屋,122,马来西亚,11516647.0
94,第94章  家具；寝具、褥垫、弹簧床垫、软坐垫及类似的填充制品；未列名灯具及照明装置；发光标志、发光铭牌及类似品；活动房屋,125,尼泊尔,91435.0
94,第94章  家具；寝具、褥垫、弹簧床垫、软坐垫及类似的填充制品；未列名灯具及照明装置；发光标志、发光铭牌及类似品；活动房屋,132,新加坡,1974816.0
94,第94章  家具；寝具、褥垫、弹簧床垫、软坐垫及类似的填充制品；未列名灯具及照明装置；发光标志、发光铭牌及类似品；活动房屋,133,韩国,28654888.0
94,第94章  家具；寝具、褥垫、弹簧床垫、软坐垫及类似的填充制品；未列名灯具及照明装置；发光标志、发光铭牌及类似品；活动房屋,136,泰国,29250460.0
94,第94章  家具；寝具、褥垫、弹簧床垫、软坐垫及类似的填充制品；未列名灯具及照明装置；发光标志、发光铭牌及类似品；活动房屋,141,越南,54538032.0
94,第94章  家具；寝具、褥垫、弹簧床垫、软坐垫及类似的填充制品；未列名灯具及照明装置；发光标志、发光铭牌及类似品；活动房屋,142,中国,59178801.0
94,第94章  家具；寝具、褥垫、弹簧床垫、软坐垫及类似的填充制品；未列名灯具及照明装置；发光标志、发光铭牌及类似品；活动房屋,143,中国台湾,16769574.0
94,第94章  家具；寝具、褥垫、弹簧床垫、软坐垫及类似的填充制品；未列名灯具及照明装置；发光标志、发光铭牌及类似品；活动房屋,150,格鲁吉亚,77275.0
94,第94章  家具；寝具、褥垫、弹簧床垫、软坐垫及类似的填充制品；未列名灯具及照明装置；发光标志、发光铭牌及类似品；活动房屋,240,塞内加尔,35090.0
94,第94章  家具；寝具、褥垫、弹簧床垫、软坐垫及类似的填充制品；未列名灯具及照明装置；发光标志、发光铭牌及类似品；活动房屋,249,突尼斯,249537.0
94,第94章  家具；寝具、褥垫、弹簧床垫、软坐垫及类似的填充制品；未列名灯具及照明装置；发光标志、发光铭牌及类似品；活动房屋,303,英国,67714623.0
94,第94章  家具；寝具、褥垫、弹簧床垫、软坐垫及类似的填充制品；未列名灯具及照明装置；发光标志、发光铭牌及类似品；活动房屋,304,德国,165470226.0
94,第94章  家具；寝具、褥垫、弹簧床垫、软坐垫及类似的填充制品；未列名灯具及照明装置；发光标志、发光铭牌及类似品；活动房屋,324,马耳他,58699.0
94,第94章  家具；寝具、褥垫、弹簧床垫、软坐垫及类似的填充制品；未列名灯具及照明装置；发光标志、发光铭牌及类似品；活动房屋,344,俄罗斯,660345.0
94,第94章  家具；寝具、褥垫、弹簧床垫、软坐垫及类似的填充制品；未列名灯具及照明装置；发光标志、发光铭牌及类似品；活动房屋,351,克罗地亚,1065018.0
94,第94章  家具；寝具、褥垫、弹簧床垫、软坐垫及类似的填充制品；未列名灯具及照明装置；发光标志、发光铭牌及类似品；活动房屋,358,塞尔维亚,1170653.0
94,第94章  家具；寝具、褥垫、弹簧床垫、软坐垫及类似的填充制品；未列名灯具及照明装置；发光标志、发光铭牌及类似品；活动房屋,440,萨尔瓦多,13110.0
94,第94章  家具；寝具、褥垫、弹簧床垫、软坐垫及类似的填充制品；未列名灯具及照明装置；发光标志、发光铭牌及类似品；活动房屋,502,美国,87958125.0
94,第94章  家具；寝具、褥垫、弹簧床垫、软坐垫及类似的填充制品；未列名灯具及照明装置；发光标志、发光铭牌及类似品；活动房屋,601,澳大利亚,9214179.0
94,第94章  家具；寝具、褥垫、弹簧床垫、软坐垫及类似的填充制品；未列名灯具及照明装置；发光标志、发光铭牌及类似品；活动房屋,701,国家（地区）不明,3596.0
95,第95章  玩具、游戏品、运动用品及其零件、附件,110,中国香港,391258.0
95,第95章  玩具、游戏品、运动用品及其零件、附件,111,印度,2923556.0
95,第95章  玩具、游戏品、运动用品及其零件、附件,112,印度尼西亚,64733981.0
95,第95章  玩具、游戏品、运动用品及其零件、附件,113,伊朗,714.0
95,第95章  玩具、游戏品、运动用品及其零件、附件,116,日本,360501817.0
95,第95章  玩具、游戏品、运动用品及其零件、附件,119,老挝,16181.0
95,第95章  玩具、游戏品、运动用品及其零件、附件,122,马来西亚,29935395.0
95,第95章  玩具、游戏品、运动用品及其零件、附件,125,尼泊尔,112970.0
95,第95章  玩具、游戏品、运动用品及其零件、附件,132,新加坡,217075.0
95,第95章  玩具、游戏品、运动用品及其零件、附件,133,韩国,25633554.0
95,第95章  玩具、游戏品、运动用品及其零件、附件,136,泰国,136462288.0
95,第95章  玩具、游戏品、运动用品及其零件、附件,141,越南,265292224.0
95,第95章  玩具、游戏品、运动用品及其零件、附件,142,中国,622617142.0
95,第95章  玩具、游戏品、运动用品及其零件、附件,143,中国台湾,141676821.0
95,第95章  玩具、游戏品、运动用品及其零件、附件,231,毛里求斯,3757.0
95,第95章  玩具、游戏品、运动用品及其零件、附件,249,突尼斯,220057.0
95,第95章  玩具、游戏品、运动用品及其零件、附件,303,英国,19733535.0
95,第95章  玩具、游戏品、运动用品及其零件、附件,304,德国,26973704.0
95,第95章  玩具、游戏品、运动用品及其零件、附件,324,马耳他,396084.0
95,第95章  玩具、游戏品、运动用品及其零件、附件,344,俄罗斯,44214.0
95,第95章  玩具、游戏品、运动用品及其零件、附件,502,美国,38013325.0
95,第95章  玩具、游戏品、运动用品及其零件、附件,601,澳大利亚,605450.0
96,第96章  杂项制品,110,中国香港,1367990.0
96,第96章  杂项制品,111,印度,4252220.0
96,第96章  杂项制品,112,印度尼西亚,10766638.0
96,第96章  杂项制品,116,日本,275964441.0
96,第96章  杂项制品,122,马来西亚,33101679.0
96,第96章  杂项制品,125,尼泊尔,1211.0
96,第96章  杂项制品,132,新加坡,325739.0
96,第96章  杂项制品,133,韩国,24326455.0
96,第96章  杂项制品,136,泰国,17357833.0
96,第96章  杂项制品,141,越南,14920797.0
96,第96章  杂项制品,142,中国,49508585.0
96,第96章  杂项制品,143,中国台湾,28626357.0
96,第96章  杂项制品,231,毛里求斯,549768.0
96,第96章  杂项制品,240,塞内加尔,28356.0
96,第96章  杂项制品,249,突尼斯,17148.0
96,第96章  杂项制品,303,英国,5153919.0
96,第96章  杂项制品,304,德国,58501342.0
96,第96章  杂项制品,344,俄罗斯,141899.0
96,第96章  杂项制品,358,塞尔维亚,169.0
96,第96章  杂项制品,414,多米尼克,174201.0
96,第96章  杂项制品,502,美国,31571334.0
96,第96章  杂项制品,601,澳大利亚,60461.0
96,第96章  杂项制品,701,国家（地区）不明,104.0
97,第97章  艺术品、收藏品及古物,104,不丹,2408.0
97,第97章  艺术品、收藏品及古物,110,中国香港,2313084.0
97,第97章  艺术品、收藏品及古物,111,印度,13668.0
97,第97章  艺术品、收藏品及古物,112,印度尼西亚,211192.0
97,第97章  艺术品、收藏品及古物,113,伊朗,512180.0
97,第97章  艺术品、收藏品及古物,116,日本,2008232.0
97,第97章  艺术品、收藏品及古物,125,尼泊尔,12400354.0
97,第97章  艺术品、收藏品及古物,132,新加坡,765025.0
97,第97章  艺术品、收藏品及古物,133,韩国,4031485.0
97,第97章  艺术品、收藏品及古物,136,泰国,51105.0
97,第97章  艺术品、收藏品及古物,141,越南,12415.0
97,第97章  艺术品、收藏品及古物,142,中国,545412019.0
97,第97章  艺术品、收藏品及古物,143,中国台湾,1744443.0
97,第97章  艺术品、收藏品及古物,150,格鲁吉亚,5711.0
97,第97章  艺术品、收藏品及古物,202,安哥拉,51227.0
97,第97章  艺术品、收藏品及古物,303,英国,17906965.0
97,第97章  艺术品、收藏品及古物,304,德国,9978930.0
97,第97章  艺术品、收藏品及古物,351,克罗地亚,356920.0
97,第97章  艺术品、收藏品及古物,502,美国,5484028.0
97,第97章  艺术品、收藏品及古物,601,澳大利亚,76210.0
98,第98章  特殊交易品及未分类商品,102,巴林,83334.0
98,第98章  特殊交易品及未分类商品,104,不丹,6150.0
98,第98章  特殊交易品及未分类商品,110,中国香港,174628106.0
98,第98章  特殊交易品及未分类商品,111,印度,12567308.0
98,第98章  特殊交易品及未分类商品,112,印度尼西亚,4895460.0
98,第98章  特殊交易品及未分类商品,113,伊朗,26364.0
98,第98章  特殊交易品及未分类商品,116,日本,361759001.0
98,第98章  特殊交易品及未分类商品,119,老挝,222489375.0
98,第98章  特殊交易品及未分类商品,120,黎巴嫩,146047.0
98,第98章  特殊交易品及未分类商品,122,马来西亚,10526667.0
98,第98章  特殊交易品及未分类商品,125,尼泊尔,250027.0
98,第98章  特殊交易品及未分类商品,126,阿曼,56941.0
98,第98章  特殊交易品及未分类商品,132,新加坡,10378512.0
98,第98章  特殊交易品及未分类商品,133,韩国,86057582.0
98,第98章  特殊交易品及未分类商品,135,叙利亚,23538.0
98,第98章  特殊交易品及未分类商品,136,泰国,28726512.0
98,第98章  特殊交易品及未分类商品,139,也门,8856.0
98,第98章  特殊交易品及未分类商品,141,越南,2502561630.0
98,第98章  特殊交易品及未分类商品,142,中国,132918203.0
98,第98章  特殊交易品及未分类商品,143,中国台湾,76914620.0
98,第98章  特殊交易品及未分类商品,145,哈萨克斯坦,48653395.0
98,第98章  特殊交易品及未分类商品,149,乌兹别克斯坦,48227123.0
98,第98章  特殊交易品及未分类商品,150,格鲁吉亚,63529.0
98,第98章  特殊交易品及未分类商品,151,亚美尼亚,32833.0
98,第98章  特殊交易品及未分类商品,152,阿塞拜疆,13480.0
98,第98章  特殊交易品及未分类商品,199,亚洲其他国家(地区),1444.0
98,第98章  特殊交易品及未分类商品,202,安哥拉,16070.0
98,第98章  特殊交易品及未分类商品,204,博茨瓦纳,8556.0
98,第98章  特殊交易品及未分类商品,205,布隆迪,3472.0
98,第98章  特殊交易品及未分类商品,206,喀麦隆,26207.0
98,第98章  特殊交易品及未分类商品,212,科摩罗,857.0
98,第98章  特殊交易品及未分类商品,217,埃塞俄比亚,46793.0
98,第98章  特殊交易品及未分类商品,218,加蓬,3150.0
98,第98章  特殊交易品及未分类商品,221,几内亚,5641.0
98,第98章  特殊交易品及未分类商品,223,科特迪瓦,36099.0
98,第98章  特殊交易品及未分类商品,225,利比里亚,14077.0
98,第98章  特殊交易品及未分类商品,230,毛里塔尼亚,3549.0
98,第98章  特殊交易品及未分类商品,231,毛里求斯,27640.0
98,第98章  特殊交易品及未分类商品,234,纳米比亚,41454.0
98,第98章  特殊交易品及未分类商品,237,留尼汪,976.0
98,第98章  特殊交易品及未分类商品,240,塞内加尔,18420.0
98,第98章  特殊交易品及未分类商品,242,塞拉利昂,83300.0
98,第98章  特殊交易品及未分类商品,243,索马里,4039.0
98,第98章  特殊交易品及未分类商品,249,突尼斯,367843.0
98,第98章  特殊交易品及未分类商品,256,梅利利亚,24.0
98,第98章  特殊交易品及未分类商品,259,马约特,5802.0
98,第98章  特殊交易品及未分类商品,260,南苏丹,93.0
98,第98章  特殊交易品及未分类商品,303,英国,26228902.0
98,第98章  特殊交易品及未分类商品,304,德国,51585670.0
98,第98章  特殊交易品及未分类商品,324,马耳他,26672.0
98,第98章  特殊交易品及未分类商品,344,俄罗斯,140004024.0
98,第98章  特殊交易品及未分类商品,351,克罗地亚,81626.0
98,第98章  特殊交易品及未分类商品,358,塞尔维亚,177245.0
98,第98章  特殊交易品及未分类商品,399,欧洲其他国家(地区),56013.0
98,第98章  特殊交易品及未分类商品,401,安提瓜和巴布达,2417.0
98,第98章  特殊交易品及未分类商品,403,阿鲁巴,1856.0
98,第98章  特殊交易品及未分类商品,414,多米尼克,4498.0
98,第98章  特殊交易品及未分类商品,417,库拉索,530.0
98,第98章  特殊交易品及未分类商品,420,法属圭亚那,217.0
98,第98章  特殊交易品及未分类商品,421,格林纳达,6.0
98,第98章  特殊交易品及未分类商品,424,圭亚那,1704.0
98,第98章  特殊交易品及未分类商品,425,海地,27354.0
98,第98章  特殊交易品及未分类商品,428,马提尼克,528.0
98,第98章  特殊交易品及未分类商品,437,圣卢西亚,1123.0
98,第98章  特殊交易品及未分类商品,440,萨尔瓦多,65719.0
98,第98章  特殊交易品及未分类商品,441,苏里南,1863.0
98,第98章  特殊交易品及未分类商品,502,美国,239570161.0
98,第98章  特殊交易品及未分类商品,505,圣皮埃尔和密克隆,4231.0
98,第98章  特殊交易品及未分类商品,601,澳大利亚,105676662.0
98,第98章  特殊交易品及未分类商品,607,新喀里多尼亚,631.0
98,第98章  特殊交易品及未分类商品,701,国家（地区）不明,442736810.0
