数据年月,商品编码,商品名称,贸易伙伴编码,贸易伙伴名称,人民币
201802,1,第1章   活动物,110,中国香港,2740.0
201802,1,第1章   活动物,112,印度尼西亚,362912.0
201802,1,第1章   活动物,116,日本,4415326.0
201802,1,第1章   活动物,122,马来西亚,2171306.0
201802,1,第1章   活动物,132,新加坡,1867.0
201802,1,第1章   活动物,136,泰国,27468.0
201802,1,第1章   活动物,141,越南,1157870.0
201802,1,第1章   活动物,143,中国台湾,20649.0
201802,1,第1章   活动物,145,哈萨克斯坦,1749335.0
201802,1,第1章   活动物,303,英国,6350.0
201802,1,第1章   活动物,304,德国,15941.0
201802,1,第1章   活动物,344,俄罗斯,2753538.0
201802,1,第1章   活动物,424,圭亚那,368198.0
201802,1,第1章   活动物,441,苏里南,374159.0
201802,1,第1章   活动物,502,美国,339622.0
201802,1,第1章   活动物,601,澳大利亚,25175094.0
201802,2,第2章   肉及食用杂碎,136,泰国,193005.0
201802,2,第2章   肉及食用杂碎,303,英国,21360947.0
201802,2,第2章   肉及食用杂碎,304,德国,313880074.0
201802,2,第2章   肉及食用杂碎,502,美国,358600934.0
201802,2,第2章   肉及食用杂碎,601,澳大利亚,462843131.0
201802,3,第3章   鱼、甲壳动物、软体动物及其他水生无脊椎动物,110,中国香港,688848.0
201802,3,第3章   鱼、甲壳动物、软体动物及其他水生无脊椎动物,111,印度,67615665.0
201802,3,第3章   鱼、甲壳动物、软体动物及其他水生无脊椎动物,112,印度尼西亚,205055336.0
201802,3,第3章   鱼、甲壳动物、软体动物及其他水生无脊椎动物,113,伊朗,403809.0
201802,3,第3章   鱼、甲壳动物、软体动物及其他水生无脊椎动物,116,日本,113707918.0
201802,3,第3章   鱼、甲壳动物、软体动物及其他水生无脊椎动物,122,马来西亚,28211272.0
201802,3,第3章   鱼、甲壳动物、软体动物及其他水生无脊椎动物,126,阿曼,10375768.0
201802,3,第3章   鱼、甲壳动物、软体动物及其他水生无脊椎动物,132,新加坡,1786451.0
201802,3,第3章   鱼、甲壳动物、软体动物及其他水生无脊椎动物,133,韩国,13188276.0
201802,3,第3章   鱼、甲壳动物、软体动物及其他水生无脊椎动物,136,泰国,109830683.0
201802,3,第3章   鱼、甲壳动物、软体动物及其他水生无脊椎动物,139,也门,1150968.0
201802,3,第3章   鱼、甲壳动物、软体动物及其他水生无脊椎动物,141,越南,154054561.0
201802,3,第3章   鱼、甲壳动物、软体动物及其他水生无脊椎动物,142,中国,4984725.0
201802,3,第3章   鱼、甲壳动物、软体动物及其他水生无脊椎动物,143,中国台湾,60251361.0
201802,3,第3章   鱼、甲壳动物、软体动物及其他水生无脊椎动物,145,哈萨克斯坦,2847685.0
201802,3,第3章   鱼、甲壳动物、软体动物及其他水生无脊椎动物,230,毛里塔尼亚,2920002.0
201802,3,第3章   鱼、甲壳动物、软体动物及其他水生无脊椎动物,234,纳米比亚,800349.0
201802,3,第3章   鱼、甲壳动物、软体动物及其他水生无脊椎动物,240,塞内加尔,4935375.0
201802,3,第3章   鱼、甲壳动物、软体动物及其他水生无脊椎动物,243,索马里,1754513.0
201802,3,第3章   鱼、甲壳动物、软体动物及其他水生无脊椎动物,303,英国,94929009.0
201802,3,第3章   鱼、甲壳动物、软体动物及其他水生无脊椎动物,304,德国,1098190.0
201802,3,第3章   鱼、甲壳动物、软体动物及其他水生无脊椎动物,344,俄罗斯,685707155.0
201802,3,第3章   鱼、甲壳动物、软体动物及其他水生无脊椎动物,424,圭亚那,799772.0
201802,3,第3章   鱼、甲壳动物、软体动物及其他水生无脊椎动物,441,苏里南,362712.0
201802,3,第3章   鱼、甲壳动物、软体动物及其他水生无脊椎动物,502,美国,670484972.0
201802,3,第3章   鱼、甲壳动物、软体动物及其他水生无脊椎动物,601,澳大利亚,607396774.0
201802,4,第4章   乳品；蛋品；天然蜂蜜；其他食用动物产品,110,中国香港,57.0
201802,4,第4章   乳品；蛋品；天然蜂蜜；其他食用动物产品,112,印度尼西亚,39418489.0
201802,4,第4章   乳品；蛋品；天然蜂蜜；其他食用动物产品,113,伊朗,368603.0
201802,4,第4章   乳品；蛋品；天然蜂蜜；其他食用动物产品,116,日本,476629.0
201802,4,第4章   乳品；蛋品；天然蜂蜜；其他食用动物产品,122,马来西亚,26485631.0
201802,4,第4章   乳品；蛋品；天然蜂蜜；其他食用动物产品,132,新加坡,122980.0
201802,4,第4章   乳品；蛋品；天然蜂蜜；其他食用动物产品,133,韩国,6642730.0
201802,4,第4章   乳品；蛋品；天然蜂蜜；其他食用动物产品,136,泰国,2099356.0
201802,4,第4章   乳品；蛋品；天然蜂蜜；其他食用动物产品,141,越南,2924.0
201802,4,第4章   乳品；蛋品；天然蜂蜜；其他食用动物产品,143,中国台湾,426251.0
201802,4,第4章   乳品；蛋品；天然蜂蜜；其他食用动物产品,303,英国,23403154.0
201802,4,第4章   乳品；蛋品；天然蜂蜜；其他食用动物产品,304,德国,84760911.0
201802,4,第4章   乳品；蛋品；天然蜂蜜；其他食用动物产品,344,俄罗斯,54775.0
201802,4,第4章   乳品；蛋品；天然蜂蜜；其他食用动物产品,502,美国,145675328.0
201802,4,第4章   乳品；蛋品；天然蜂蜜；其他食用动物产品,601,澳大利亚,92203411.0
201802,5,第5章   其他动物产品,111,印度,1483956.0
201802,5,第5章   其他动物产品,112,印度尼西亚,2173779.0
201802,5,第5章   其他动物产品,116,日本,2658048.0
201802,5,第5章   其他动物产品,122,马来西亚,1335873.0
201802,5,第5章   其他动物产品,133,韩国,189892.0
201802,5,第5章   其他动物产品,136,泰国,5629180.0
201802,5,第5章   其他动物产品,141,越南,1237507.0
201802,5,第5章   其他动物产品,142,中国,1216428.0
201802,5,第5章   其他动物产品,143,中国台湾,32335852.0
201802,5,第5章   其他动物产品,145,哈萨克斯坦,3075585.0
201802,5,第5章   其他动物产品,149,乌兹别克斯坦,1370953.0
201802,5,第5章   其他动物产品,223,科特迪瓦,38818.0
201802,5,第5章   其他动物产品,240,塞内加尔,32830.0
201802,5,第5章   其他动物产品,303,英国,346308.0
201802,5,第5章   其他动物产品,304,德国,27031027.0
201802,5,第5章   其他动物产品,344,俄罗斯,8119958.0
201802,5,第5章   其他动物产品,502,美国,33390213.0
201802,5,第5章   其他动物产品,601,澳大利亚,20316892.0
201802,6,第6章   活树及其他活植物；鳞茎、根及类似品；插花及装饰用簇叶,111,印度,302130.0
201802,6,第6章   活树及其他活植物；鳞茎、根及类似品；插花及装饰用簇叶,112,印度尼西亚,98708.0
201802,6,第6章   活树及其他活植物；鳞茎、根及类似品；插花及装饰用簇叶,113,伊朗,107933.0
201802,6,第6章   活树及其他活植物；鳞茎、根及类似品；插花及装饰用簇叶,116,日本,42431685.0
201802,6,第6章   活树及其他活植物；鳞茎、根及类似品；插花及装饰用簇叶,122,马来西亚,119777.0
201802,6,第6章   活树及其他活植物；鳞茎、根及类似品；插花及装饰用簇叶,125,尼泊尔,5180.0
201802,6,第6章   活树及其他活植物；鳞茎、根及类似品；插花及装饰用簇叶,133,韩国,773260.0
201802,6,第6章   活树及其他活植物；鳞茎、根及类似品；插花及装饰用簇叶,136,泰国,10135185.0
201802,6,第6章   活树及其他活植物；鳞茎、根及类似品；插花及装饰用簇叶,141,越南,2275551.0
201802,6,第6章   活树及其他活植物；鳞茎、根及类似品；插花及装饰用簇叶,142,中国,108955.0
201802,6,第6章   活树及其他活植物；鳞茎、根及类似品；插花及装饰用簇叶,143,中国台湾,1184602.0
201802,6,第6章   活树及其他活植物；鳞茎、根及类似品；插花及装饰用簇叶,217,埃塞俄比亚,1430247.0
201802,6,第6章   活树及其他活植物；鳞茎、根及类似品；插花及装饰用簇叶,223,科特迪瓦,13770.0
201802,6,第6章   活树及其他活植物；鳞茎、根及类似品；插花及装饰用簇叶,303,英国,5105.0
201802,6,第6章   活树及其他活植物；鳞茎、根及类似品；插花及装饰用簇叶,304,德国,790.0
201802,6,第6章   活树及其他活植物；鳞茎、根及类似品；插花及装饰用簇叶,440,萨尔瓦多,6560.0
201802,6,第6章   活树及其他活植物；鳞茎、根及类似品；插花及装饰用簇叶,502,美国,1676235.0
201802,6,第6章   活树及其他活植物；鳞茎、根及类似品；插花及装饰用簇叶,601,澳大利亚,716707.0
201802,7,第7章   食用蔬菜、根及块茎,111,印度,15563339.0
201802,7,第7章   食用蔬菜、根及块茎,116,日本,18714.0
201802,7,第7章   食用蔬菜、根及块茎,133,韩国,2016.0
201802,7,第7章   食用蔬菜、根及块茎,136,泰国,714457823.0
201802,7,第7章   食用蔬菜、根及块茎,141,越南,206461513.0
201802,7,第7章   食用蔬菜、根及块茎,142,中国,1503796.0
201802,7,第7章   食用蔬菜、根及块茎,143,中国台湾,332992.0
201802,7,第7章   食用蔬菜、根及块茎,303,英国,1382731.0
201802,7,第7章   食用蔬菜、根及块茎,304,德国,9034.0
201802,7,第7章   食用蔬菜、根及块茎,358,塞尔维亚,136217.0
201802,7,第7章   食用蔬菜、根及块茎,502,美国,12721680.0
201802,7,第7章   食用蔬菜、根及块茎,601,澳大利亚,5448675.0
201802,8,第8章   食用水果及坚果；甜瓜或柑橘属水果的果皮,110,中国香港,150.0
201802,8,第8章   食用水果及坚果；甜瓜或柑橘属水果的果皮,111,印度,13050114.0
201802,8,第8章   食用水果及坚果；甜瓜或柑橘属水果的果皮,112,印度尼西亚,19125656.0
201802,8,第8章   食用水果及坚果；甜瓜或柑橘属水果的果皮,113,伊朗,10740982.0
201802,8,第8章   食用水果及坚果；甜瓜或柑橘属水果的果皮,122,马来西亚,42024297.0
201802,8,第8章   食用水果及坚果；甜瓜或柑橘属水果的果皮,136,泰国,424058004.0
201802,8,第8章   食用水果及坚果；甜瓜或柑橘属水果的果皮,141,越南,585204478.0
201802,8,第8章   食用水果及坚果；甜瓜或柑橘属水果的果皮,142,中国,848426.0
201802,8,第8章   食用水果及坚果；甜瓜或柑橘属水果的果皮,143,中国台湾,82925756.0
201802,8,第8章   食用水果及坚果；甜瓜或柑橘属水果的果皮,149,乌兹别克斯坦,4622922.0
201802,8,第8章   食用水果及坚果；甜瓜或柑橘属水果的果皮,304,德国,140835.0
201802,8,第8章   食用水果及坚果；甜瓜或柑橘属水果的果皮,344,俄罗斯,7101683.0
201802,8,第8章   食用水果及坚果；甜瓜或柑橘属水果的果皮,358,塞尔维亚,399201.0
201802,8,第8章   食用水果及坚果；甜瓜或柑橘属水果的果皮,502,美国,192940097.0
201802,8,第8章   食用水果及坚果；甜瓜或柑橘属水果的果皮,601,澳大利亚,113388516.0
201802,9,第9章   咖啡、茶、马黛茶及调味香料,110,中国香港,79560.0
201802,9,第9章   咖啡、茶、马黛茶及调味香料,111,印度,13808950.0
201802,9,第9章   咖啡、茶、马黛茶及调味香料,112,印度尼西亚,6374366.0
201802,9,第9章   咖啡、茶、马黛茶及调味香料,113,伊朗,2314100.0
201802,9,第9章   咖啡、茶、马黛茶及调味香料,116,日本,2241589.0
201802,9,第9章   咖啡、茶、马黛茶及调味香料,119,老挝,76160.0
201802,9,第9章   咖啡、茶、马黛茶及调味香料,122,马来西亚,24990071.0
201802,9,第9章   咖啡、茶、马黛茶及调味香料,126,阿曼,454.0
201802,9,第9章   咖啡、茶、马黛茶及调味香料,132,新加坡,726401.0
201802,9,第9章   咖啡、茶、马黛茶及调味香料,133,韩国,1291539.0
201802,9,第9章   咖啡、茶、马黛茶及调味香料,136,泰国,23198.0
201802,9,第9章   咖啡、茶、马黛茶及调味香料,141,越南,94697850.0
201802,9,第9章   咖啡、茶、马黛茶及调味香料,142,中国,2777780.0
201802,9,第9章   咖啡、茶、马黛茶及调味香料,143,中国台湾,9329145.0
201802,9,第9章   咖啡、茶、马黛茶及调味香料,205,布隆迪,563784.0
201802,9,第9章   咖啡、茶、马黛茶及调味香料,206,喀麦隆,175093.0
201802,9,第9章   咖啡、茶、马黛茶及调味香料,217,埃塞俄比亚,1689719.0
201802,9,第9章   咖啡、茶、马黛茶及调味香料,303,英国,7889795.0
201802,9,第9章   咖啡、茶、马黛茶及调味香料,304,德国,3069616.0
201802,9,第9章   咖啡、茶、马黛茶及调味香料,502,美国,17320866.0
201802,9,第9章   咖啡、茶、马黛茶及调味香料,601,澳大利亚,544543.0
201802,10,第10章  谷物,116,日本,1332811.0
201802,10,第10章  谷物,133,韩国,347409.0
201802,10,第10章  谷物,136,泰国,132683266.0
201802,10,第10章  谷物,141,越南,243100587.0
201802,10,第10章  谷物,142,中国,2388.0
201802,10,第10章  谷物,145,哈萨克斯坦,43182500.0
201802,10,第10章  谷物,304,德国,57140.0
201802,10,第10章  谷物,344,俄罗斯,5975199.0
201802,10,第10章  谷物,502,美国,825941398.0
201802,10,第10章  谷物,601,澳大利亚,787346816.0
201802,11,第11章  制粉工业产品；麦芽；淀粉；菊粉；面筋,111,印度,194758.0
201802,11,第11章  制粉工业产品；麦芽；淀粉；菊粉；面筋,112,印度尼西亚,170531.0
201802,11,第11章  制粉工业产品；麦芽；淀粉；菊粉；面筋,116,日本,2886217.0
201802,11,第11章  制粉工业产品；麦芽；淀粉；菊粉；面筋,119,老挝,9368310.0
201802,11,第11章  制粉工业产品；麦芽；淀粉；菊粉；面筋,133,韩国,341128.0
201802,11,第11章  制粉工业产品；麦芽；淀粉；菊粉；面筋,136,泰国,347103535.0
201802,11,第11章  制粉工业产品；麦芽；淀粉；菊粉；面筋,141,越南,169444504.0
201802,11,第11章  制粉工业产品；麦芽；淀粉；菊粉；面筋,143,中国台湾,118835.0
201802,11,第11章  制粉工业产品；麦芽；淀粉；菊粉；面筋,145,哈萨克斯坦,1629200.0
201802,11,第11章  制粉工业产品；麦芽；淀粉；菊粉；面筋,304,德国,3130588.0
201802,11,第11章  制粉工业产品；麦芽；淀粉；菊粉；面筋,344,俄罗斯,7598689.0
201802,11,第11章  制粉工业产品；麦芽；淀粉；菊粉；面筋,502,美国,5725900.0
201802,11,第11章  制粉工业产品；麦芽；淀粉；菊粉；面筋,601,澳大利亚,2244821.0
201802,12,第12章  含油子仁及果实；杂项子仁及果仁；工业用或药用植物；稻草、秸秆及饲料,111,印度,8649165.0
201802,12,第12章  含油子仁及果实；杂项子仁及果仁；工业用或药用植物；稻草、秸秆及饲料,112,印度尼西亚,55473377.0
201802,12,第12章  含油子仁及果实；杂项子仁及果仁；工业用或药用植物；稻草、秸秆及饲料,116,日本,21839086.0
201802,12,第12章  含油子仁及果实；杂项子仁及果仁；工业用或药用植物；稻草、秸秆及饲料,119,老挝,43963857.0
201802,12,第12章  含油子仁及果实；杂项子仁及果仁；工业用或药用植物；稻草、秸秆及饲料,122,马来西亚,1172033.0
201802,12,第12章  含油子仁及果实；杂项子仁及果仁；工业用或药用植物；稻草、秸秆及饲料,132,新加坡,258.0
201802,12,第12章  含油子仁及果实；杂项子仁及果仁；工业用或药用植物；稻草、秸秆及饲料,133,韩国,13570090.0
201802,12,第12章  含油子仁及果实；杂项子仁及果仁；工业用或药用植物；稻草、秸秆及饲料,136,泰国,1213325.0
201802,12,第12章  含油子仁及果实；杂项子仁及果仁；工业用或药用植物；稻草、秸秆及饲料,141,越南,734485.0
201802,12,第12章  含油子仁及果实；杂项子仁及果仁；工业用或药用植物；稻草、秸秆及饲料,142,中国,7075985.0
201802,12,第12章  含油子仁及果实；杂项子仁及果仁；工业用或药用植物；稻草、秸秆及饲料,143,中国台湾,605440.0
201802,12,第12章  含油子仁及果实；杂项子仁及果仁；工业用或药用植物；稻草、秸秆及饲料,145,哈萨克斯坦,41775122.0
201802,12,第12章  含油子仁及果实；杂项子仁及果仁；工业用或药用植物；稻草、秸秆及饲料,149,乌兹别克斯坦,925868.0
201802,12,第12章  含油子仁及果实；杂项子仁及果仁；工业用或药用植物；稻草、秸秆及饲料,217,埃塞俄比亚,272701441.0
201802,12,第12章  含油子仁及果实；杂项子仁及果仁；工业用或药用植物；稻草、秸秆及饲料,240,塞内加尔,5962152.0
201802,12,第12章  含油子仁及果实；杂项子仁及果仁；工业用或药用植物；稻草、秸秆及饲料,303,英国,102936.0
201802,12,第12章  含油子仁及果实；杂项子仁及果仁；工业用或药用植物；稻草、秸秆及饲料,304,德国,42265958.0
201802,12,第12章  含油子仁及果实；杂项子仁及果仁；工业用或药用植物；稻草、秸秆及饲料,344,俄罗斯,298480858.0
201802,12,第12章  含油子仁及果实；杂项子仁及果仁；工业用或药用植物；稻草、秸秆及饲料,502,美国,9302201762.0
201802,12,第12章  含油子仁及果实；杂项子仁及果仁；工业用或药用植物；稻草、秸秆及饲料,601,澳大利亚,14406460.0
201802,13,第13章  虫胶；树胶、树脂及其他植物液、汁,110,中国香港,92608.0
201802,13,第13章  虫胶；树胶、树脂及其他植物液、汁,111,印度,8249912.0
201802,13,第13章  虫胶；树胶、树脂及其他植物液、汁,112,印度尼西亚,15781813.0
201802,13,第13章  虫胶；树胶、树脂及其他植物液、汁,116,日本,1834440.0
201802,13,第13章  虫胶；树胶、树脂及其他植物液、汁,119,老挝,92456.0
201802,13,第13章  虫胶；树胶、树脂及其他植物液、汁,126,阿曼,124295.0
201802,13,第13章  虫胶；树胶、树脂及其他植物液、汁,132,新加坡,119797.0
201802,13,第13章  虫胶；树胶、树脂及其他植物液、汁,133,韩国,4003555.0
201802,13,第13章  虫胶；树胶、树脂及其他植物液、汁,136,泰国,337794.0
201802,13,第13章  虫胶；树胶、树脂及其他植物液、汁,141,越南,1879382.0
201802,13,第13章  虫胶；树胶、树脂及其他植物液、汁,142,中国,36631.0
201802,13,第13章  虫胶；树胶、树脂及其他植物液、汁,143,中国台湾,962805.0
201802,13,第13章  虫胶；树胶、树脂及其他植物液、汁,148,土库曼斯坦,6839969.0
201802,13,第13章  虫胶；树胶、树脂及其他植物液、汁,149,乌兹别克斯坦,989568.0
201802,13,第13章  虫胶；树胶、树脂及其他植物液、汁,217,埃塞俄比亚,1681741.0
201802,13,第13章  虫胶；树胶、树脂及其他植物液、汁,243,索马里,3915195.0
201802,13,第13章  虫胶；树胶、树脂及其他植物液、汁,303,英国,76207.0
201802,13,第13章  虫胶；树胶、树脂及其他植物液、汁,304,德国,2152892.0
201802,13,第13章  虫胶；树胶、树脂及其他植物液、汁,440,萨尔瓦多,18026.0
201802,13,第13章  虫胶；树胶、树脂及其他植物液、汁,502,美国,16341204.0
201802,13,第13章  虫胶；树胶、树脂及其他植物液、汁,601,澳大利亚,109618.0
201802,14,第14章  编结用植物材料；其他植物产品,111,印度,4702314.0
201802,14,第14章  编结用植物材料；其他植物产品,112,印度尼西亚,1169396.0
201802,14,第14章  编结用植物材料；其他植物产品,116,日本,85877.0
201802,14,第14章  编结用植物材料；其他植物产品,122,马来西亚,11426072.0
201802,14,第14章  编结用植物材料；其他植物产品,133,韩国,28127.0
201802,14,第14章  编结用植物材料；其他植物产品,136,泰国,1070.0
201802,14,第14章  编结用植物材料；其他植物产品,141,越南,484834.0
201802,14,第14章  编结用植物材料；其他植物产品,143,中国台湾,3593.0
201802,14,第14章  编结用植物材料；其他植物产品,303,英国,2319.0
201802,14,第14章  编结用植物材料；其他植物产品,344,俄罗斯,3492786.0
201802,14,第14章  编结用植物材料；其他植物产品,502,美国,2273250.0
201802,15,第15章  动、植物油、脂及其分解产品；精制的食用油脂；动、植物蜡,110,中国香港,404769.0
201802,15,第15章  动、植物油、脂及其分解产品；精制的食用油脂；动、植物蜡,111,印度,168880572.0
201802,15,第15章  动、植物油、脂及其分解产品；精制的食用油脂；动、植物蜡,112,印度尼西亚,1685976001.0
201802,15,第15章  动、植物油、脂及其分解产品；精制的食用油脂；动、植物蜡,116,日本,2641754.0
201802,15,第15章  动、植物油、脂及其分解产品；精制的食用油脂；动、植物蜡,122,马来西亚,597217576.0
201802,15,第15章  动、植物油、脂及其分解产品；精制的食用油脂；动、植物蜡,132,新加坡,3418202.0
201802,15,第15章  动、植物油、脂及其分解产品；精制的食用油脂；动、植物蜡,133,韩国,2138431.0
201802,15,第15章  动、植物油、脂及其分解产品；精制的食用油脂；动、植物蜡,136,泰国,16447368.0
201802,15,第15章  动、植物油、脂及其分解产品；精制的食用油脂；动、植物蜡,141,越南,2170495.0
201802,15,第15章  动、植物油、脂及其分解产品；精制的食用油脂；动、植物蜡,142,中国,399444.0
201802,15,第15章  动、植物油、脂及其分解产品；精制的食用油脂；动、植物蜡,143,中国台湾,974197.0
201802,15,第15章  动、植物油、脂及其分解产品；精制的食用油脂；动、植物蜡,145,哈萨克斯坦,18253417.0
201802,15,第15章  动、植物油、脂及其分解产品；精制的食用油脂；动、植物蜡,249,突尼斯,516364.0
201802,15,第15章  动、植物油、脂及其分解产品；精制的食用油脂；动、植物蜡,303,英国,2751878.0
201802,15,第15章  动、植物油、脂及其分解产品；精制的食用油脂；动、植物蜡,304,德国,9512882.0
201802,15,第15章  动、植物油、脂及其分解产品；精制的食用油脂；动、植物蜡,344,俄罗斯,58409108.0
201802,15,第15章  动、植物油、脂及其分解产品；精制的食用油脂；动、植物蜡,358,塞尔维亚,98153.0
201802,15,第15章  动、植物油、脂及其分解产品；精制的食用油脂；动、植物蜡,502,美国,33459190.0
201802,15,第15章  动、植物油、脂及其分解产品；精制的食用油脂；动、植物蜡,601,澳大利亚,40689412.0
201802,16,第16章  肉、鱼、甲壳动物、软体动物及其他水生无脊椎动物的制品,111,印度,756482.0
201802,16,第16章  肉、鱼、甲壳动物、软体动物及其他水生无脊椎动物的制品,112,印度尼西亚,427699.0
201802,16,第16章  肉、鱼、甲壳动物、软体动物及其他水生无脊椎动物的制品,116,日本,5867070.0
201802,16,第16章  肉、鱼、甲壳动物、软体动物及其他水生无脊椎动物的制品,122,马来西亚,1049980.0
201802,16,第16章  肉、鱼、甲壳动物、软体动物及其他水生无脊椎动物的制品,132,新加坡,248944.0
201802,16,第16章  肉、鱼、甲壳动物、软体动物及其他水生无脊椎动物的制品,133,韩国,6542710.0
201802,16,第16章  肉、鱼、甲壳动物、软体动物及其他水生无脊椎动物的制品,136,泰国,11067962.0
201802,16,第16章  肉、鱼、甲壳动物、软体动物及其他水生无脊椎动物的制品,141,越南,3935412.0
201802,16,第16章  肉、鱼、甲壳动物、软体动物及其他水生无脊椎动物的制品,142,中国,331184.0
201802,16,第16章  肉、鱼、甲壳动物、软体动物及其他水生无脊椎动物的制品,143,中国台湾,1917133.0
201802,16,第16章  肉、鱼、甲壳动物、软体动物及其他水生无脊椎动物的制品,230,毛里塔尼亚,851463.0
201802,16,第16章  肉、鱼、甲壳动物、软体动物及其他水生无脊椎动物的制品,304,德国,37427.0
201802,16,第16章  肉、鱼、甲壳动物、软体动物及其他水生无脊椎动物的制品,344,俄罗斯,1863526.0
201802,16,第16章  肉、鱼、甲壳动物、软体动物及其他水生无脊椎动物的制品,502,美国,3385881.0
201802,17,第17章  糖及糖食,110,中国香港,477629.0
201802,17,第17章  糖及糖食,111,印度,388.0
201802,17,第17章  糖及糖食,112,印度尼西亚,681065.0
201802,17,第17章  糖及糖食,113,伊朗,118412.0
201802,17,第17章  糖及糖食,116,日本,3678900.0
201802,17,第17章  糖及糖食,122,马来西亚,11373703.0
201802,17,第17章  糖及糖食,132,新加坡,1224597.0
201802,17,第17章  糖及糖食,133,韩国,12249440.0
201802,17,第17章  糖及糖食,136,泰国,13402690.0
201802,17,第17章  糖及糖食,141,越南,9034520.0
201802,17,第17章  糖及糖食,142,中国,956.0
201802,17,第17章  糖及糖食,143,中国台湾,3907577.0
201802,17,第17章  糖及糖食,145,哈萨克斯坦,316682.0
201802,17,第17章  糖及糖食,303,英国,345116.0
201802,17,第17章  糖及糖食,304,德国,3540163.0
201802,17,第17章  糖及糖食,344,俄罗斯,1158725.0
201802,17,第17章  糖及糖食,440,萨尔瓦多,4832535.0
201802,17,第17章  糖及糖食,502,美国,31487237.0
201802,17,第17章  糖及糖食,601,澳大利亚,7936490.0
201802,18,第18章  可可及可可制品,111,印度,572322.0
201802,18,第18章  可可及可可制品,112,印度尼西亚,33965579.0
201802,18,第18章  可可及可可制品,116,日本,2779384.0
201802,18,第18章  可可及可可制品,122,马来西亚,33481593.0
201802,18,第18章  可可及可可制品,132,新加坡,12806635.0
201802,18,第18章  可可及可可制品,133,韩国,2336295.0
201802,18,第18章  可可及可可制品,136,泰国,836.0
201802,18,第18章  可可及可可制品,141,越南,547215.0
201802,18,第18章  可可及可可制品,143,中国台湾,428134.0
201802,18,第18章  可可及可可制品,145,哈萨克斯坦,193970.0
201802,18,第18章  可可及可可制品,223,科特迪瓦,15118614.0
201802,18,第18章  可可及可可制品,303,英国,2286028.0
201802,18,第18章  可可及可可制品,304,德国,3549692.0
201802,18,第18章  可可及可可制品,344,俄罗斯,24303815.0
201802,18,第18章  可可及可可制品,502,美国,4670854.0
201802,18,第18章  可可及可可制品,601,澳大利亚,1188469.0
201802,18,第18章  可可及可可制品,607,新喀里多尼亚,33732.0
201802,19,第19章  谷物、粮食粉、淀粉或乳的制品；糕饼点心,110,中国香港,16697853.0
201802,19,第19章  谷物、粮食粉、淀粉或乳的制品；糕饼点心,111,印度,480946.0
201802,19,第19章  谷物、粮食粉、淀粉或乳的制品；糕饼点心,112,印度尼西亚,57620946.0
201802,19,第19章  谷物、粮食粉、淀粉或乳的制品；糕饼点心,116,日本,15962269.0
201802,19,第19章  谷物、粮食粉、淀粉或乳的制品；糕饼点心,122,马来西亚,33201588.0
201802,19,第19章  谷物、粮食粉、淀粉或乳的制品；糕饼点心,132,新加坡,5868147.0
201802,19,第19章  谷物、粮食粉、淀粉或乳的制品；糕饼点心,133,韩国,34966389.0
201802,19,第19章  谷物、粮食粉、淀粉或乳的制品；糕饼点心,136,泰国,13995557.0
201802,19,第19章  谷物、粮食粉、淀粉或乳的制品；糕饼点心,141,越南,7739132.0
201802,19,第19章  谷物、粮食粉、淀粉或乳的制品；糕饼点心,142,中国,1584448.0
201802,19,第19章  谷物、粮食粉、淀粉或乳的制品；糕饼点心,143,中国台湾,30019915.0
201802,19,第19章  谷物、粮食粉、淀粉或乳的制品；糕饼点心,145,哈萨克斯坦,193939.0
201802,19,第19章  谷物、粮食粉、淀粉或乳的制品；糕饼点心,303,英国,8019132.0
201802,19,第19章  谷物、粮食粉、淀粉或乳的制品；糕饼点心,304,德国,216238055.0
201802,19,第19章  谷物、粮食粉、淀粉或乳的制品；糕饼点心,344,俄罗斯,1602248.0
201802,19,第19章  谷物、粮食粉、淀粉或乳的制品；糕饼点心,351,克罗地亚,175151.0
201802,19,第19章  谷物、粮食粉、淀粉或乳的制品；糕饼点心,502,美国,35210188.0
201802,19,第19章  谷物、粮食粉、淀粉或乳的制品；糕饼点心,601,澳大利亚,43694661.0
201802,20,第20章  蔬菜、水果、坚果或植物其他部分的制品,110,中国香港,1072354.0
201802,20,第20章  蔬菜、水果、坚果或植物其他部分的制品,111,印度,4130527.0
201802,20,第20章  蔬菜、水果、坚果或植物其他部分的制品,112,印度尼西亚,3291765.0
201802,20,第20章  蔬菜、水果、坚果或植物其他部分的制品,113,伊朗,89060.0
201802,20,第20章  蔬菜、水果、坚果或植物其他部分的制品,116,日本,2935069.0
201802,20,第20章  蔬菜、水果、坚果或植物其他部分的制品,122,马来西亚,4491420.0
201802,20,第20章  蔬菜、水果、坚果或植物其他部分的制品,133,韩国,33366062.0
201802,20,第20章  蔬菜、水果、坚果或植物其他部分的制品,136,泰国,22893383.0
201802,20,第20章  蔬菜、水果、坚果或植物其他部分的制品,141,越南,13832863.0
201802,20,第20章  蔬菜、水果、坚果或植物其他部分的制品,142,中国,148212.0
201802,20,第20章  蔬菜、水果、坚果或植物其他部分的制品,143,中国台湾,1535868.0
201802,20,第20章  蔬菜、水果、坚果或植物其他部分的制品,303,英国,7236555.0
201802,20,第20章  蔬菜、水果、坚果或植物其他部分的制品,304,德国,3012405.0
201802,20,第20章  蔬菜、水果、坚果或植物其他部分的制品,344,俄罗斯,255289.0
201802,20,第20章  蔬菜、水果、坚果或植物其他部分的制品,358,塞尔维亚,99471.0
201802,20,第20章  蔬菜、水果、坚果或植物其他部分的制品,502,美国,62558898.0
201802,20,第20章  蔬菜、水果、坚果或植物其他部分的制品,601,澳大利亚,2750724.0
201802,21,第21章  杂项食品,110,中国香港,11745466.0
201802,21,第21章  杂项食品,111,印度,680073.0
201802,21,第21章  杂项食品,112,印度尼西亚,11149074.0
201802,21,第21章  杂项食品,116,日本,42644574.0
201802,21,第21章  杂项食品,122,马来西亚,35595025.0
201802,21,第21章  杂项食品,132,新加坡,34956132.0
201802,21,第21章  杂项食品,133,韩国,36599783.0
201802,21,第21章  杂项食品,136,泰国,86543715.0
201802,21,第21章  杂项食品,141,越南,41081746.0
201802,21,第21章  杂项食品,142,中国,33360306.0
201802,21,第21章  杂项食品,143,中国台湾,39055823.0
201802,21,第21章  杂项食品,303,英国,10514536.0
201802,21,第21章  杂项食品,304,德国,50082719.0
201802,21,第21章  杂项食品,344,俄罗斯,812020.0
201802,21,第21章  杂项食品,502,美国,169556156.0
201802,21,第21章  杂项食品,601,澳大利亚,115001975.0
201802,22,第22章  饮料、酒及醋,110,中国香港,8231815.0
201802,22,第22章  饮料、酒及醋,111,印度,216609.0
201802,22,第22章  饮料、酒及醋,112,印度尼西亚,4837656.0
201802,22,第22章  饮料、酒及醋,113,伊朗,54575.0
201802,22,第22章  饮料、酒及醋,116,日本,27166798.0
201802,22,第22章  饮料、酒及醋,119,老挝,1102934.0
201802,22,第22章  饮料、酒及醋,120,黎巴嫩,185851.0
201802,22,第22章  饮料、酒及醋,122,马来西亚,9648001.0
201802,22,第22章  饮料、酒及醋,132,新加坡,791036.0
201802,22,第22章  饮料、酒及醋,133,韩国,32816579.0
201802,22,第22章  饮料、酒及醋,136,泰国,26844485.0
201802,22,第22章  饮料、酒及醋,141,越南,5975472.0
201802,22,第22章  饮料、酒及醋,142,中国,24266835.0
201802,22,第22章  饮料、酒及醋,143,中国台湾,39370497.0
201802,22,第22章  饮料、酒及醋,145,哈萨克斯坦,41800.0
201802,22,第22章  饮料、酒及醋,149,乌兹别克斯坦,187114.0
201802,22,第22章  饮料、酒及醋,303,英国,54381561.0
201802,22,第22章  饮料、酒及醋,304,德国,39304402.0
201802,22,第22章  饮料、酒及醋,337,格鲁吉亚,7603971.0
201802,22,第22章  饮料、酒及醋,338,亚美尼亚,1443243.0
201802,22,第22章  饮料、酒及醋,344,俄罗斯,9614565.0
201802,22,第22章  饮料、酒及醋,351,克罗地亚,75146.0
201802,22,第22章  饮料、酒及醋,358,塞尔维亚,67101.0
201802,22,第22章  饮料、酒及醋,502,美国,561642512.0
201802,22,第22章  饮料、酒及醋,601,澳大利亚,222841304.0
201802,23,第23章  食品工业的残渣及废料；配制的动物饲料,110,中国香港,143605.0
201802,23,第23章  食品工业的残渣及废料；配制的动物饲料,112,印度尼西亚,10157054.0
201802,23,第23章  食品工业的残渣及废料；配制的动物饲料,116,日本,537936.0
201802,23,第23章  食品工业的残渣及废料；配制的动物饲料,122,马来西亚,24666017.0
201802,23,第23章  食品工业的残渣及废料；配制的动物饲料,132,新加坡,11803594.0
201802,23,第23章  食品工业的残渣及废料；配制的动物饲料,133,韩国,2530249.0
201802,23,第23章  食品工业的残渣及废料；配制的动物饲料,136,泰国,43687292.0
201802,23,第23章  食品工业的残渣及废料；配制的动物饲料,141,越南,40837848.0
201802,23,第23章  食品工业的残渣及废料；配制的动物饲料,143,中国台湾,1341880.0
201802,23,第23章  食品工业的残渣及废料；配制的动物饲料,145,哈萨克斯坦,2308711.0
201802,23,第23章  食品工业的残渣及废料；配制的动物饲料,149,乌兹别克斯坦,2000878.0
201802,23,第23章  食品工业的残渣及废料；配制的动物饲料,230,毛里塔尼亚,50093666.0
201802,23,第23章  食品工业的残渣及废料；配制的动物饲料,234,纳米比亚,911295.0
201802,23,第23章  食品工业的残渣及废料；配制的动物饲料,303,英国,787786.0
201802,23,第23章  食品工业的残渣及废料；配制的动物饲料,304,德国,9345224.0
201802,23,第23章  食品工业的残渣及废料；配制的动物饲料,344,俄罗斯,67458924.0
201802,23,第23章  食品工业的残渣及废料；配制的动物饲料,502,美国,115924269.0
201802,23,第23章  食品工业的残渣及废料；配制的动物饲料,601,澳大利亚,6865013.0
201802,24,第24章  烟草、烟草及烟草代用品的制品,110,中国香港,23657105.0
201802,24,第24章  烟草、烟草及烟草代用品的制品,111,印度,694882.0
201802,24,第24章  烟草、烟草及烟草代用品的制品,112,印度尼西亚,753784.0
201802,24,第24章  烟草、烟草及烟草代用品的制品,116,日本,18431141.0
201802,24,第24章  烟草、烟草及烟草代用品的制品,119,老挝,4182307.0
201802,24,第24章  烟草、烟草及烟草代用品的制品,132,新加坡,7962677.0
201802,24,第24章  烟草、烟草及烟草代用品的制品,133,韩国,4069791.0
201802,24,第24章  烟草、烟草及烟草代用品的制品,141,越南,4843904.0
201802,24,第24章  烟草、烟草及烟草代用品的制品,142,中国,49399166.0
201802,24,第24章  烟草、烟草及烟草代用品的制品,143,中国台湾,3083984.0
201802,24,第24章  烟草、烟草及烟草代用品的制品,303,英国,5412711.0
201802,24,第24章  烟草、烟草及烟草代用品的制品,304,德国,2823770.0
201802,24,第24章  烟草、烟草及烟草代用品的制品,344,俄罗斯,6347510.0
201802,24,第24章  烟草、烟草及烟草代用品的制品,358,塞尔维亚,19422166.0
201802,24,第24章  烟草、烟草及烟草代用品的制品,502,美国,1390591.0
201802,25,第25章  盐；硫磺；泥土及石料；石膏料、石灰及水泥,110,中国香港,37600.0
201802,25,第25章  盐；硫磺；泥土及石料；石膏料、石灰及水泥,111,印度,552297469.0
201802,25,第25章  盐；硫磺；泥土及石料；石膏料、石灰及水泥,112,印度尼西亚,2262313.0
201802,25,第25章  盐；硫磺；泥土及石料；石膏料、石灰及水泥,113,伊朗,185870975.0
201802,25,第25章  盐；硫磺；泥土及石料；石膏料、石灰及水泥,116,日本,130159771.0
201802,25,第25章  盐；硫磺；泥土及石料；石膏料、石灰及水泥,119,老挝,656.0
201802,25,第25章  盐；硫磺；泥土及石料；石膏料、石灰及水泥,122,马来西亚,1433585.0
201802,25,第25章  盐；硫磺；泥土及石料；石膏料、石灰及水泥,126,阿曼,169386.0
201802,25,第25章  盐；硫磺；泥土及石料；石膏料、石灰及水泥,132,新加坡,3559584.0
201802,25,第25章  盐；硫磺；泥土及石料；石膏料、石灰及水泥,133,韩国,82556239.0
201802,25,第25章  盐；硫磺；泥土及石料；石膏料、石灰及水泥,135,叙利亚,116460.0
201802,25,第25章  盐；硫磺；泥土及石料；石膏料、石灰及水泥,136,泰国,5566819.0
201802,25,第25章  盐；硫磺；泥土及石料；石膏料、石灰及水泥,141,越南,75252842.0
201802,25,第25章  盐；硫磺；泥土及石料；石膏料、石灰及水泥,142,中国,1378060.0
201802,25,第25章  盐；硫磺；泥土及石料；石膏料、石灰及水泥,143,中国台湾,14765683.0
201802,25,第25章  盐；硫磺；泥土及石料；石膏料、石灰及水泥,145,哈萨克斯坦,913839.0
201802,25,第25章  盐；硫磺；泥土及石料；石膏料、石灰及水泥,148,土库曼斯坦,40100266.0
201802,25,第25章  盐；硫磺；泥土及石料；石膏料、石灰及水泥,149,乌兹别克斯坦,488786.0
201802,25,第25章  盐；硫磺；泥土及石料；石膏料、石灰及水泥,202,安哥拉,13951512.0
201802,25,第25章  盐；硫磺；泥土及石料；石膏料、石灰及水泥,221,几内亚,4702.0
201802,25,第25章  盐；硫磺；泥土及石料；石膏料、石灰及水泥,223,科特迪瓦,18064.0
201802,25,第25章  盐；硫磺；泥土及石料；石膏料、石灰及水泥,231,毛里求斯,367.0
201802,25,第25章  盐；硫磺；泥土及石料；石膏料、石灰及水泥,234,纳米比亚,10426444.0
201802,25,第25章  盐；硫磺；泥土及石料；石膏料、石灰及水泥,243,索马里,110775.0
201802,25,第25章  盐；硫磺；泥土及石料；石膏料、石灰及水泥,249,突尼斯,2552363.0
201802,25,第25章  盐；硫磺；泥土及石料；石膏料、石灰及水泥,303,英国,12494468.0
201802,25,第25章  盐；硫磺；泥土及石料；石膏料、石灰及水泥,304,德国,9852454.0
201802,25,第25章  盐；硫磺；泥土及石料；石膏料、石灰及水泥,344,俄罗斯,113283398.0
201802,25,第25章  盐；硫磺；泥土及石料；石膏料、石灰及水泥,351,克罗地亚,3024929.0
201802,25,第25章  盐；硫磺；泥土及石料；石膏料、石灰及水泥,502,美国,152745016.0
201802,25,第25章  盐；硫磺；泥土及石料；石膏料、石灰及水泥,601,澳大利亚,806230430.0
201802,25,第25章  盐；硫磺；泥土及石料；石膏料、石灰及水泥,701,国家（地区）不明 ,3613568.0
201802,26,第26章  矿砂、矿渣及矿灰,111,印度,821309549.0
201802,26,第26章  矿砂、矿渣及矿灰,112,印度尼西亚,1173173309.0
201802,26,第26章  矿砂、矿渣及矿灰,113,伊朗,1333548742.0
201802,26,第26章  矿砂、矿渣及矿灰,119,老挝,366770416.0
201802,26,第26章  矿砂、矿渣及矿灰,122,马来西亚,299303486.0
201802,26,第26章  矿砂、矿渣及矿灰,126,阿曼,24258017.0
201802,26,第26章  矿砂、矿渣及矿灰,133,韩国,213408471.0
201802,26,第26章  矿砂、矿渣及矿灰,136,泰国,8954538.0
201802,26,第26章  矿砂、矿渣及矿灰,141,越南,94344181.0
201802,26,第26章  矿砂、矿渣及矿灰,143,中国台湾,117434718.0
201802,26,第26章  矿砂、矿渣及矿灰,145,哈萨克斯坦,659607646.0
201802,26,第26章  矿砂、矿渣及矿灰,217,埃塞俄比亚,4439745.0
201802,26,第26章  矿砂、矿渣及矿灰,218,加蓬,254337659.0
201802,26,第26章  矿砂、矿渣及矿灰,221,几内亚,1220194648.0
201802,26,第26章  矿砂、矿渣及矿灰,223,科特迪瓦,50631631.0
201802,26,第26章  矿砂、矿渣及矿灰,230,毛里塔尼亚,459218774.0
201802,26,第26章  矿砂、矿渣及矿灰,234,纳米比亚,1193462.0
201802,26,第26章  矿砂、矿渣及矿灰,240,塞内加尔,3327697.0
201802,26,第26章  矿砂、矿渣及矿灰,242,塞拉利昂,4299816.0
201802,26,第26章  矿砂、矿渣及矿灰,303,英国,1029101.0
201802,26,第26章  矿砂、矿渣及矿灰,304,德国,175694.0
201802,26,第26章  矿砂、矿渣及矿灰,338,亚美尼亚,122821170.0
201802,26,第26章  矿砂、矿渣及矿灰,344,俄罗斯,613200857.0
201802,26,第26章  矿砂、矿渣及矿灰,502,美国,907358733.0
201802,26,第26章  矿砂、矿渣及矿灰,601,澳大利亚,27032406430.0
201802,26,第26章  矿砂、矿渣及矿灰,607,新喀里多尼亚,9288050.0
201802,27,第27章  矿物燃料、矿物油及其蒸馏产品；沥青物质；矿物蜡,102,巴林,170359.0
201802,27,第27章  矿物燃料、矿物油及其蒸馏产品；沥青物质；矿物蜡,110,中国香港,81127369.0
201802,27,第27章  矿物燃料、矿物油及其蒸馏产品；沥青物质；矿物蜡,111,印度,594275967.0
201802,27,第27章  矿物燃料、矿物油及其蒸馏产品；沥青物质；矿物蜡,112,印度尼西亚,6158773259.0
201802,27,第27章  矿物燃料、矿物油及其蒸馏产品；沥青物质；矿物蜡,113,伊朗,5798014735.0
201802,27,第27章  矿物燃料、矿物油及其蒸馏产品；沥青物质；矿物蜡,116,日本,538262621.0
201802,27,第27章  矿物燃料、矿物油及其蒸馏产品；沥青物质；矿物蜡,119,老挝,1124696.0
201802,27,第27章  矿物燃料、矿物油及其蒸馏产品；沥青物质；矿物蜡,122,马来西亚,4505064914.0
201802,27,第27章  矿物燃料、矿物油及其蒸馏产品；沥青物质；矿物蜡,126,阿曼,10353578662.0
201802,27,第27章  矿物燃料、矿物油及其蒸馏产品；沥青物质；矿物蜡,132,新加坡,2233146407.0
201802,27,第27章  矿物燃料、矿物油及其蒸馏产品；沥青物质；矿物蜡,133,韩国,5206425462.0
201802,27,第27章  矿物燃料、矿物油及其蒸馏产品；沥青物质；矿物蜡,136,泰国,549740967.0
201802,27,第27章  矿物燃料、矿物油及其蒸馏产品；沥青物质；矿物蜡,141,越南,514429091.0
201802,27,第27章  矿物燃料、矿物油及其蒸馏产品；沥青物质；矿物蜡,142,中国,905090.0
201802,27,第27章  矿物燃料、矿物油及其蒸馏产品；沥青物质；矿物蜡,143,中国台湾,456003369.0
201802,27,第27章  矿物燃料、矿物油及其蒸馏产品；沥青物质；矿物蜡,145,哈萨克斯坦,775107147.0
201802,27,第27章  矿物燃料、矿物油及其蒸馏产品；沥青物质；矿物蜡,148,土库曼斯坦,4355661283.0
201802,27,第27章  矿物燃料、矿物油及其蒸馏产品；沥青物质；矿物蜡,149,乌兹别克斯坦,265676784.0
201802,27,第27章  矿物燃料、矿物油及其蒸馏产品；沥青物质；矿物蜡,202,安哥拉,12623335624.0
201802,27,第27章  矿物燃料、矿物油及其蒸馏产品；沥青物质；矿物蜡,206,喀麦隆,428888021.0
201802,27,第27章  矿物燃料、矿物油及其蒸馏产品；沥青物质；矿物蜡,218,加蓬,2194675219.0
201802,27,第27章  矿物燃料、矿物油及其蒸馏产品；沥青物质；矿物蜡,260,南苏丹,701931692.0
201802,27,第27章  矿物燃料、矿物油及其蒸馏产品；沥青物质；矿物蜡,303,英国,939514605.0
201802,27,第27章  矿物燃料、矿物油及其蒸馏产品；沥青物质；矿物蜡,304,德国,122545924.0
201802,27,第27章  矿物燃料、矿物油及其蒸馏产品；沥青物质；矿物蜡,344,俄罗斯,18518393532.0
201802,27,第27章  矿物燃料、矿物油及其蒸馏产品；沥青物质；矿物蜡,502,美国,5986624109.0
201802,27,第27章  矿物燃料、矿物油及其蒸馏产品；沥青物质；矿物蜡,601,澳大利亚,9977703810.0
201802,28,第28章  无机化学品；贵金属、稀土金属、放射性元素及其同位素的有机及无机化合物,102,巴林,8303358.0
201802,28,第28章  无机化学品；贵金属、稀土金属、放射性元素及其同位素的有机及无机化合物,110,中国香港,31299466.0
201802,28,第28章  无机化学品；贵金属、稀土金属、放射性元素及其同位素的有机及无机化合物,111,印度,10625007.0
201802,28,第28章  无机化学品；贵金属、稀土金属、放射性元素及其同位素的有机及无机化合物,112,印度尼西亚,69543686.0
201802,28,第28章  无机化学品；贵金属、稀土金属、放射性元素及其同位素的有机及无机化合物,116,日本,457472854.0
201802,28,第28章  无机化学品；贵金属、稀土金属、放射性元素及其同位素的有机及无机化合物,122,马来西亚,200077605.0
201802,28,第28章  无机化学品；贵金属、稀土金属、放射性元素及其同位素的有机及无机化合物,132,新加坡,4090811.0
201802,28,第28章  无机化学品；贵金属、稀土金属、放射性元素及其同位素的有机及无机化合物,133,韩国,929919234.0
201802,28,第28章  无机化学品；贵金属、稀土金属、放射性元素及其同位素的有机及无机化合物,136,泰国,8627324.0
201802,28,第28章  无机化学品；贵金属、稀土金属、放射性元素及其同位素的有机及无机化合物,141,越南,77646058.0
201802,28,第28章  无机化学品；贵金属、稀土金属、放射性元素及其同位素的有机及无机化合物,142,中国,41181573.0
201802,28,第28章  无机化学品；贵金属、稀土金属、放射性元素及其同位素的有机及无机化合物,143,中国台湾,251349567.0
201802,28,第28章  无机化学品；贵金属、稀土金属、放射性元素及其同位素的有机及无机化合物,145,哈萨克斯坦,137585695.0
201802,28,第28章  无机化学品；贵金属、稀土金属、放射性元素及其同位素的有机及无机化合物,149,乌兹别克斯坦,552335.0
201802,28,第28章  无机化学品；贵金属、稀土金属、放射性元素及其同位素的有机及无机化合物,303,英国,11770053.0
201802,28,第28章  无机化学品；贵金属、稀土金属、放射性元素及其同位素的有机及无机化合物,304,德国,685641810.0
201802,28,第28章  无机化学品；贵金属、稀土金属、放射性元素及其同位素的有机及无机化合物,324,马耳他,12306.0
201802,28,第28章  无机化学品；贵金属、稀土金属、放射性元素及其同位素的有机及无机化合物,344,俄罗斯,44913790.0
201802,28,第28章  无机化学品；贵金属、稀土金属、放射性元素及其同位素的有机及无机化合物,502,美国,383743026.0
201802,28,第28章  无机化学品；贵金属、稀土金属、放射性元素及其同位素的有机及无机化合物,601,澳大利亚,106503895.0
201802,28,第28章  无机化学品；贵金属、稀土金属、放射性元素及其同位素的有机及无机化合物,701,国家（地区）不明 ,2453.0
201802,29,第29章  有机化学品,110,中国香港,854957.0
201802,29,第29章  有机化学品,111,印度,1258151509.0
201802,29,第29章  有机化学品,112,印度尼西亚,318043114.0
201802,29,第29章  有机化学品,113,伊朗,604123841.0
201802,29,第29章  有机化学品,116,日本,3870746027.0
201802,29,第29章  有机化学品,122,马来西亚,966157712.0
201802,29,第29章  有机化学品,126,阿曼,359604653.0
201802,29,第29章  有机化学品,132,新加坡,1968226685.0
201802,29,第29章  有机化学品,133,韩国,6703648139.0
201802,29,第29章  有机化学品,136,泰国,991253972.0
201802,29,第29章  有机化学品,141,越南,5895230.0
201802,29,第29章  有机化学品,142,中国,86029420.0
201802,29,第29章  有机化学品,143,中国台湾,3402195187.0
201802,29,第29章  有机化学品,149,乌兹别克斯坦,20358390.0
201802,29,第29章  有机化学品,303,英国,348720667.0
201802,29,第29章  有机化学品,304,德国,864712924.0
201802,29,第29章  有机化学品,338,亚美尼亚,5686.0
201802,29,第29章  有机化学品,344,俄罗斯,106631574.0
201802,29,第29章  有机化学品,351,克罗地亚,2959.0
201802,29,第29章  有机化学品,358,塞尔维亚,18991.0
201802,29,第29章  有机化学品,502,美国,1365250164.0
201802,29,第29章  有机化学品,601,澳大利亚,1715338.0
201802,29,第29章  有机化学品,701,国家（地区）不明 ,15562630.0
201802,30,第30章  药品,110,中国香港,111703417.0
201802,30,第30章  药品,111,印度,13223930.0
201802,30,第30章  药品,112,印度尼西亚,6163638.0
201802,30,第30章  药品,116,日本,488325899.0
201802,30,第30章  药品,122,马来西亚,45951.0
201802,30,第30章  药品,125,尼泊尔,1796.0
201802,30,第30章  药品,132,新加坡,28575331.0
201802,30,第30章  药品,133,韩国,44472707.0
201802,30,第30章  药品,136,泰国,5727953.0
201802,30,第30章  药品,141,越南,579517.0
201802,30,第30章  药品,142,中国,1882324.0
201802,30,第30章  药品,143,中国台湾,79548262.0
201802,30,第30章  药品,303,英国,351345807.0
201802,30,第30章  药品,304,德国,2066762791.0
201802,30,第30章  药品,344,俄罗斯,297970.0
201802,30,第30章  药品,351,克罗地亚,2750791.0
201802,30,第30章  药品,502,美国,1230505278.0
201802,30,第30章  药品,601,澳大利亚,77088842.0
201802,31,第31章  肥料,102,巴林,76401811.0
201802,31,第31章  肥料,111,印度,764400.0
201802,31,第31章  肥料,116,日本,2589718.0
201802,31,第31章  肥料,119,老挝,30120774.0
201802,31,第31章  肥料,133,韩国,28443.0
201802,31,第31章  肥料,136,泰国,245888.0
201802,31,第31章  肥料,141,越南,797760.0
201802,31,第31章  肥料,143,中国台湾,2814657.0
201802,31,第31章  肥料,145,哈萨克斯坦,306000.0
201802,31,第31章  肥料,303,英国,2986100.0
201802,31,第31章  肥料,304,德国,20881914.0
201802,31,第31章  肥料,344,俄罗斯,566612135.0
201802,31,第31章  肥料,502,美国,4812192.0
201802,31,第31章  肥料,601,澳大利亚,1043463.0
201802,32,第32章  鞣料浸膏及染料浸膏；鞣酸及其衍生物；染料、颜料及其他着色料；油漆及清漆；油灰及其他类似胶粘剂；墨水、油墨,110,中国香港,1293672.0
201802,32,第32章  鞣料浸膏及染料浸膏；鞣酸及其衍生物；染料、颜料及其他着色料；油漆及清漆；油灰及其他类似胶粘剂；墨水、油墨,111,印度,78641311.0
201802,32,第32章  鞣料浸膏及染料浸膏；鞣酸及其衍生物；染料、颜料及其他着色料；油漆及清漆；油灰及其他类似胶粘剂；墨水、油墨,112,印度尼西亚,8652919.0
201802,32,第32章  鞣料浸膏及染料浸膏；鞣酸及其衍生物；染料、颜料及其他着色料；油漆及清漆；油灰及其他类似胶粘剂；墨水、油墨,116,日本,426448325.0
201802,32,第32章  鞣料浸膏及染料浸膏；鞣酸及其衍生物；染料、颜料及其他着色料；油漆及清漆；油灰及其他类似胶粘剂；墨水、油墨,122,马来西亚,23474734.0
201802,32,第32章  鞣料浸膏及染料浸膏；鞣酸及其衍生物；染料、颜料及其他着色料；油漆及清漆；油灰及其他类似胶粘剂；墨水、油墨,125,尼泊尔,4320.0
201802,32,第32章  鞣料浸膏及染料浸膏；鞣酸及其衍生物；染料、颜料及其他着色料；油漆及清漆；油灰及其他类似胶粘剂；墨水、油墨,132,新加坡,29522767.0
201802,32,第32章  鞣料浸膏及染料浸膏；鞣酸及其衍生物；染料、颜料及其他着色料；油漆及清漆；油灰及其他类似胶粘剂；墨水、油墨,133,韩国,228958326.0
201802,32,第32章  鞣料浸膏及染料浸膏；鞣酸及其衍生物；染料、颜料及其他着色料；油漆及清漆；油灰及其他类似胶粘剂；墨水、油墨,136,泰国,30813436.0
201802,32,第32章  鞣料浸膏及染料浸膏；鞣酸及其衍生物；染料、颜料及其他着色料；油漆及清漆；油灰及其他类似胶粘剂；墨水、油墨,141,越南,1678873.0
201802,32,第32章  鞣料浸膏及染料浸膏；鞣酸及其衍生物；染料、颜料及其他着色料；油漆及清漆；油灰及其他类似胶粘剂；墨水、油墨,142,中国,14304870.0
201802,32,第32章  鞣料浸膏及染料浸膏；鞣酸及其衍生物；染料、颜料及其他着色料；油漆及清漆；油灰及其他类似胶粘剂；墨水、油墨,143,中国台湾,101086798.0
201802,32,第32章  鞣料浸膏及染料浸膏；鞣酸及其衍生物；染料、颜料及其他着色料；油漆及清漆；油灰及其他类似胶粘剂；墨水、油墨,303,英国,36581964.0
201802,32,第32章  鞣料浸膏及染料浸膏；鞣酸及其衍生物；染料、颜料及其他着色料；油漆及清漆；油灰及其他类似胶粘剂；墨水、油墨,304,德国,229558729.0
201802,32,第32章  鞣料浸膏及染料浸膏；鞣酸及其衍生物；染料、颜料及其他着色料；油漆及清漆；油灰及其他类似胶粘剂；墨水、油墨,338,亚美尼亚,113027.0
201802,32,第32章  鞣料浸膏及染料浸膏；鞣酸及其衍生物；染料、颜料及其他着色料；油漆及清漆；油灰及其他类似胶粘剂；墨水、油墨,502,美国,210057193.0
201802,32,第32章  鞣料浸膏及染料浸膏；鞣酸及其衍生物；染料、颜料及其他着色料；油漆及清漆；油灰及其他类似胶粘剂；墨水、油墨,601,澳大利亚,39388089.0
201802,33,第33章  精油及香膏；芳香料制品及化妆盥洗品,110,中国香港,30687063.0
201802,33,第33章  精油及香膏；芳香料制品及化妆盥洗品,111,印度,29834700.0
201802,33,第33章  精油及香膏；芳香料制品及化妆盥洗品,112,印度尼西亚,10888016.0
201802,33,第33章  精油及香膏；芳香料制品及化妆盥洗品,113,伊朗,3355.0
201802,33,第33章  精油及香膏；芳香料制品及化妆盥洗品,116,日本,816363743.0
201802,33,第33章  精油及香膏；芳香料制品及化妆盥洗品,122,马来西亚,1040395.0
201802,33,第33章  精油及香膏；芳香料制品及化妆盥洗品,125,尼泊尔,489.0
201802,33,第33章  精油及香膏；芳香料制品及化妆盥洗品,132,新加坡,39098078.0
201802,33,第33章  精油及香膏；芳香料制品及化妆盥洗品,133,韩国,911667046.0
201802,33,第33章  精油及香膏；芳香料制品及化妆盥洗品,136,泰国,44892472.0
201802,33,第33章  精油及香膏；芳香料制品及化妆盥洗品,139,也门,9041.0
201802,33,第33章  精油及香膏；芳香料制品及化妆盥洗品,141,越南,4967640.0
201802,33,第33章  精油及香膏；芳香料制品及化妆盥洗品,142,中国,17132256.0
201802,33,第33章  精油及香膏；芳香料制品及化妆盥洗品,143,中国台湾,54686169.0
201802,33,第33章  精油及香膏；芳香料制品及化妆盥洗品,243,索马里,3340.0
201802,33,第33章  精油及香膏；芳香料制品及化妆盥洗品,303,英国,118996755.0
201802,33,第33章  精油及香膏；芳香料制品及化妆盥洗品,304,德国,81447929.0
201802,33,第33章  精油及香膏；芳香料制品及化妆盥洗品,344,俄罗斯,237375.0
201802,33,第33章  精油及香膏；芳香料制品及化妆盥洗品,351,克罗地亚,74886.0
201802,33,第33章  精油及香膏；芳香料制品及化妆盥洗品,358,塞尔维亚,51859.0
201802,33,第33章  精油及香膏；芳香料制品及化妆盥洗品,425,海地,110796.0
201802,33,第33章  精油及香膏；芳香料制品及化妆盥洗品,502,美国,379116116.0
201802,33,第33章  精油及香膏；芳香料制品及化妆盥洗品,601,澳大利亚,51220355.0
201802,34,第34章  肥皂、有机表面活性剂、洗涤剂、润滑剂、人造蜡、调制蜡、光洁剂、蜡烛及类似品、塑型用膏、“牙科用蜡”及牙科用熟石膏制剂,110,中国香港,9685235.0
201802,34,第34章  肥皂、有机表面活性剂、洗涤剂、润滑剂、人造蜡、调制蜡、光洁剂、蜡烛及类似品、塑型用膏、“牙科用蜡”及牙科用熟石膏制剂,111,印度,15531152.0
201802,34,第34章  肥皂、有机表面活性剂、洗涤剂、润滑剂、人造蜡、调制蜡、光洁剂、蜡烛及类似品、塑型用膏、“牙科用蜡”及牙科用熟石膏制剂,112,印度尼西亚,47510494.0
201802,34,第34章  肥皂、有机表面活性剂、洗涤剂、润滑剂、人造蜡、调制蜡、光洁剂、蜡烛及类似品、塑型用膏、“牙科用蜡”及牙科用熟石膏制剂,113,伊朗,355963.0
201802,34,第34章  肥皂、有机表面活性剂、洗涤剂、润滑剂、人造蜡、调制蜡、光洁剂、蜡烛及类似品、塑型用膏、“牙科用蜡”及牙科用熟石膏制剂,116,日本,426262416.0
201802,34,第34章  肥皂、有机表面活性剂、洗涤剂、润滑剂、人造蜡、调制蜡、光洁剂、蜡烛及类似品、塑型用膏、“牙科用蜡”及牙科用熟石膏制剂,120,黎巴嫩,10577.0
201802,34,第34章  肥皂、有机表面活性剂、洗涤剂、润滑剂、人造蜡、调制蜡、光洁剂、蜡烛及类似品、塑型用膏、“牙科用蜡”及牙科用熟石膏制剂,122,马来西亚,74535561.0
201802,34,第34章  肥皂、有机表面活性剂、洗涤剂、润滑剂、人造蜡、调制蜡、光洁剂、蜡烛及类似品、塑型用膏、“牙科用蜡”及牙科用熟石膏制剂,125,尼泊尔,83216.0
201802,34,第34章  肥皂、有机表面活性剂、洗涤剂、润滑剂、人造蜡、调制蜡、光洁剂、蜡烛及类似品、塑型用膏、“牙科用蜡”及牙科用熟石膏制剂,132,新加坡,194979456.0
201802,34,第34章  肥皂、有机表面活性剂、洗涤剂、润滑剂、人造蜡、调制蜡、光洁剂、蜡烛及类似品、塑型用膏、“牙科用蜡”及牙科用熟石膏制剂,133,韩国,115297306.0
201802,34,第34章  肥皂、有机表面活性剂、洗涤剂、润滑剂、人造蜡、调制蜡、光洁剂、蜡烛及类似品、塑型用膏、“牙科用蜡”及牙科用熟石膏制剂,135,叙利亚,143534.0
201802,34,第34章  肥皂、有机表面活性剂、洗涤剂、润滑剂、人造蜡、调制蜡、光洁剂、蜡烛及类似品、塑型用膏、“牙科用蜡”及牙科用熟石膏制剂,136,泰国,22920405.0
201802,34,第34章  肥皂、有机表面活性剂、洗涤剂、润滑剂、人造蜡、调制蜡、光洁剂、蜡烛及类似品、塑型用膏、“牙科用蜡”及牙科用熟石膏制剂,141,越南,4246198.0
201802,34,第34章  肥皂、有机表面活性剂、洗涤剂、润滑剂、人造蜡、调制蜡、光洁剂、蜡烛及类似品、塑型用膏、“牙科用蜡”及牙科用熟石膏制剂,142,中国,4660559.0
201802,34,第34章  肥皂、有机表面活性剂、洗涤剂、润滑剂、人造蜡、调制蜡、光洁剂、蜡烛及类似品、塑型用膏、“牙科用蜡”及牙科用熟石膏制剂,143,中国台湾,51331513.0
201802,34,第34章  肥皂、有机表面活性剂、洗涤剂、润滑剂、人造蜡、调制蜡、光洁剂、蜡烛及类似品、塑型用膏、“牙科用蜡”及牙科用熟石膏制剂,145,哈萨克斯坦,376298.0
201802,34,第34章  肥皂、有机表面活性剂、洗涤剂、润滑剂、人造蜡、调制蜡、光洁剂、蜡烛及类似品、塑型用膏、“牙科用蜡”及牙科用熟石膏制剂,149,乌兹别克斯坦,3180936.0
201802,34,第34章  肥皂、有机表面活性剂、洗涤剂、润滑剂、人造蜡、调制蜡、光洁剂、蜡烛及类似品、塑型用膏、“牙科用蜡”及牙科用熟石膏制剂,249,突尼斯,5528.0
201802,34,第34章  肥皂、有机表面活性剂、洗涤剂、润滑剂、人造蜡、调制蜡、光洁剂、蜡烛及类似品、塑型用膏、“牙科用蜡”及牙科用熟石膏制剂,303,英国,18300228.0
201802,34,第34章  肥皂、有机表面活性剂、洗涤剂、润滑剂、人造蜡、调制蜡、光洁剂、蜡烛及类似品、塑型用膏、“牙科用蜡”及牙科用熟石膏制剂,304,德国,308120378.0
201802,34,第34章  肥皂、有机表面活性剂、洗涤剂、润滑剂、人造蜡、调制蜡、光洁剂、蜡烛及类似品、塑型用膏、“牙科用蜡”及牙科用熟石膏制剂,344,俄罗斯,1703852.0
201802,34,第34章  肥皂、有机表面活性剂、洗涤剂、润滑剂、人造蜡、调制蜡、光洁剂、蜡烛及类似品、塑型用膏、“牙科用蜡”及牙科用熟石膏制剂,502,美国,338849913.0
201802,34,第34章  肥皂、有机表面活性剂、洗涤剂、润滑剂、人造蜡、调制蜡、光洁剂、蜡烛及类似品、塑型用膏、“牙科用蜡”及牙科用熟石膏制剂,601,澳大利亚,11111501.0
201802,34,第34章  肥皂、有机表面活性剂、洗涤剂、润滑剂、人造蜡、调制蜡、光洁剂、蜡烛及类似品、塑型用膏、“牙科用蜡”及牙科用熟石膏制剂,701,国家（地区）不明 ,626.0
201802,35,第35章  蛋白类物质；改性淀粉；胶；酶,110,中国香港,440131.0
201802,35,第35章  蛋白类物质；改性淀粉；胶；酶,111,印度,4939257.0
201802,35,第35章  蛋白类物质；改性淀粉；胶；酶,112,印度尼西亚,2208372.0
201802,35,第35章  蛋白类物质；改性淀粉；胶；酶,116,日本,343090602.0
201802,35,第35章  蛋白类物质；改性淀粉；胶；酶,122,马来西亚,6965146.0
201802,35,第35章  蛋白类物质；改性淀粉；胶；酶,132,新加坡,29072283.0
201802,35,第35章  蛋白类物质；改性淀粉；胶；酶,133,韩国,134905906.0
201802,35,第35章  蛋白类物质；改性淀粉；胶；酶,136,泰国,57743648.0
201802,35,第35章  蛋白类物质；改性淀粉；胶；酶,141,越南,10312834.0
201802,35,第35章  蛋白类物质；改性淀粉；胶；酶,142,中国,61184749.0
201802,35,第35章  蛋白类物质；改性淀粉；胶；酶,143,中国台湾,62212082.0
201802,35,第35章  蛋白类物质；改性淀粉；胶；酶,303,英国,17528803.0
201802,35,第35章  蛋白类物质；改性淀粉；胶；酶,304,德国,124907102.0
201802,35,第35章  蛋白类物质；改性淀粉；胶；酶,338,亚美尼亚,525.0
201802,35,第35章  蛋白类物质；改性淀粉；胶；酶,344,俄罗斯,34851.0
201802,35,第35章  蛋白类物质；改性淀粉；胶；酶,502,美国,200927551.0
201802,35,第35章  蛋白类物质；改性淀粉；胶；酶,601,澳大利亚,2296509.0
201802,35,第35章  蛋白类物质；改性淀粉；胶；酶,701,国家（地区）不明 ,11961.0
201802,36,第36章  炸药；烟火制品；引火合金；易燃材料制品,116,日本,8841813.0
201802,36,第36章  炸药；烟火制品；引火合金；易燃材料制品,122,马来西亚,445182.0
201802,36,第36章  炸药；烟火制品；引火合金；易燃材料制品,132,新加坡,864821.0
201802,36,第36章  炸药；烟火制品；引火合金；易燃材料制品,136,泰国,10536352.0
201802,36,第36章  炸药；烟火制品；引火合金；易燃材料制品,303,英国,191.0
201802,36,第36章  炸药；烟火制品；引火合金；易燃材料制品,304,德国,5947951.0
201802,36,第36章  炸药；烟火制品；引火合金；易燃材料制品,502,美国,20862415.0
201802,37,第37章  照相及电影用品,110,中国香港,2608830.0
201802,37,第37章  照相及电影用品,111,印度,14632.0
201802,37,第37章  照相及电影用品,116,日本,457896017.0
201802,37,第37章  照相及电影用品,122,马来西亚,2691244.0
201802,37,第37章  照相及电影用品,132,新加坡,742174.0
201802,37,第37章  照相及电影用品,133,韩国,189142962.0
201802,37,第37章  照相及电影用品,136,泰国,8992.0
201802,37,第37章  照相及电影用品,141,越南,132960.0
201802,37,第37章  照相及电影用品,142,中国,10042467.0
201802,37,第37章  照相及电影用品,143,中国台湾,86580694.0
201802,37,第37章  照相及电影用品,303,英国,1307349.0
201802,37,第37章  照相及电影用品,304,德国,8691504.0
201802,37,第37章  照相及电影用品,502,美国,218313001.0
201802,38,第38章  杂项化学产品,110,中国香港,25670127.0
201802,38,第38章  杂项化学产品,111,印度,47517189.0
201802,38,第38章  杂项化学产品,112,印度尼西亚,356360351.0
201802,38,第38章  杂项化学产品,113,伊朗,2246442.0
201802,38,第38章  杂项化学产品,116,日本,1414668744.0
201802,38,第38章  杂项化学产品,122,马来西亚,209210161.0
201802,38,第38章  杂项化学产品,132,新加坡,349005196.0
201802,38,第38章  杂项化学产品,133,韩国,597280164.0
201802,38,第38章  杂项化学产品,136,泰国,56261402.0
201802,38,第38章  杂项化学产品,141,越南,55992469.0
201802,38,第38章  杂项化学产品,142,中国,80232797.0
201802,38,第38章  杂项化学产品,143,中国台湾,570558968.0
201802,38,第38章  杂项化学产品,145,哈萨克斯坦,15202618.0
201802,38,第38章  杂项化学产品,303,英国,96080971.0
201802,38,第38章  杂项化学产品,304,德国,561398284.0
201802,38,第38章  杂项化学产品,344,俄罗斯,10352424.0
201802,38,第38章  杂项化学产品,502,美国,1357718308.0
201802,38,第38章  杂项化学产品,601,澳大利亚,20916393.0
201802,38,第38章  杂项化学产品,701,国家（地区）不明 ,24714.0
201802,39,第39章  塑料及其制品,102,巴林,1861545.0
201802,39,第39章  塑料及其制品,104,不丹,2202.0
201802,39,第39章  塑料及其制品,110,中国香港,183226368.0
201802,39,第39章  塑料及其制品,111,印度,408294816.0
201802,39,第39章  塑料及其制品,112,印度尼西亚,108135094.0
201802,39,第39章  塑料及其制品,113,伊朗,943017781.0
201802,39,第39章  塑料及其制品,116,日本,4083587847.0
201802,39,第39章  塑料及其制品,119,老挝,3198589.0
201802,39,第39章  塑料及其制品,120,黎巴嫩,497585.0
201802,39,第39章  塑料及其制品,122,马来西亚,561662279.0
201802,39,第39章  塑料及其制品,125,尼泊尔,2536.0
201802,39,第39章  塑料及其制品,126,阿曼,19464172.0
201802,39,第39章  塑料及其制品,132,新加坡,1381380094.0
201802,39,第39章  塑料及其制品,133,韩国,4772684772.0
201802,39,第39章  塑料及其制品,136,泰国,1229275026.0
201802,39,第39章  塑料及其制品,141,越南,238667296.0
201802,39,第39章  塑料及其制品,142,中国,670865136.0
201802,39,第39章  塑料及其制品,143,中国台湾,3453529517.0
201802,39,第39章  塑料及其制品,149,乌兹别克斯坦,44433064.0
201802,39,第39章  塑料及其制品,231,毛里求斯,18206.0
201802,39,第39章  塑料及其制品,234,纳米比亚,79417.0
201802,39,第39章  塑料及其制品,240,塞内加尔,513.0
201802,39,第39章  塑料及其制品,249,突尼斯,2048014.0
201802,39,第39章  塑料及其制品,303,英国,173974502.0
201802,39,第39章  塑料及其制品,304,德国,1305137816.0
201802,39,第39章  塑料及其制品,324,马耳他,136108.0
201802,39,第39章  塑料及其制品,337,格鲁吉亚,395.0
201802,39,第39章  塑料及其制品,344,俄罗斯,148664542.0
201802,39,第39章  塑料及其制品,351,克罗地亚,50148.0
201802,39,第39章  塑料及其制品,358,塞尔维亚,1669248.0
201802,39,第39章  塑料及其制品,440,萨尔瓦多,224707.0
201802,39,第39章  塑料及其制品,502,美国,2718778710.0
201802,39,第39章  塑料及其制品,601,澳大利亚,39094043.0
201802,39,第39章  塑料及其制品,701,国家（地区）不明 ,8177209.0
201802,40,第40章  橡胶及其制品,110,中国香港,3307047.0
201802,40,第40章  橡胶及其制品,111,印度,26832300.0
201802,40,第40章  橡胶及其制品,112,印度尼西亚,230123600.0
201802,40,第40章  橡胶及其制品,113,伊朗,1909942.0
201802,40,第40章  橡胶及其制品,116,日本,665876316.0
201802,40,第40章  橡胶及其制品,119,老挝,495000.0
201802,40,第40章  橡胶及其制品,122,马来西亚,548545862.0
201802,40,第40章  橡胶及其制品,132,新加坡,127284124.0
201802,40,第40章  橡胶及其制品,133,韩国,375870335.0
201802,40,第40章  橡胶及其制品,136,泰国,1946193636.0
201802,40,第40章  橡胶及其制品,141,越南,482886089.0
201802,40,第40章  橡胶及其制品,142,中国,71440511.0
201802,40,第40章  橡胶及其制品,143,中国台湾,106846437.0
201802,40,第40章  橡胶及其制品,206,喀麦隆,923646.0
201802,40,第40章  橡胶及其制品,223,科特迪瓦,6255531.0
201802,40,第40章  橡胶及其制品,231,毛里求斯,154.0
201802,40,第40章  橡胶及其制品,234,纳米比亚,20453.0
201802,40,第40章  橡胶及其制品,249,突尼斯,185.0
201802,40,第40章  橡胶及其制品,303,英国,84966870.0
201802,40,第40章  橡胶及其制品,304,德国,402713429.0
201802,40,第40章  橡胶及其制品,324,马耳他,4864108.0
201802,40,第40章  橡胶及其制品,344,俄罗斯,107684243.0
201802,40,第40章  橡胶及其制品,351,克罗地亚,1149042.0
201802,40,第40章  橡胶及其制品,358,塞尔维亚,357193.0
201802,40,第40章  橡胶及其制品,502,美国,482280871.0
201802,40,第40章  橡胶及其制品,601,澳大利亚,1682230.0
201802,40,第40章  橡胶及其制品,701,国家（地区）不明 ,538968.0
201802,41,第41章  生皮（毛皮除外）及皮革,110,中国香港,679670.0
201802,41,第41章  生皮（毛皮除外）及皮革,111,印度,66187217.0
201802,41,第41章  生皮（毛皮除外）及皮革,112,印度尼西亚,4508420.0
201802,41,第41章  生皮（毛皮除外）及皮革,113,伊朗,147418.0
201802,41,第41章  生皮（毛皮除外）及皮革,116,日本,12777111.0
201802,41,第41章  生皮（毛皮除外）及皮革,122,马来西亚,2507756.0
201802,41,第41章  生皮（毛皮除外）及皮革,125,尼泊尔,690564.0
201802,41,第41章  生皮（毛皮除外）及皮革,132,新加坡,1713540.0
201802,41,第41章  生皮（毛皮除外）及皮革,133,韩国,87500935.0
201802,41,第41章  生皮（毛皮除外）及皮革,135,叙利亚,117348.0
201802,41,第41章  生皮（毛皮除外）及皮革,136,泰国,70087997.0
201802,41,第41章  生皮（毛皮除外）及皮革,141,越南,30356037.0
201802,41,第41章  生皮（毛皮除外）及皮革,142,中国,10702437.0
201802,41,第41章  生皮（毛皮除外）及皮革,143,中国台湾,35834362.0
201802,41,第41章  生皮（毛皮除外）及皮革,145,哈萨克斯坦,5620898.0
201802,41,第41章  生皮（毛皮除外）及皮革,149,乌兹别克斯坦,8144460.0
201802,41,第41章  生皮（毛皮除外）及皮革,205,布隆迪,924557.0
201802,41,第41章  生皮（毛皮除外）及皮革,217,埃塞俄比亚,16018692.0
201802,41,第41章  生皮（毛皮除外）及皮革,223,科特迪瓦,139811.0
201802,41,第41章  生皮（毛皮除外）及皮革,230,毛里塔尼亚,190951.0
201802,41,第41章  生皮（毛皮除外）及皮革,240,塞内加尔,377004.0
201802,41,第41章  生皮（毛皮除外）及皮革,243,索马里,1083368.0
201802,41,第41章  生皮（毛皮除外）及皮革,249,突尼斯,513451.0
201802,41,第41章  生皮（毛皮除外）及皮革,303,英国,40182647.0
201802,41,第41章  生皮（毛皮除外）及皮革,304,德国,25482524.0
201802,41,第41章  生皮（毛皮除外）及皮革,344,俄罗斯,439821.0
201802,41,第41章  生皮（毛皮除外）及皮革,502,美国,440773240.0
201802,41,第41章  生皮（毛皮除外）及皮革,601,澳大利亚,158250907.0
201802,42,第42章  皮革制品；鞍具及挽具；旅行用品、手提包及类似容器；动物肠线（蚕胶丝除外）制品,110,中国香港,503413.0
201802,42,第42章  皮革制品；鞍具及挽具；旅行用品、手提包及类似容器；动物肠线（蚕胶丝除外）制品,111,印度,28615535.0
201802,42,第42章  皮革制品；鞍具及挽具；旅行用品、手提包及类似容器；动物肠线（蚕胶丝除外）制品,112,印度尼西亚,24262225.0
201802,42,第42章  皮革制品；鞍具及挽具；旅行用品、手提包及类似容器；动物肠线（蚕胶丝除外）制品,116,日本,3553310.0
201802,42,第42章  皮革制品；鞍具及挽具；旅行用品、手提包及类似容器；动物肠线（蚕胶丝除外）制品,122,马来西亚,127476.0
201802,42,第42章  皮革制品；鞍具及挽具；旅行用品、手提包及类似容器；动物肠线（蚕胶丝除外）制品,125,尼泊尔,8644.0
201802,42,第42章  皮革制品；鞍具及挽具；旅行用品、手提包及类似容器；动物肠线（蚕胶丝除外）制品,126,阿曼,161.0
201802,42,第42章  皮革制品；鞍具及挽具；旅行用品、手提包及类似容器；动物肠线（蚕胶丝除外）制品,132,新加坡,23159.0
201802,42,第42章  皮革制品；鞍具及挽具；旅行用品、手提包及类似容器；动物肠线（蚕胶丝除外）制品,133,韩国,32422172.0
201802,42,第42章  皮革制品；鞍具及挽具；旅行用品、手提包及类似容器；动物肠线（蚕胶丝除外）制品,136,泰国,8945345.0
201802,42,第42章  皮革制品；鞍具及挽具；旅行用品、手提包及类似容器；动物肠线（蚕胶丝除外）制品,141,越南,79181390.0
201802,42,第42章  皮革制品；鞍具及挽具；旅行用品、手提包及类似容器；动物肠线（蚕胶丝除外）制品,142,中国,134339857.0
201802,42,第42章  皮革制品；鞍具及挽具；旅行用品、手提包及类似容器；动物肠线（蚕胶丝除外）制品,143,中国台湾,1442572.0
201802,42,第42章  皮革制品；鞍具及挽具；旅行用品、手提包及类似容器；动物肠线（蚕胶丝除外）制品,217,埃塞俄比亚,10332.0
201802,42,第42章  皮革制品；鞍具及挽具；旅行用品、手提包及类似容器；动物肠线（蚕胶丝除外）制品,231,毛里求斯,55536.0
201802,42,第42章  皮革制品；鞍具及挽具；旅行用品、手提包及类似容器；动物肠线（蚕胶丝除外）制品,249,突尼斯,2083336.0
201802,42,第42章  皮革制品；鞍具及挽具；旅行用品、手提包及类似容器；动物肠线（蚕胶丝除外）制品,303,英国,2894522.0
201802,42,第42章  皮革制品；鞍具及挽具；旅行用品、手提包及类似容器；动物肠线（蚕胶丝除外）制品,304,德国,8078753.0
201802,42,第42章  皮革制品；鞍具及挽具；旅行用品、手提包及类似容器；动物肠线（蚕胶丝除外）制品,337,格鲁吉亚,18460.0
201802,42,第42章  皮革制品；鞍具及挽具；旅行用品、手提包及类似容器；动物肠线（蚕胶丝除外）制品,344,俄罗斯,3340.0
201802,42,第42章  皮革制品；鞍具及挽具；旅行用品、手提包及类似容器；动物肠线（蚕胶丝除外）制品,351,克罗地亚,1866672.0
201802,42,第42章  皮革制品；鞍具及挽具；旅行用品、手提包及类似容器；动物肠线（蚕胶丝除外）制品,358,塞尔维亚,1956.0
201802,42,第42章  皮革制品；鞍具及挽具；旅行用品、手提包及类似容器；动物肠线（蚕胶丝除外）制品,440,萨尔瓦多,116.0
201802,42,第42章  皮革制品；鞍具及挽具；旅行用品、手提包及类似容器；动物肠线（蚕胶丝除外）制品,502,美国,15828282.0
201802,42,第42章  皮革制品；鞍具及挽具；旅行用品、手提包及类似容器；动物肠线（蚕胶丝除外）制品,601,澳大利亚,926828.0
201802,42,第42章  皮革制品；鞍具及挽具；旅行用品、手提包及类似容器；动物肠线（蚕胶丝除外）制品,701,国家（地区）不明 ,10062.0
201802,43,第43章  毛皮、人造毛皮及其制品,111,印度,45458.0
201802,43,第43章  毛皮、人造毛皮及其制品,116,日本,13186.0
201802,43,第43章  毛皮、人造毛皮及其制品,133,韩国,1870553.0
201802,43,第43章  毛皮、人造毛皮及其制品,136,泰国,1915941.0
201802,43,第43章  毛皮、人造毛皮及其制品,141,越南,72174.0
201802,43,第43章  毛皮、人造毛皮及其制品,142,中国,1604966.0
201802,43,第43章  毛皮、人造毛皮及其制品,145,哈萨克斯坦,318587.0
201802,43,第43章  毛皮、人造毛皮及其制品,304,德国,4000.0
201802,43,第43章  毛皮、人造毛皮及其制品,344,俄罗斯,956129.0
201802,43,第43章  毛皮、人造毛皮及其制品,502,美国,1904546.0
201802,43,第43章  毛皮、人造毛皮及其制品,601,澳大利亚,19330.0
201802,44,第44章  木及木制品；木炭,110,中国香港,1857.0
201802,44,第44章  木及木制品；木炭,111,印度,38444649.0
201802,44,第44章  木及木制品；木炭,112,印度尼西亚,253250205.0
201802,44,第44章  木及木制品；木炭,116,日本,74838478.0
201802,44,第44章  木及木制品；木炭,119,老挝,154101366.0
201802,44,第44章  木及木制品；木炭,122,马来西亚,63809708.0
201802,44,第44章  木及木制品；木炭,125,尼泊尔,1983.0
201802,44,第44章  木及木制品；木炭,132,新加坡,320580.0
201802,44,第44章  木及木制品；木炭,133,韩国,1069025.0
201802,44,第44章  木及木制品；木炭,136,泰国,539626911.0
201802,44,第44章  木及木制品；木炭,141,越南,484958592.0
201802,44,第44章  木及木制品；木炭,142,中国,6892334.0
201802,44,第44章  木及木制品；木炭,143,中国台湾,11052284.0
201802,44,第44章  木及木制品；木炭,202,安哥拉,31870849.0
201802,44,第44章  木及木制品；木炭,206,喀麦隆,141025417.0
201802,44,第44章  木及木制品；木炭,218,加蓬,131313519.0
201802,44,第44章  木及木制品；木炭,221,几内亚,381741.0
201802,44,第44章  木及木制品；木炭,223,科特迪瓦,1510931.0
201802,44,第44章  木及木制品；木炭,231,毛里求斯,42907.0
201802,44,第44章  木及木制品；木炭,240,塞内加尔,877102.0
201802,44,第44章  木及木制品；木炭,242,塞拉利昂,62969220.0
201802,44,第44章  木及木制品；木炭,249,突尼斯,4603.0
201802,44,第44章  木及木制品；木炭,260,南苏丹,67754.0
201802,44,第44章  木及木制品；木炭,303,英国,711441.0
201802,44,第44章  木及木制品；木炭,304,德国,114915363.0
201802,44,第44章  木及木制品；木炭,344,俄罗斯,1932953287.0
201802,44,第44章  木及木制品；木炭,351,克罗地亚,10569572.0
201802,44,第44章  木及木制品；木炭,358,塞尔维亚,18672269.0
201802,44,第44章  木及木制品；木炭,424,圭亚那,21028758.0
201802,44,第44章  木及木制品；木炭,440,萨尔瓦多,350676.0
201802,44,第44章  木及木制品；木炭,441,苏里南,13272320.0
201802,44,第44章  木及木制品；木炭,502,美国,700563443.0
201802,44,第44章  木及木制品；木炭,601,澳大利亚,584421273.0
201802,44,第44章  木及木制品；木炭,701,国家（地区）不明 ,1981.0
201802,45,第45章  软木及软木制品,116,日本,114839.0
201802,45,第45章  软木及软木制品,133,韩国,4244.0
201802,45,第45章  软木及软木制品,142,中国,29188.0
201802,45,第45章  软木及软木制品,303,英国,2999.0
201802,45,第45章  软木及软木制品,304,德国,59883.0
201802,45,第45章  软木及软木制品,502,美国,46038.0
201802,46,第46章  稻草、秸秆、针茅或其他编结材料制品；篮筐及柳条编结品,110,中国香港,1537.0
201802,46,第46章  稻草、秸秆、针茅或其他编结材料制品；篮筐及柳条编结品,111,印度,148004.0
201802,46,第46章  稻草、秸秆、针茅或其他编结材料制品；篮筐及柳条编结品,112,印度尼西亚,349315.0
201802,46,第46章  稻草、秸秆、针茅或其他编结材料制品；篮筐及柳条编结品,116,日本,138780.0
201802,46,第46章  稻草、秸秆、针茅或其他编结材料制品；篮筐及柳条编结品,133,韩国,511681.0
201802,46,第46章  稻草、秸秆、针茅或其他编结材料制品；篮筐及柳条编结品,141,越南,2736731.0
201802,46,第46章  稻草、秸秆、针茅或其他编结材料制品；篮筐及柳条编结品,142,中国,166293.0
201802,46,第46章  稻草、秸秆、针茅或其他编结材料制品；篮筐及柳条编结品,143,中国台湾,583966.0
201802,46,第46章  稻草、秸秆、针茅或其他编结材料制品；篮筐及柳条编结品,304,德国,54926.0
201802,46,第46章  稻草、秸秆、针茅或其他编结材料制品；篮筐及柳条编结品,502,美国,3777.0
201802,47,第47章  木浆及其他纤维状纤维素浆；回收（废碎）纸及纸板,110,中国香港,78026437.0
201802,47,第47章  木浆及其他纤维状纤维素浆；回收（废碎）纸及纸板,112,印度尼西亚,1107468789.0
201802,47,第47章  木浆及其他纤维状纤维素浆；回收（废碎）纸及纸板,113,伊朗,3078808.0
201802,47,第47章  木浆及其他纤维状纤维素浆；回收（废碎）纸及纸板,116,日本,225636889.0
201802,47,第47章  木浆及其他纤维状纤维素浆；回收（废碎）纸及纸板,122,马来西亚,44447.0
201802,47,第47章  木浆及其他纤维状纤维素浆；回收（废碎）纸及纸板,132,新加坡,9854674.0
201802,47,第47章  木浆及其他纤维状纤维素浆；回收（废碎）纸及纸板,133,韩国,11446778.0
201802,47,第47章  木浆及其他纤维状纤维素浆；回收（废碎）纸及纸板,136,泰国,53994517.0
201802,47,第47章  木浆及其他纤维状纤维素浆；回收（废碎）纸及纸板,139,也门,85456.0
201802,47,第47章  木浆及其他纤维状纤维素浆；回收（废碎）纸及纸板,141,越南,15548280.0
201802,47,第47章  木浆及其他纤维状纤维素浆；回收（废碎）纸及纸板,143,中国台湾,14242221.0
201802,47,第47章  木浆及其他纤维状纤维素浆；回收（废碎）纸及纸板,303,英国,298085352.0
201802,47,第47章  木浆及其他纤维状纤维素浆；回收（废碎）纸及纸板,304,德国,56417015.0
201802,47,第47章  木浆及其他纤维状纤维素浆；回收（废碎）纸及纸板,344,俄罗斯,576984010.0
201802,47,第47章  木浆及其他纤维状纤维素浆；回收（废碎）纸及纸板,351,克罗地亚,1634476.0
201802,47,第47章  木浆及其他纤维状纤维素浆；回收（废碎）纸及纸板,440,萨尔瓦多,920949.0
201802,47,第47章  木浆及其他纤维状纤维素浆；回收（废碎）纸及纸板,502,美国,1768583036.0
201802,47,第47章  木浆及其他纤维状纤维素浆；回收（废碎）纸及纸板,601,澳大利亚,60774761.0
201802,48,第48章  纸及纸板；纸浆、纸或纸板制品,110,中国香港,8499322.0
201802,48,第48章  纸及纸板；纸浆、纸或纸板制品,111,印度,2961157.0
201802,48,第48章  纸及纸板；纸浆、纸或纸板制品,112,印度尼西亚,127225924.0
201802,48,第48章  纸及纸板；纸浆、纸或纸板制品,113,伊朗,370510.0
201802,48,第48章  纸及纸板；纸浆、纸或纸板制品,116,日本,248158017.0
201802,48,第48章  纸及纸板；纸浆、纸或纸板制品,122,马来西亚,8098597.0
201802,48,第48章  纸及纸板；纸浆、纸或纸板制品,125,尼泊尔,15200.0
201802,48,第48章  纸及纸板；纸浆、纸或纸板制品,126,阿曼,2452.0
201802,48,第48章  纸及纸板；纸浆、纸或纸板制品,132,新加坡,3512916.0
201802,48,第48章  纸及纸板；纸浆、纸或纸板制品,133,韩国,125300969.0
201802,48,第48章  纸及纸板；纸浆、纸或纸板制品,136,泰国,36770153.0
201802,48,第48章  纸及纸板；纸浆、纸或纸板制品,141,越南,9308404.0
201802,48,第48章  纸及纸板；纸浆、纸或纸板制品,142,中国,59233365.0
201802,48,第48章  纸及纸板；纸浆、纸或纸板制品,143,中国台湾,106504995.0
201802,48,第48章  纸及纸板；纸浆、纸或纸板制品,217,埃塞俄比亚,6208.0
201802,48,第48章  纸及纸板；纸浆、纸或纸板制品,240,塞内加尔,23553.0
201802,48,第48章  纸及纸板；纸浆、纸或纸板制品,249,突尼斯,489354.0
201802,48,第48章  纸及纸板；纸浆、纸或纸板制品,303,英国,21235913.0
201802,48,第48章  纸及纸板；纸浆、纸或纸板制品,304,德国,99002467.0
201802,48,第48章  纸及纸板；纸浆、纸或纸板制品,324,马耳他,979.0
201802,48,第48章  纸及纸板；纸浆、纸或纸板制品,344,俄罗斯,89877022.0
201802,48,第48章  纸及纸板；纸浆、纸或纸板制品,351,克罗地亚,990.0
201802,48,第48章  纸及纸板；纸浆、纸或纸板制品,358,塞尔维亚,61982.0
201802,48,第48章  纸及纸板；纸浆、纸或纸板制品,502,美国,271426428.0
201802,48,第48章  纸及纸板；纸浆、纸或纸板制品,601,澳大利亚,44425958.0
201802,48,第48章  纸及纸板；纸浆、纸或纸板制品,701,国家（地区）不明 ,61615.0
201802,49,第49章  书籍、报纸、印刷图画及其他印刷品；手稿、打字稿及设计图纸,110,中国香港,30954140.0
201802,49,第49章  书籍、报纸、印刷图画及其他印刷品；手稿、打字稿及设计图纸,111,印度,336569.0
201802,49,第49章  书籍、报纸、印刷图画及其他印刷品；手稿、打字稿及设计图纸,112,印度尼西亚,4746.0
201802,49,第49章  书籍、报纸、印刷图画及其他印刷品；手稿、打字稿及设计图纸,116,日本,57598839.0
201802,49,第49章  书籍、报纸、印刷图画及其他印刷品；手稿、打字稿及设计图纸,120,黎巴嫩,8973.0
201802,49,第49章  书籍、报纸、印刷图画及其他印刷品；手稿、打字稿及设计图纸,122,马来西亚,3217208.0
201802,49,第49章  书籍、报纸、印刷图画及其他印刷品；手稿、打字稿及设计图纸,132,新加坡,132667301.0
201802,49,第49章  书籍、报纸、印刷图画及其他印刷品；手稿、打字稿及设计图纸,133,韩国,4502525.0
201802,49,第49章  书籍、报纸、印刷图画及其他印刷品；手稿、打字稿及设计图纸,136,泰国,693631.0
201802,49,第49章  书籍、报纸、印刷图画及其他印刷品；手稿、打字稿及设计图纸,141,越南,301076.0
201802,49,第49章  书籍、报纸、印刷图画及其他印刷品；手稿、打字稿及设计图纸,142,中国,42495878.0
201802,49,第49章  书籍、报纸、印刷图画及其他印刷品；手稿、打字稿及设计图纸,143,中国台湾,28193466.0
201802,49,第49章  书籍、报纸、印刷图画及其他印刷品；手稿、打字稿及设计图纸,217,埃塞俄比亚,15917.0
201802,49,第49章  书籍、报纸、印刷图画及其他印刷品；手稿、打字稿及设计图纸,303,英国,80100366.0
201802,49,第49章  书籍、报纸、印刷图画及其他印刷品；手稿、打字稿及设计图纸,304,德国,49476046.0
201802,49,第49章  书籍、报纸、印刷图画及其他印刷品；手稿、打字稿及设计图纸,344,俄罗斯,5690543.0
201802,49,第49章  书籍、报纸、印刷图画及其他印刷品；手稿、打字稿及设计图纸,440,萨尔瓦多,46865.0
201802,49,第49章  书籍、报纸、印刷图画及其他印刷品；手稿、打字稿及设计图纸,502,美国,391641571.0
201802,49,第49章  书籍、报纸、印刷图画及其他印刷品；手稿、打字稿及设计图纸,601,澳大利亚,1034907.0
201802,49,第49章  书籍、报纸、印刷图画及其他印刷品；手稿、打字稿及设计图纸,701,国家（地区）不明 ,11263.0
201802,50,第50章  蚕丝,110,中国香港,49279.0
201802,50,第50章  蚕丝,111,印度,1988003.0
201802,50,第50章  蚕丝,116,日本,1642781.0
201802,50,第50章  蚕丝,133,韩国,1735930.0
201802,50,第50章  蚕丝,136,泰国,27812.0
201802,50,第50章  蚕丝,141,越南,1700400.0
201802,50,第50章  蚕丝,142,中国,3657739.0
201802,50,第50章  蚕丝,143,中国台湾,104535.0
201802,50,第50章  蚕丝,149,乌兹别克斯坦,1561457.0
201802,50,第50章  蚕丝,303,英国,50688.0
201802,50,第50章  蚕丝,304,德国,48587.0
201802,50,第50章  蚕丝,502,美国,5111.0
201802,50,第50章  蚕丝,601,澳大利亚,13312.0
201802,51,第51章  羊毛、动物细毛或粗毛；马毛纱线及其机织物,110,中国香港,964425.0
201802,51,第51章  羊毛、动物细毛或粗毛；马毛纱线及其机织物,111,印度,3227426.0
201802,51,第51章  羊毛、动物细毛或粗毛；马毛纱线及其机织物,113,伊朗,447645.0
201802,51,第51章  羊毛、动物细毛或粗毛；马毛纱线及其机织物,116,日本,20757055.0
201802,51,第51章  羊毛、动物细毛或粗毛；马毛纱线及其机织物,122,马来西亚,1898627.0
201802,51,第51章  羊毛、动物细毛或粗毛；马毛纱线及其机织物,133,韩国,463021.0
201802,51,第51章  羊毛、动物细毛或粗毛；马毛纱线及其机织物,136,泰国,2773799.0
201802,51,第51章  羊毛、动物细毛或粗毛；马毛纱线及其机织物,142,中国,45771384.0
201802,51,第51章  羊毛、动物细毛或粗毛；马毛纱线及其机织物,143,中国台湾,2133441.0
201802,51,第51章  羊毛、动物细毛或粗毛；马毛纱线及其机织物,145,哈萨克斯坦,1787845.0
201802,51,第51章  羊毛、动物细毛或粗毛；马毛纱线及其机织物,148,土库曼斯坦,428682.0
201802,51,第51章  羊毛、动物细毛或粗毛；马毛纱线及其机织物,149,乌兹别克斯坦,469238.0
201802,51,第51章  羊毛、动物细毛或粗毛；马毛纱线及其机织物,249,突尼斯,480001.0
201802,51,第51章  羊毛、动物细毛或粗毛；马毛纱线及其机织物,303,英国,12161648.0
201802,51,第51章  羊毛、动物细毛或粗毛；马毛纱线及其机织物,304,德国,2171851.0
201802,51,第51章  羊毛、动物细毛或粗毛；马毛纱线及其机织物,344,俄罗斯,1705744.0
201802,51,第51章  羊毛、动物细毛或粗毛；马毛纱线及其机织物,502,美国,5105722.0
201802,51,第51章  羊毛、动物细毛或粗毛；马毛纱线及其机织物,601,澳大利亚,697128359.0
201802,52,第52章  棉花,102,巴林,5580649.0
201802,52,第52章  棉花,110,中国香港,2422319.0
201802,52,第52章  棉花,111,印度,381756334.0
201802,52,第52章  棉花,112,印度尼西亚,130766423.0
201802,52,第52章  棉花,116,日本,65143058.0
201802,52,第52章  棉花,122,马来西亚,60871847.0
201802,52,第52章  棉花,125,尼泊尔,25187.0
201802,52,第52章  棉花,132,新加坡,7179.0
201802,52,第52章  棉花,133,韩国,29257669.0
201802,52,第52章  棉花,136,泰国,25764428.0
201802,52,第52章  棉花,141,越南,649333247.0
201802,52,第52章  棉花,142,中国,156474335.0
201802,52,第52章  棉花,143,中国台湾,86983939.0
201802,52,第52章  棉花,145,哈萨克斯坦,7591438.0
201802,52,第52章  棉花,148,土库曼斯坦,36211741.0
201802,52,第52章  棉花,149,乌兹别克斯坦,176845050.0
201802,52,第52章  棉花,217,埃塞俄比亚,1091362.0
201802,52,第52章  棉花,231,毛里求斯,7660.0
201802,52,第52章  棉花,303,英国,836419.0
201802,52,第52章  棉花,304,德国,189720.0
201802,52,第52章  棉花,344,俄罗斯,862591.0
201802,52,第52章  棉花,502,美国,876561582.0
201802,52,第52章  棉花,601,澳大利亚,33618.0
201802,53,第53章  其他植物纺织纤维；纸纱线及其机织物,110,中国香港,58242.0
201802,53,第53章  其他植物纺织纤维；纸纱线及其机织物,111,印度,20519699.0
201802,53,第53章  其他植物纺织纤维；纸纱线及其机织物,112,印度尼西亚,2266905.0
201802,53,第53章  其他植物纺织纤维；纸纱线及其机织物,116,日本,6457535.0
201802,53,第53章  其他植物纺织纤维；纸纱线及其机织物,122,马来西亚,307076.0
201802,53,第53章  其他植物纺织纤维；纸纱线及其机织物,133,韩国,698740.0
201802,53,第53章  其他植物纺织纤维；纸纱线及其机织物,136,泰国,5066921.0
201802,53,第53章  其他植物纺织纤维；纸纱线及其机织物,141,越南,5708500.0
201802,53,第53章  其他植物纺织纤维；纸纱线及其机织物,142,中国,4370648.0
201802,53,第53章  其他植物纺织纤维；纸纱线及其机织物,143,中国台湾,202125.0
201802,53,第53章  其他植物纺织纤维；纸纱线及其机织物,303,英国,729059.0
201802,53,第53章  其他植物纺织纤维；纸纱线及其机织物,304,德国,967.0
201802,53,第53章  其他植物纺织纤维；纸纱线及其机织物,344,俄罗斯,261504.0
201802,53,第53章  其他植物纺织纤维；纸纱线及其机织物,502,美国,192604.0
201802,53,第53章  其他植物纺织纤维；纸纱线及其机织物,601,澳大利亚,71957.0
201802,54,第54章  化学纤维长丝；化学纤维纺织材料制扁条及类似品,110,中国香港,2290108.0
201802,54,第54章  化学纤维长丝；化学纤维纺织材料制扁条及类似品,111,印度,7833233.0
201802,54,第54章  化学纤维长丝；化学纤维纺织材料制扁条及类似品,112,印度尼西亚,8286891.0
201802,54,第54章  化学纤维长丝；化学纤维纺织材料制扁条及类似品,116,日本,232377954.0
201802,54,第54章  化学纤维长丝；化学纤维纺织材料制扁条及类似品,122,马来西亚,4922608.0
201802,54,第54章  化学纤维长丝；化学纤维纺织材料制扁条及类似品,132,新加坡,6880196.0
201802,54,第54章  化学纤维长丝；化学纤维纺织材料制扁条及类似品,133,韩国,138504092.0
201802,54,第54章  化学纤维长丝；化学纤维纺织材料制扁条及类似品,136,泰国,42697200.0
201802,54,第54章  化学纤维长丝；化学纤维纺织材料制扁条及类似品,141,越南,61673082.0
201802,54,第54章  化学纤维长丝；化学纤维纺织材料制扁条及类似品,142,中国,48051566.0
201802,54,第54章  化学纤维长丝；化学纤维纺织材料制扁条及类似品,143,中国台湾,270013126.0
201802,54,第54章  化学纤维长丝；化学纤维纺织材料制扁条及类似品,303,英国,20699808.0
201802,54,第54章  化学纤维长丝；化学纤维纺织材料制扁条及类似品,304,德国,31225751.0
201802,54,第54章  化学纤维长丝；化学纤维纺织材料制扁条及类似品,502,美国,38746490.0
201802,54,第54章  化学纤维长丝；化学纤维纺织材料制扁条及类似品,601,澳大利亚,1033632.0
201802,54,第54章  化学纤维长丝；化学纤维纺织材料制扁条及类似品,701,国家（地区）不明 ,21652.0
201802,55,第55章  化学纤维短纤,110,中国香港,437531.0
201802,55,第55章  化学纤维短纤,111,印度,3248389.0
201802,55,第55章  化学纤维短纤,112,印度尼西亚,33627695.0
201802,55,第55章  化学纤维短纤,116,日本,171274070.0
201802,55,第55章  化学纤维短纤,122,马来西亚,5264657.0
201802,55,第55章  化学纤维短纤,125,尼泊尔,14000.0
201802,55,第55章  化学纤维短纤,132,新加坡,18986.0
201802,55,第55章  化学纤维短纤,133,韩国,117243653.0
201802,55,第55章  化学纤维短纤,136,泰国,50447106.0
201802,55,第55章  化学纤维短纤,141,越南,19181772.0
201802,55,第55章  化学纤维短纤,142,中国,54215388.0
201802,55,第55章  化学纤维短纤,143,中国台湾,56069468.0
201802,55,第55章  化学纤维短纤,303,英国,26663847.0
201802,55,第55章  化学纤维短纤,304,德国,51596541.0
201802,55,第55章  化学纤维短纤,502,美国,57298595.0
201802,55,第55章  化学纤维短纤,601,澳大利亚,91281.0
201802,55,第55章  化学纤维短纤,701,国家（地区）不明 ,1421.0
201802,56,第56章  絮胎、毡呢及无纺织物；特种纱线；线、绳、索、缆及其制品,110,中国香港,1851348.0
201802,56,第56章  絮胎、毡呢及无纺织物；特种纱线；线、绳、索、缆及其制品,111,印度,691148.0
201802,56,第56章  絮胎、毡呢及无纺织物；特种纱线；线、绳、索、缆及其制品,112,印度尼西亚,6879378.0
201802,56,第56章  絮胎、毡呢及无纺织物；特种纱线；线、绳、索、缆及其制品,116,日本,133378058.0
201802,56,第56章  絮胎、毡呢及无纺织物；特种纱线；线、绳、索、缆及其制品,122,马来西亚,11597442.0
201802,56,第56章  絮胎、毡呢及无纺织物；特种纱线；线、绳、索、缆及其制品,125,尼泊尔,40960.0
201802,56,第56章  絮胎、毡呢及无纺织物；特种纱线；线、绳、索、缆及其制品,132,新加坡,4798127.0
201802,56,第56章  絮胎、毡呢及无纺织物；特种纱线；线、绳、索、缆及其制品,133,韩国,41826489.0
201802,56,第56章  絮胎、毡呢及无纺织物；特种纱线；线、绳、索、缆及其制品,136,泰国,35068936.0
201802,56,第56章  絮胎、毡呢及无纺织物；特种纱线；线、绳、索、缆及其制品,141,越南,10007519.0
201802,56,第56章  絮胎、毡呢及无纺织物；特种纱线；线、绳、索、缆及其制品,142,中国,15124570.0
201802,56,第56章  絮胎、毡呢及无纺织物；特种纱线；线、绳、索、缆及其制品,143,中国台湾,46117461.0
201802,56,第56章  絮胎、毡呢及无纺织物；特种纱线；线、绳、索、缆及其制品,249,突尼斯,104859.0
201802,56,第56章  絮胎、毡呢及无纺织物；特种纱线；线、绳、索、缆及其制品,303,英国,7769250.0
201802,56,第56章  絮胎、毡呢及无纺织物；特种纱线；线、绳、索、缆及其制品,304,德国,42042553.0
201802,56,第56章  絮胎、毡呢及无纺织物；特种纱线；线、绳、索、缆及其制品,344,俄罗斯,238.0
201802,56,第56章  絮胎、毡呢及无纺织物；特种纱线；线、绳、索、缆及其制品,502,美国,60094713.0
201802,56,第56章  絮胎、毡呢及无纺织物；特种纱线；线、绳、索、缆及其制品,601,澳大利亚,26914.0
201802,56,第56章  絮胎、毡呢及无纺织物；特种纱线；线、绳、索、缆及其制品,701,国家（地区）不明 ,5672.0
201802,57,第57章  地毯及纺织材料的其他铺地制品,110,中国香港,6840.0
201802,57,第57章  地毯及纺织材料的其他铺地制品,111,印度,7662162.0
201802,57,第57章  地毯及纺织材料的其他铺地制品,112,印度尼西亚,636931.0
201802,57,第57章  地毯及纺织材料的其他铺地制品,113,伊朗,298366.0
201802,57,第57章  地毯及纺织材料的其他铺地制品,116,日本,2812889.0
201802,57,第57章  地毯及纺织材料的其他铺地制品,122,马来西亚,127461.0
201802,57,第57章  地毯及纺织材料的其他铺地制品,125,尼泊尔,794821.0
201802,57,第57章  地毯及纺织材料的其他铺地制品,133,韩国,5405582.0
201802,57,第57章  地毯及纺织材料的其他铺地制品,136,泰国,70686.0
201802,57,第57章  地毯及纺织材料的其他铺地制品,141,越南,513982.0
201802,57,第57章  地毯及纺织材料的其他铺地制品,142,中国,384219.0
201802,57,第57章  地毯及纺织材料的其他铺地制品,143,中国台湾,1507336.0
201802,57,第57章  地毯及纺织材料的其他铺地制品,303,英国,319881.0
201802,57,第57章  地毯及纺织材料的其他铺地制品,304,德国,251391.0
201802,57,第57章  地毯及纺织材料的其他铺地制品,502,美国,10093537.0
201802,57,第57章  地毯及纺织材料的其他铺地制品,601,澳大利亚,19089.0
201802,58,第58章  特种机织物；簇绒织物；花边；装饰毯；装饰带；刺绣品,110,中国香港,8235094.0
201802,58,第58章  特种机织物；簇绒织物；花边；装饰毯；装饰带；刺绣品,111,印度,1234526.0
201802,58,第58章  特种机织物；簇绒织物；花边；装饰毯；装饰带；刺绣品,112,印度尼西亚,64097.0
201802,58,第58章  特种机织物；簇绒织物；花边；装饰毯；装饰带；刺绣品,116,日本,38897696.0
201802,58,第58章  特种机织物；簇绒织物；花边；装饰毯；装饰带；刺绣品,122,马来西亚,226778.0
201802,58,第58章  特种机织物；簇绒织物；花边；装饰毯；装饰带；刺绣品,132,新加坡,57374.0
201802,58,第58章  特种机织物；簇绒织物；花边；装饰毯；装饰带；刺绣品,133,韩国,28136833.0
201802,58,第58章  特种机织物；簇绒织物；花边；装饰毯；装饰带；刺绣品,136,泰国,3398956.0
201802,58,第58章  特种机织物；簇绒织物；花边；装饰毯；装饰带；刺绣品,141,越南,792363.0
201802,58,第58章  特种机织物；簇绒织物；花边；装饰毯；装饰带；刺绣品,142,中国,38940639.0
201802,58,第58章  特种机织物；簇绒织物；花边；装饰毯；装饰带；刺绣品,143,中国台湾,22769874.0
201802,58,第58章  特种机织物；簇绒织物；花边；装饰毯；装饰带；刺绣品,303,英国,1329989.0
201802,58,第58章  特种机织物；簇绒织物；花边；装饰毯；装饰带；刺绣品,304,德国,6699644.0
201802,58,第58章  特种机织物；簇绒织物；花边；装饰毯；装饰带；刺绣品,351,克罗地亚,259794.0
201802,58,第58章  特种机织物；簇绒织物；花边；装饰毯；装饰带；刺绣品,440,萨尔瓦多,21201.0
201802,58,第58章  特种机织物；簇绒织物；花边；装饰毯；装饰带；刺绣品,502,美国,8686348.0
201802,58,第58章  特种机织物；簇绒织物；花边；装饰毯；装饰带；刺绣品,601,澳大利亚,365880.0
201802,58,第58章  特种机织物；簇绒织物；花边；装饰毯；装饰带；刺绣品,701,国家（地区）不明 ,19112.0
201802,59,第58章  浸渍、涂布、包覆或层压的纺织物；工业用纺织制品,110,中国香港,2078882.0
201802,59,第58章  浸渍、涂布、包覆或层压的纺织物；工业用纺织制品,111,印度,9964543.0
201802,59,第58章  浸渍、涂布、包覆或层压的纺织物；工业用纺织制品,112,印度尼西亚,4418299.0
201802,59,第58章  浸渍、涂布、包覆或层压的纺织物；工业用纺织制品,116,日本,115093076.0
201802,59,第58章  浸渍、涂布、包覆或层压的纺织物；工业用纺织制品,122,马来西亚,1333623.0
201802,59,第58章  浸渍、涂布、包覆或层压的纺织物；工业用纺织制品,132,新加坡,92895.0
201802,59,第58章  浸渍、涂布、包覆或层压的纺织物；工业用纺织制品,133,韩国,114716217.0
201802,59,第58章  浸渍、涂布、包覆或层压的纺织物；工业用纺织制品,136,泰国,10011553.0
201802,59,第58章  浸渍、涂布、包覆或层压的纺织物；工业用纺织制品,141,越南,12042402.0
201802,59,第58章  浸渍、涂布、包覆或层压的纺织物；工业用纺织制品,142,中国,43372315.0
201802,59,第58章  浸渍、涂布、包覆或层压的纺织物；工业用纺织制品,143,中国台湾,115096605.0
201802,59,第58章  浸渍、涂布、包覆或层压的纺织物；工业用纺织制品,249,突尼斯,700114.0
201802,59,第58章  浸渍、涂布、包覆或层压的纺织物；工业用纺织制品,303,英国,8340859.0
201802,59,第58章  浸渍、涂布、包覆或层压的纺织物；工业用纺织制品,304,德国,86883866.0
201802,59,第58章  浸渍、涂布、包覆或层压的纺织物；工业用纺织制品,502,美国,53922854.0
201802,59,第58章  浸渍、涂布、包覆或层压的纺织物；工业用纺织制品,601,澳大利亚,2040078.0
201802,59,第58章  浸渍、涂布、包覆或层压的纺织物；工业用纺织制品,701,国家（地区）不明 ,2318.0
201802,60,第60章  针织物及钩编织物,110,中国香港,6344107.0
201802,60,第60章  针织物及钩编织物,111,印度,33509.0
201802,60,第60章  针织物及钩编织物,112,印度尼西亚,1850713.0
201802,60,第60章  针织物及钩编织物,116,日本,79540998.0
201802,60,第60章  针织物及钩编织物,122,马来西亚,1771974.0
201802,60,第60章  针织物及钩编织物,133,韩国,74642722.0
201802,60,第60章  针织物及钩编织物,136,泰国,7907524.0
201802,60,第60章  针织物及钩编织物,141,越南,67580931.0
201802,60,第60章  针织物及钩编织物,142,中国,88911491.0
201802,60,第60章  针织物及钩编织物,143,中国台湾,125642788.0
201802,60,第60章  针织物及钩编织物,303,英国,671429.0
201802,60,第60章  针织物及钩编织物,304,德国,16479975.0
201802,60,第60章  针织物及钩编织物,502,美国,4855295.0
201802,60,第60章  针织物及钩编织物,601,澳大利亚,85586.0
201802,60,第60章  针织物及钩编织物,701,国家（地区）不明 ,187081.0
201802,61,第61章  针织或钩编的服装及衣着附件,110,中国香港,3107989.0
201802,61,第61章  针织或钩编的服装及衣着附件,111,印度,27406027.0
201802,61,第61章  针织或钩编的服装及衣着附件,112,印度尼西亚,64991222.0
201802,61,第61章  针织或钩编的服装及衣着附件,116,日本,17559399.0
201802,61,第61章  针织或钩编的服装及衣着附件,119,老挝,14142.0
201802,61,第61章  针织或钩编的服装及衣着附件,122,马来西亚,3759347.0
201802,61,第61章  针织或钩编的服装及衣着附件,125,尼泊尔,18525.0
201802,61,第61章  针织或钩编的服装及衣着附件,132,新加坡,45654.0
201802,61,第61章  针织或钩编的服装及衣着附件,133,韩国,33817800.0
201802,61,第61章  针织或钩编的服装及衣着附件,136,泰国,45142972.0
201802,61,第61章  针织或钩编的服装及衣着附件,141,越南,260627477.0
201802,61,第61章  针织或钩编的服装及衣着附件,142,中国,145915222.0
201802,61,第61章  针织或钩编的服装及衣着附件,143,中国台湾,2625600.0
201802,61,第61章  针织或钩编的服装及衣着附件,217,埃塞俄比亚,47676.0
201802,61,第61章  针织或钩编的服装及衣着附件,231,毛里求斯,5800017.0
201802,61,第61章  针织或钩编的服装及衣着附件,249,突尼斯,8723800.0
201802,61,第61章  针织或钩编的服装及衣着附件,303,英国,6725839.0
201802,61,第61章  针织或钩编的服装及衣着附件,304,德国,1143048.0
201802,61,第61章  针织或钩编的服装及衣着附件,337,格鲁吉亚,1115835.0
201802,61,第61章  针织或钩编的服装及衣着附件,338,亚美尼亚,176159.0
201802,61,第61章  针织或钩编的服装及衣着附件,344,俄罗斯,178560.0
201802,61,第61章  针织或钩编的服装及衣着附件,351,克罗地亚,396411.0
201802,61,第61章  针织或钩编的服装及衣着附件,358,塞尔维亚,547498.0
201802,61,第61章  针织或钩编的服装及衣着附件,424,圭亚那,1057.0
201802,61,第61章  针织或钩编的服装及衣着附件,425,海地,870004.0
201802,61,第61章  针织或钩编的服装及衣着附件,440,萨尔瓦多,176102.0
201802,61,第61章  针织或钩编的服装及衣着附件,502,美国,5141840.0
201802,61,第61章  针织或钩编的服装及衣着附件,601,澳大利亚,43530.0
201802,61,第61章  针织或钩编的服装及衣着附件,607,新喀里多尼亚,6051.0
201802,61,第61章  针织或钩编的服装及衣着附件,701,国家（地区）不明 ,500.0
201802,62,第62章  非针织或非钩编的服装及衣着附件,110,中国香港,1407158.0
201802,62,第62章  非针织或非钩编的服装及衣着附件,111,印度,55156662.0
201802,62,第62章  非针织或非钩编的服装及衣着附件,112,印度尼西亚,69753614.0
201802,62,第62章  非针织或非钩编的服装及衣着附件,116,日本,20430715.0
201802,62,第62章  非针织或非钩编的服装及衣着附件,119,老挝,286382.0
201802,62,第62章  非针织或非钩编的服装及衣着附件,120,黎巴嫩,76817.0
201802,62,第62章  非针织或非钩编的服装及衣着附件,122,马来西亚,3374972.0
201802,62,第62章  非针织或非钩编的服装及衣着附件,125,尼泊尔,551782.0
201802,62,第62章  非针织或非钩编的服装及衣着附件,132,新加坡,142916.0
201802,62,第62章  非针织或非钩编的服装及衣着附件,133,韩国,45758443.0
201802,62,第62章  非针织或非钩编的服装及衣着附件,136,泰国,32231709.0
201802,62,第62章  非针织或非钩编的服装及衣着附件,141,越南,257884811.0
201802,62,第62章  非针织或非钩编的服装及衣着附件,142,中国,172171214.0
201802,62,第62章  非针织或非钩编的服装及衣着附件,143,中国台湾,12373140.0
201802,62,第62章  非针织或非钩编的服装及衣着附件,202,安哥拉,237.0
201802,62,第62章  非针织或非钩编的服装及衣着附件,217,埃塞俄比亚,475.0
201802,62,第62章  非针织或非钩编的服装及衣着附件,230,毛里塔尼亚,1112.0
201802,62,第62章  非针织或非钩编的服装及衣着附件,231,毛里求斯,4250810.0
201802,62,第62章  非针织或非钩编的服装及衣着附件,242,塞拉利昂,2937.0
201802,62,第62章  非针织或非钩编的服装及衣着附件,249,突尼斯,25435139.0
201802,62,第62章  非针织或非钩编的服装及衣着附件,303,英国,20977906.0
201802,62,第62章  非针织或非钩编的服装及衣着附件,304,德国,920103.0
201802,62,第62章  非针织或非钩编的服装及衣着附件,337,格鲁吉亚,3672044.0
201802,62,第62章  非针织或非钩编的服装及衣着附件,338,亚美尼亚,3603845.0
201802,62,第62章  非针织或非钩编的服装及衣着附件,344,俄罗斯,138404.0
201802,62,第62章  非针织或非钩编的服装及衣着附件,351,克罗地亚,748936.0
201802,62,第62章  非针织或非钩编的服装及衣着附件,358,塞尔维亚,624174.0
201802,62,第62章  非针织或非钩编的服装及衣着附件,440,萨尔瓦多,5761.0
201802,62,第62章  非针织或非钩编的服装及衣着附件,502,美国,8243078.0
201802,62,第62章  非针织或非钩编的服装及衣着附件,601,澳大利亚,220964.0
201802,62,第62章  非针织或非钩编的服装及衣着附件,701,国家（地区）不明 ,2599.0
201802,63,第63章  其他纺织制成品；成套物品；旧衣着及旧纺织品；碎织物,110,中国香港,186671.0
201802,63,第63章  其他纺织制成品；成套物品；旧衣着及旧纺织品；碎织物,111,印度,19346302.0
201802,63,第63章  其他纺织制成品；成套物品；旧衣着及旧纺织品；碎织物,112,印度尼西亚,2054358.0
201802,63,第63章  其他纺织制成品；成套物品；旧衣着及旧纺织品；碎织物,116,日本,14974979.0
201802,63,第63章  其他纺织制成品；成套物品；旧衣着及旧纺织品；碎织物,122,马来西亚,93329.0
201802,63,第63章  其他纺织制成品；成套物品；旧衣着及旧纺织品；碎织物,125,尼泊尔,11902.0
201802,63,第63章  其他纺织制成品；成套物品；旧衣着及旧纺织品；碎织物,132,新加坡,7969217.0
201802,63,第63章  其他纺织制成品；成套物品；旧衣着及旧纺织品；碎织物,133,韩国,17693775.0
201802,63,第63章  其他纺织制成品；成套物品；旧衣着及旧纺织品；碎织物,136,泰国,4761604.0
201802,63,第63章  其他纺织制成品；成套物品；旧衣着及旧纺织品；碎织物,141,越南,17945637.0
201802,63,第63章  其他纺织制成品；成套物品；旧衣着及旧纺织品；碎织物,142,中国,27906255.0
201802,63,第63章  其他纺织制成品；成套物品；旧衣着及旧纺织品；碎织物,143,中国台湾,10217446.0
201802,63,第63章  其他纺织制成品；成套物品；旧衣着及旧纺织品；碎织物,231,毛里求斯,2948.0
201802,63,第63章  其他纺织制成品；成套物品；旧衣着及旧纺织品；碎织物,249,突尼斯,120279.0
201802,63,第63章  其他纺织制成品；成套物品；旧衣着及旧纺织品；碎织物,303,英国,2540981.0
201802,63,第63章  其他纺织制成品；成套物品；旧衣着及旧纺织品；碎织物,304,德国,5313964.0
201802,63,第63章  其他纺织制成品；成套物品；旧衣着及旧纺织品；碎织物,344,俄罗斯,647864.0
201802,63,第63章  其他纺织制成品；成套物品；旧衣着及旧纺织品；碎织物,440,萨尔瓦多,18135.0
201802,63,第63章  其他纺织制成品；成套物品；旧衣着及旧纺织品；碎织物,502,美国,11042618.0
201802,63,第63章  其他纺织制成品；成套物品；旧衣着及旧纺织品；碎织物,601,澳大利亚,178975.0
201802,63,第63章  其他纺织制成品；成套物品；旧衣着及旧纺织品；碎织物,701,国家（地区）不明 ,744.0
201802,64,第64章  鞋靴、护腿和类似品及其零件,110,中国香港,4531502.0
201802,64,第64章  鞋靴、护腿和类似品及其零件,111,印度,42200451.0
201802,64,第64章  鞋靴、护腿和类似品及其零件,112,印度尼西亚,452155378.0
201802,64,第64章  鞋靴、护腿和类似品及其零件,116,日本,5017737.0
201802,64,第64章  鞋靴、护腿和类似品及其零件,119,老挝,518060.0
201802,64,第64章  鞋靴、护腿和类似品及其零件,122,马来西亚,93768.0
201802,64,第64章  鞋靴、护腿和类似品及其零件,125,尼泊尔,36.0
201802,64,第64章  鞋靴、护腿和类似品及其零件,132,新加坡,4263.0
201802,64,第64章  鞋靴、护腿和类似品及其零件,133,韩国,19111939.0
201802,64,第64章  鞋靴、护腿和类似品及其零件,136,泰国,18555790.0
201802,64,第64章  鞋靴、护腿和类似品及其零件,141,越南,802623400.0
201802,64,第64章  鞋靴、护腿和类似品及其零件,142,中国,144341134.0
201802,64,第64章  鞋靴、护腿和类似品及其零件,143,中国台湾,8986862.0
201802,64,第64章  鞋靴、护腿和类似品及其零件,217,埃塞俄比亚,485196.0
201802,64,第64章  鞋靴、护腿和类似品及其零件,249,突尼斯,417476.0
201802,64,第64章  鞋靴、护腿和类似品及其零件,303,英国,642890.0
201802,64,第64章  鞋靴、护腿和类似品及其零件,304,德国,9520725.0
201802,64,第64章  鞋靴、护腿和类似品及其零件,344,俄罗斯,5952.0
201802,64,第64章  鞋靴、护腿和类似品及其零件,351,克罗地亚,85069.0
201802,64,第64章  鞋靴、护腿和类似品及其零件,358,塞尔维亚,1957961.0
201802,64,第64章  鞋靴、护腿和类似品及其零件,414,多米尼克,14391.0
201802,64,第64章  鞋靴、护腿和类似品及其零件,502,美国,44832099.0
201802,64,第64章  鞋靴、护腿和类似品及其零件,601,澳大利亚,186571.0
201802,64,第64章  鞋靴、护腿和类似品及其零件,701,国家（地区）不明 ,2027.0
201802,65,第65章  帽类及其零件,110,中国香港,18602.0
201802,65,第65章  帽类及其零件,111,印度,183644.0
201802,65,第65章  帽类及其零件,112,印度尼西亚,516129.0
201802,65,第65章  帽类及其零件,116,日本,1704739.0
201802,65,第65章  帽类及其零件,122,马来西亚,99941.0
201802,65,第65章  帽类及其零件,125,尼泊尔,1184.0
201802,65,第65章  帽类及其零件,126,阿曼,194.0
201802,65,第65章  帽类及其零件,132,新加坡,1423.0
201802,65,第65章  帽类及其零件,133,韩国,3180334.0
201802,65,第65章  帽类及其零件,136,泰国,1213407.0
201802,65,第65章  帽类及其零件,141,越南,4308517.0
201802,65,第65章  帽类及其零件,142,中国,5834279.0
201802,65,第65章  帽类及其零件,143,中国台湾,892464.0
201802,65,第65章  帽类及其零件,249,突尼斯,10112.0
201802,65,第65章  帽类及其零件,303,英国,109342.0
201802,65,第65章  帽类及其零件,304,德国,1815521.0
201802,65,第65章  帽类及其零件,337,格鲁吉亚,3538.0
201802,65,第65章  帽类及其零件,344,俄罗斯,4988.0
201802,65,第65章  帽类及其零件,351,克罗地亚,90615.0
201802,65,第65章  帽类及其零件,502,美国,1113241.0
201802,65,第65章  帽类及其零件,601,澳大利亚,3782.0
201802,66,第66章  雨伞、阳伞、手杖、鞭子、马鞭及其零件,116,日本,52720.0
201802,66,第66章  雨伞、阳伞、手杖、鞭子、马鞭及其零件,132,新加坡,4989.0
201802,66,第66章  雨伞、阳伞、手杖、鞭子、马鞭及其零件,133,韩国,669.0
201802,66,第66章  雨伞、阳伞、手杖、鞭子、马鞭及其零件,141,越南,9911.0
201802,66,第66章  雨伞、阳伞、手杖、鞭子、马鞭及其零件,142,中国,1818895.0
201802,66,第66章  雨伞、阳伞、手杖、鞭子、马鞭及其零件,143,中国台湾,1246109.0
201802,66,第66章  雨伞、阳伞、手杖、鞭子、马鞭及其零件,249,突尼斯,479.0
201802,66,第66章  雨伞、阳伞、手杖、鞭子、马鞭及其零件,303,英国,90517.0
201802,66,第66章  雨伞、阳伞、手杖、鞭子、马鞭及其零件,304,德国,60692.0
201802,66,第66章  雨伞、阳伞、手杖、鞭子、马鞭及其零件,502,美国,98018.0
201802,67,第67章  已加工羽毛、羽绒及其制品；人造花；人发制品,110,中国香港,691070.0
201802,67,第67章  已加工羽毛、羽绒及其制品；人造花；人发制品,111,印度,41620049.0
201802,67,第67章  已加工羽毛、羽绒及其制品；人造花；人发制品,112,印度尼西亚,341318.0
201802,67,第67章  已加工羽毛、羽绒及其制品；人造花；人发制品,116,日本,15898496.0
201802,67,第67章  已加工羽毛、羽绒及其制品；人造花；人发制品,122,马来西亚,29646.0
201802,67,第67章  已加工羽毛、羽绒及其制品；人造花；人发制品,125,尼泊尔,15698.0
201802,67,第67章  已加工羽毛、羽绒及其制品；人造花；人发制品,133,韩国,6087561.0
201802,67,第67章  已加工羽毛、羽绒及其制品；人造花；人发制品,136,泰国,153705.0
201802,67,第67章  已加工羽毛、羽绒及其制品；人造花；人发制品,141,越南,14535.0
201802,67,第67章  已加工羽毛、羽绒及其制品；人造花；人发制品,142,中国,3075386.0
201802,67,第67章  已加工羽毛、羽绒及其制品；人造花；人发制品,303,英国,14218.0
201802,67,第67章  已加工羽毛、羽绒及其制品；人造花；人发制品,304,德国,396798.0
201802,67,第67章  已加工羽毛、羽绒及其制品；人造花；人发制品,502,美国,1388662.0
201802,67,第67章  已加工羽毛、羽绒及其制品；人造花；人发制品,601,澳大利亚,2444.0
201802,68,第68章  石料、石膏、水泥、石棉、云母及类似材料的制品,110,中国香港,907.0
201802,68,第68章  石料、石膏、水泥、石棉、云母及类似材料的制品,111,印度,3856666.0
201802,68,第68章  石料、石膏、水泥、石棉、云母及类似材料的制品,112,印度尼西亚,4279618.0
201802,68,第68章  石料、石膏、水泥、石棉、云母及类似材料的制品,113,伊朗,170903.0
201802,68,第68章  石料、石膏、水泥、石棉、云母及类似材料的制品,116,日本,223256332.0
201802,68,第68章  石料、石膏、水泥、石棉、云母及类似材料的制品,122,马来西亚,32890490.0
201802,68,第68章  石料、石膏、水泥、石棉、云母及类似材料的制品,125,尼泊尔,340.0
201802,68,第68章  石料、石膏、水泥、石棉、云母及类似材料的制品,126,阿曼,206463.0
201802,68,第68章  石料、石膏、水泥、石棉、云母及类似材料的制品,132,新加坡,898748.0
201802,68,第68章  石料、石膏、水泥、石棉、云母及类似材料的制品,133,韩国,98520182.0
201802,68,第68章  石料、石膏、水泥、石棉、云母及类似材料的制品,136,泰国,4986924.0
201802,68,第68章  石料、石膏、水泥、石棉、云母及类似材料的制品,141,越南,48564.0
201802,68,第68章  石料、石膏、水泥、石棉、云母及类似材料的制品,142,中国,16374730.0
201802,68,第68章  石料、石膏、水泥、石棉、云母及类似材料的制品,143,中国台湾,34952064.0
201802,68,第68章  石料、石膏、水泥、石棉、云母及类似材料的制品,303,英国,12953625.0
201802,68,第68章  石料、石膏、水泥、石棉、云母及类似材料的制品,304,德国,67690568.0
201802,68,第68章  石料、石膏、水泥、石棉、云母及类似材料的制品,344,俄罗斯,3980315.0
201802,68,第68章  石料、石膏、水泥、石棉、云母及类似材料的制品,351,克罗地亚,1853.0
201802,68,第68章  石料、石膏、水泥、石棉、云母及类似材料的制品,502,美国,112552938.0
201802,68,第68章  石料、石膏、水泥、石棉、云母及类似材料的制品,601,澳大利亚,185367.0
201802,68,第68章  石料、石膏、水泥、石棉、云母及类似材料的制品,701,国家（地区）不明 ,193.0
201802,69,第69章  陶瓷产品,110,中国香港,68420.0
201802,69,第69章  陶瓷产品,111,印度,1168426.0
201802,69,第69章  陶瓷产品,112,印度尼西亚,1988825.0
201802,69,第69章  陶瓷产品,116,日本,106484590.0
201802,69,第69章  陶瓷产品,122,马来西亚,7213188.0
201802,69,第69章  陶瓷产品,125,尼泊尔,444.0
201802,69,第69章  陶瓷产品,132,新加坡,7458815.0
201802,69,第69章  陶瓷产品,133,韩国,33744550.0
201802,69,第69章  陶瓷产品,136,泰国,16745106.0
201802,69,第69章  陶瓷产品,141,越南,5371104.0
201802,69,第69章  陶瓷产品,142,中国,11628532.0
201802,69,第69章  陶瓷产品,143,中国台湾,13200911.0
201802,69,第69章  陶瓷产品,303,英国,5881873.0
201802,69,第69章  陶瓷产品,304,德国,45202613.0
201802,69,第69章  陶瓷产品,344,俄罗斯,3460.0
201802,69,第69章  陶瓷产品,502,美国,62598025.0
201802,69,第69章  陶瓷产品,601,澳大利亚,86346.0
201802,69,第69章  陶瓷产品,701,国家（地区）不明 ,393321.0
201802,70,第70章  玻璃及其制品,102,巴林,813902.0
201802,70,第70章  玻璃及其制品,110,中国香港,17164601.0
201802,70,第70章  玻璃及其制品,111,印度,5820453.0
201802,70,第70章  玻璃及其制品,112,印度尼西亚,2941487.0
201802,70,第70章  玻璃及其制品,116,日本,591951977.0
201802,70,第70章  玻璃及其制品,122,马来西亚,36699828.0
201802,70,第70章  玻璃及其制品,126,阿曼,394.0
201802,70,第70章  玻璃及其制品,132,新加坡,6292853.0
201802,70,第70章  玻璃及其制品,133,韩国,873895777.0
201802,70,第70章  玻璃及其制品,136,泰国,52792138.0
201802,70,第70章  玻璃及其制品,141,越南,17832698.0
201802,70,第70章  玻璃及其制品,142,中国,81908018.0
201802,70,第70章  玻璃及其制品,143,中国台湾,815594150.0
201802,70,第70章  玻璃及其制品,303,英国,9956738.0
201802,70,第70章  玻璃及其制品,304,德国,311546614.0
201802,70,第70章  玻璃及其制品,324,马耳他,3590.0
201802,70,第70章  玻璃及其制品,344,俄罗斯,460507.0
201802,70,第70章  玻璃及其制品,351,克罗地亚,51962.0
201802,70,第70章  玻璃及其制品,358,塞尔维亚,1651599.0
201802,70,第70章  玻璃及其制品,502,美国,298045888.0
201802,70,第70章  玻璃及其制品,601,澳大利亚,4214418.0
201802,70,第70章  玻璃及其制品,701,国家（地区）不明 ,3062.0
201802,71,第71章  天然或养殖珍珠、宝石或半宝石、贵金属、包贵金属及其制品；仿首饰；硬币,110,中国香港,85344265.0
201802,71,第71章  天然或养殖珍珠、宝石或半宝石、贵金属、包贵金属及其制品；仿首饰；硬币,111,印度,755174976.0
201802,71,第71章  天然或养殖珍珠、宝石或半宝石、贵金属、包贵金属及其制品；仿首饰；硬币,112,印度尼西亚,431093.0
201802,71,第71章  天然或养殖珍珠、宝石或半宝石、贵金属、包贵金属及其制品；仿首饰；硬币,116,日本,465201488.0
201802,71,第71章  天然或养殖珍珠、宝石或半宝石、贵金属、包贵金属及其制品；仿首饰；硬币,120,黎巴嫩,553.0
201802,71,第71章  天然或养殖珍珠、宝石或半宝石、贵金属、包贵金属及其制品；仿首饰；硬币,122,马来西亚,7186339.0
201802,71,第71章  天然或养殖珍珠、宝石或半宝石、贵金属、包贵金属及其制品；仿首饰；硬币,125,尼泊尔,74659.0
201802,71,第71章  天然或养殖珍珠、宝石或半宝石、贵金属、包贵金属及其制品；仿首饰；硬币,132,新加坡,1729047537.0
201802,71,第71章  天然或养殖珍珠、宝石或半宝石、贵金属、包贵金属及其制品；仿首饰；硬币,133,韩国,49870911.0
201802,71,第71章  天然或养殖珍珠、宝石或半宝石、贵金属、包贵金属及其制品；仿首饰；硬币,136,泰国,157167517.0
201802,71,第71章  天然或养殖珍珠、宝石或半宝石、贵金属、包贵金属及其制品；仿首饰；硬币,141,越南,7370447.0
201802,71,第71章  天然或养殖珍珠、宝石或半宝石、贵金属、包贵金属及其制品；仿首饰；硬币,142,中国,124148943.0
201802,71,第71章  天然或养殖珍珠、宝石或半宝石、贵金属、包贵金属及其制品；仿首饰；硬币,143,中国台湾,50750641.0
201802,71,第71章  天然或养殖珍珠、宝石或半宝石、贵金属、包贵金属及其制品；仿首饰；硬币,145,哈萨克斯坦,387940.0
201802,71,第71章  天然或养殖珍珠、宝石或半宝石、贵金属、包贵金属及其制品；仿首饰；硬币,234,纳米比亚,3429.0
201802,71,第71章  天然或养殖珍珠、宝石或半宝石、贵金属、包贵金属及其制品；仿首饰；硬币,243,索马里,245594.0
201802,71,第71章  天然或养殖珍珠、宝石或半宝石、贵金属、包贵金属及其制品；仿首饰；硬币,249,突尼斯,22060.0
201802,71,第71章  天然或养殖珍珠、宝石或半宝石、贵金属、包贵金属及其制品；仿首饰；硬币,303,英国,13452874.0
201802,71,第71章  天然或养殖珍珠、宝石或半宝石、贵金属、包贵金属及其制品；仿首饰；硬币,304,德国,117869221.0
201802,71,第71章  天然或养殖珍珠、宝石或半宝石、贵金属、包贵金属及其制品；仿首饰；硬币,344,俄罗斯,79285214.0
201802,71,第71章  天然或养殖珍珠、宝石或半宝石、贵金属、包贵金属及其制品；仿首饰；硬币,502,美国,1386383075.0
201802,71,第71章  天然或养殖珍珠、宝石或半宝石、贵金属、包贵金属及其制品；仿首饰；硬币,601,澳大利亚,4710988252.0
201802,71,第71章  天然或养殖珍珠、宝石或半宝石、贵金属、包贵金属及其制品；仿首饰；硬币,701,国家（地区）不明 ,58106601.0
201802,72,第72章  钢铁,110,中国香港,576959.0
201802,72,第72章  钢铁,111,印度,110631192.0
201802,72,第72章  钢铁,112,印度尼西亚,2197186649.0
201802,72,第72章  钢铁,116,日本,2910503522.0
201802,72,第72章  钢铁,122,马来西亚,75618015.0
201802,72,第72章  钢铁,126,阿曼,11395815.0
201802,72,第72章  钢铁,132,新加坡,11437913.0
201802,72,第72章  钢铁,133,韩国,1607046057.0
201802,72,第72章  钢铁,136,泰国,5174957.0
201802,72,第72章  钢铁,141,越南,9316380.0
201802,72,第72章  钢铁,142,中国,23725191.0
201802,72,第72章  钢铁,143,中国台湾,544077529.0
201802,72,第72章  钢铁,145,哈萨克斯坦,439075402.0
201802,72,第72章  钢铁,303,英国,21074407.0
201802,72,第72章  钢铁,304,德国,450705287.0
201802,72,第72章  钢铁,344,俄罗斯,10351982.0
201802,72,第72章  钢铁,351,克罗地亚,8570.0
201802,72,第72章  钢铁,502,美国,293817931.0
201802,72,第72章  钢铁,601,澳大利亚,3306365.0
201802,72,第72章  钢铁,607,新喀里多尼亚,233051531.0
201802,72,第72章  钢铁,701,国家（地区）不明 ,10997.0
201802,73,第73章  钢铁制品,110,中国香港,3579967.0
201802,73,第73章  钢铁制品,111,印度,13854401.0
201802,73,第73章  钢铁制品,112,印度尼西亚,6490158.0
201802,73,第73章  钢铁制品,113,伊朗,5357.0
201802,73,第73章  钢铁制品,116,日本,1043292647.0
201802,73,第73章  钢铁制品,122,马来西亚,21360582.0
201802,73,第73章  钢铁制品,132,新加坡,17838913.0
201802,73,第73章  钢铁制品,133,韩国,489616634.0
201802,73,第73章  钢铁制品,136,泰国,38036474.0
201802,73,第73章  钢铁制品,139,也门,562.0
201802,73,第73章  钢铁制品,141,越南,14870025.0
201802,73,第73章  钢铁制品,142,中国,203590048.0
201802,73,第73章  钢铁制品,143,中国台湾,297170582.0
201802,73,第73章  钢铁制品,221,几内亚,7.0
201802,73,第73章  钢铁制品,234,纳米比亚,56007.0
201802,73,第73章  钢铁制品,242,塞拉利昂,176.0
201802,73,第73章  钢铁制品,243,索马里,559.0
201802,73,第73章  钢铁制品,249,突尼斯,522140.0
201802,73,第73章  钢铁制品,303,英国,74385842.0
201802,73,第73章  钢铁制品,304,德国,999243760.0
201802,73,第73章  钢铁制品,337,格鲁吉亚,5956.0
201802,73,第73章  钢铁制品,338,亚美尼亚,2614.0
201802,73,第73章  钢铁制品,344,俄罗斯,4585769.0
201802,73,第73章  钢铁制品,351,克罗地亚,89567.0
201802,73,第73章  钢铁制品,358,塞尔维亚,24332.0
201802,73,第73章  钢铁制品,440,萨尔瓦多,810.0
201802,73,第73章  钢铁制品,502,美国,574093984.0
201802,73,第73章  钢铁制品,601,澳大利亚,5864066.0
201802,73,第73章  钢铁制品,701,国家（地区）不明 ,13699228.0
201802,74,第74章  铜及其制品,102,巴林,1062750.0
201802,74,第74章  铜及其制品,110,中国香港,351584033.0
201802,74,第74章  铜及其制品,111,印度,1229064892.0
201802,74,第74章  铜及其制品,112,印度尼西亚,85258754.0
201802,74,第74章  铜及其制品,113,伊朗,159560532.0
201802,74,第74章  铜及其制品,116,日本,1421917386.0
201802,74,第74章  铜及其制品,119,老挝,78710026.0
201802,74,第74章  铜及其制品,120,黎巴嫩,10898826.0
201802,74,第74章  铜及其制品,122,马来西亚,136369759.0
201802,74,第74章  铜及其制品,125,尼泊尔,90805.0
201802,74,第74章  铜及其制品,132,新加坡,34548668.0
201802,74,第74章  铜及其制品,133,韩国,914241820.0
201802,74,第74章  铜及其制品,136,泰国,140921603.0
201802,74,第74章  铜及其制品,139,也门,5037841.0
201802,74,第74章  铜及其制品,141,越南,47542861.0
201802,74,第74章  铜及其制品,142,中国,513980284.0
201802,74,第74章  铜及其制品,143,中国台湾,1018703660.0
201802,74,第74章  铜及其制品,145,哈萨克斯坦,608855462.0
201802,74,第74章  铜及其制品,149,乌兹别克斯坦,48803826.0
201802,74,第74章  铜及其制品,206,喀麦隆,2180477.0
201802,74,第74章  铜及其制品,218,加蓬,3050559.0
201802,74,第74章  铜及其制品,231,毛里求斯,1972189.0
201802,74,第74章  铜及其制品,234,纳米比亚,731.0
201802,74,第74章  铜及其制品,249,突尼斯,2140160.0
201802,74,第74章  铜及其制品,303,英国,255872239.0
201802,74,第74章  铜及其制品,304,德国,488922384.0
201802,74,第74章  铜及其制品,337,格鲁吉亚,12441902.0
201802,74,第74章  铜及其制品,344,俄罗斯,248990871.0
201802,74,第74章  铜及其制品,351,克罗地亚,687.0
201802,74,第74章  铜及其制品,358,塞尔维亚,209.0
201802,74,第74章  铜及其制品,425,海地,3704071.0
201802,74,第74章  铜及其制品,502,美国,819011358.0
201802,74,第74章  铜及其制品,601,澳大利亚,655003864.0
201802,74,第74章  铜及其制品,701,国家（地区）不明 ,230357.0
201802,75,第75章  镍及其制品,110,中国香港,83080.0
201802,75,第75章  镍及其制品,111,印度,2197153.0
201802,75,第75章  镍及其制品,112,印度尼西亚,141151.0
201802,75,第75章  镍及其制品,116,日本,49828473.0
201802,75,第75章  镍及其制品,122,马来西亚,448673.0
201802,75,第75章  镍及其制品,132,新加坡,219343.0
201802,75,第75章  镍及其制品,133,韩国,9571420.0
201802,75,第75章  镍及其制品,142,中国,2156311.0
201802,75,第75章  镍及其制品,143,中国台湾,7531258.0
201802,75,第75章  镍及其制品,234,纳米比亚,4664.0
201802,75,第75章  镍及其制品,303,英国,54891217.0
201802,75,第75章  镍及其制品,304,德国,28350772.0
201802,75,第75章  镍及其制品,344,俄罗斯,391708048.0
201802,75,第75章  镍及其制品,502,美国,160686116.0
201802,75,第75章  镍及其制品,601,澳大利亚,539224203.0
201802,75,第75章  镍及其制品,607,新喀里多尼亚,251064645.0
201802,75,第75章  镍及其制品,701,国家（地区）不明 ,120.0
201802,76,第76章  铝及其制品,102,巴林,661787.0
201802,76,第76章  铝及其制品,110,中国香港,190648574.0
201802,76,第76章  铝及其制品,111,印度,17506854.0
201802,76,第76章  铝及其制品,112,印度尼西亚,2328434.0
201802,76,第76章  铝及其制品,116,日本,429336734.0
201802,76,第76章  铝及其制品,122,马来西亚,83677048.0
201802,76,第76章  铝及其制品,125,尼泊尔,7560.0
201802,76,第76章  铝及其制品,126,阿曼,3259.0
201802,76,第76章  铝及其制品,132,新加坡,5098112.0
201802,76,第76章  铝及其制品,133,韩国,472796647.0
201802,76,第76章  铝及其制品,136,泰国,165214574.0
201802,76,第76章  铝及其制品,141,越南,3094435.0
201802,76,第76章  铝及其制品,142,中国,67084306.0
201802,76,第76章  铝及其制品,143,中国台湾,120738140.0
201802,76,第76章  铝及其制品,145,哈萨克斯坦,2556392.0
201802,76,第76章  铝及其制品,234,纳米比亚,95054.0
201802,76,第76章  铝及其制品,303,英国,170356629.0
201802,76,第76章  铝及其制品,304,德国,155221356.0
201802,76,第76章  铝及其制品,344,俄罗斯,28844780.0
201802,76,第76章  铝及其制品,351,克罗地亚,24308.0
201802,76,第76章  铝及其制品,440,萨尔瓦多,395.0
201802,76,第76章  铝及其制品,502,美国,508544504.0
201802,76,第76章  铝及其制品,601,澳大利亚,154905491.0
201802,76,第76章  铝及其制品,701,国家（地区）不明 ,75227.0
201802,78,第78章  铅及其制品,116,日本,780891.0
201802,78,第78章  铅及其制品,133,韩国,11283928.0
201802,78,第78章  铅及其制品,136,泰国,3752059.0
201802,78,第78章  铅及其制品,143,中国台湾,84788.0
201802,78,第78章  铅及其制品,303,英国,167532.0
201802,78,第78章  铅及其制品,304,德国,672742.0
201802,78,第78章  铅及其制品,502,美国,1920285.0
201802,78,第78章  铅及其制品,601,澳大利亚,1286.0
201802,79,第79章  锌及其制品,110,中国香港,1137885.0
201802,79,第79章  锌及其制品,111,印度,218762056.0
201802,79,第79章  锌及其制品,112,印度尼西亚,52305.0
201802,79,第79章  锌及其制品,113,伊朗,1324386.0
201802,79,第79章  锌及其制品,116,日本,32168030.0
201802,79,第79章  锌及其制品,122,马来西亚,3831056.0
201802,79,第79章  锌及其制品,132,新加坡,147916.0
201802,79,第79章  锌及其制品,133,韩国,41205830.0
201802,79,第79章  锌及其制品,136,泰国,1063838.0
201802,79,第79章  锌及其制品,141,越南,1137.0
201802,79,第79章  锌及其制品,142,中国,3092162.0
201802,79,第79章  锌及其制品,143,中国台湾,6017947.0
201802,79,第79章  锌及其制品,145,哈萨克斯坦,267093492.0
201802,79,第79章  锌及其制品,303,英国,69323.0
201802,79,第79章  锌及其制品,304,德国,6234081.0
201802,79,第79章  锌及其制品,502,美国,10903060.0
201802,79,第79章  锌及其制品,601,澳大利亚,259069256.0
201802,80,第80章  锡及其制品,110,中国香港,297032.0
201802,80,第80章  锡及其制品,111,印度,312719.0
201802,80,第80章  锡及其制品,112,印度尼西亚,3637035.0
201802,80,第80章  锡及其制品,116,日本,17930774.0
201802,80,第80章  锡及其制品,122,马来西亚,16351006.0
201802,80,第80章  锡及其制品,126,阿曼,975.0
201802,80,第80章  锡及其制品,132,新加坡,1529077.0
201802,80,第80章  锡及其制品,133,韩国,7542947.0
201802,80,第80章  锡及其制品,136,泰国,2216872.0
201802,80,第80章  锡及其制品,142,中国,9309173.0
201802,80,第80章  锡及其制品,143,中国台湾,11411128.0
201802,80,第80章  锡及其制品,234,纳米比亚,1788.0
201802,80,第80章  锡及其制品,303,英国,251621.0
201802,80,第80章  锡及其制品,304,德国,1162049.0
201802,80,第80章  锡及其制品,344,俄罗斯,45858.0
201802,80,第80章  锡及其制品,502,美国,1591944.0
201802,81,第81章  其他贱金属、金属陶瓷及其制品,110,中国香港,3840973.0
201802,81,第81章  其他贱金属、金属陶瓷及其制品,111,印度,1556922.0
201802,81,第81章  其他贱金属、金属陶瓷及其制品,112,印度尼西亚,12180936.0
201802,81,第81章  其他贱金属、金属陶瓷及其制品,116,日本,90105572.0
201802,81,第81章  其他贱金属、金属陶瓷及其制品,119,老挝,510959.0
201802,81,第81章  其他贱金属、金属陶瓷及其制品,122,马来西亚,4332870.0
201802,81,第81章  其他贱金属、金属陶瓷及其制品,132,新加坡,2841733.0
201802,81,第81章  其他贱金属、金属陶瓷及其制品,133,韩国,18789418.0
201802,81,第81章  其他贱金属、金属陶瓷及其制品,136,泰国,29527.0
201802,81,第81章  其他贱金属、金属陶瓷及其制品,142,中国,23528705.0
201802,81,第81章  其他贱金属、金属陶瓷及其制品,143,中国台湾,18607626.0
201802,81,第81章  其他贱金属、金属陶瓷及其制品,145,哈萨克斯坦,10811457.0
201802,81,第81章  其他贱金属、金属陶瓷及其制品,234,纳米比亚,1539.0
201802,81,第81章  其他贱金属、金属陶瓷及其制品,249,突尼斯,757499.0
201802,81,第81章  其他贱金属、金属陶瓷及其制品,303,英国,8302960.0
201802,81,第81章  其他贱金属、金属陶瓷及其制品,304,德国,39003711.0
201802,81,第81章  其他贱金属、金属陶瓷及其制品,344,俄罗斯,44901558.0
201802,81,第81章  其他贱金属、金属陶瓷及其制品,502,美国,81790653.0
201802,81,第81章  其他贱金属、金属陶瓷及其制品,601,澳大利亚,36206404.0
201802,81,第81章  其他贱金属、金属陶瓷及其制品,607,新喀里多尼亚,29823612.0
201802,82,第82章  贱金属工具、器具、利口器、餐匙、餐叉及其零件,110,中国香港,423494.0
201802,82,第82章  贱金属工具、器具、利口器、餐匙、餐叉及其零件,111,印度,10003803.0
201802,82,第82章  贱金属工具、器具、利口器、餐匙、餐叉及其零件,112,印度尼西亚,2004618.0
201802,82,第82章  贱金属工具、器具、利口器、餐匙、餐叉及其零件,116,日本,467834069.0
201802,82,第82章  贱金属工具、器具、利口器、餐匙、餐叉及其零件,120,黎巴嫩,765.0
201802,82,第82章  贱金属工具、器具、利口器、餐匙、餐叉及其零件,122,马来西亚,3123684.0
201802,82,第82章  贱金属工具、器具、利口器、餐匙、餐叉及其零件,132,新加坡,2551856.0
201802,82,第82章  贱金属工具、器具、利口器、餐匙、餐叉及其零件,133,韩国,179146173.0
201802,82,第82章  贱金属工具、器具、利口器、餐匙、餐叉及其零件,136,泰国,7193214.0
201802,82,第82章  贱金属工具、器具、利口器、餐匙、餐叉及其零件,141,越南,15915767.0
201802,82,第82章  贱金属工具、器具、利口器、餐匙、餐叉及其零件,142,中国,38966655.0
201802,82,第82章  贱金属工具、器具、利口器、餐匙、餐叉及其零件,143,中国台湾,129148379.0
201802,82,第82章  贱金属工具、器具、利口器、餐匙、餐叉及其零件,234,纳米比亚,39559.0
201802,82,第82章  贱金属工具、器具、利口器、餐匙、餐叉及其零件,249,突尼斯,894.0
201802,82,第82章  贱金属工具、器具、利口器、餐匙、餐叉及其零件,303,英国,15871696.0
201802,82,第82章  贱金属工具、器具、利口器、餐匙、餐叉及其零件,304,德国,302078852.0
201802,82,第82章  贱金属工具、器具、利口器、餐匙、餐叉及其零件,337,格鲁吉亚,1566.0
201802,82,第82章  贱金属工具、器具、利口器、餐匙、餐叉及其零件,344,俄罗斯,712320.0
201802,82,第82章  贱金属工具、器具、利口器、餐匙、餐叉及其零件,502,美国,117572631.0
201802,82,第82章  贱金属工具、器具、利口器、餐匙、餐叉及其零件,601,澳大利亚,84754.0
201802,82,第82章  贱金属工具、器具、利口器、餐匙、餐叉及其零件,701,国家（地区）不明 ,41818.0
201802,83,第83章  贱金属杂项制品,110,中国香港,1832853.0
201802,83,第83章  贱金属杂项制品,111,印度,2129419.0
201802,83,第83章  贱金属杂项制品,112,印度尼西亚,1526526.0
201802,83,第83章  贱金属杂项制品,116,日本,92809496.0
201802,83,第83章  贱金属杂项制品,122,马来西亚,8459704.0
201802,83,第83章  贱金属杂项制品,125,尼泊尔,1569065.0
201802,83,第83章  贱金属杂项制品,132,新加坡,3483298.0
201802,83,第83章  贱金属杂项制品,133,韩国,68382219.0
201802,83,第83章  贱金属杂项制品,136,泰国,11439963.0
201802,83,第83章  贱金属杂项制品,141,越南,7257608.0
201802,83,第83章  贱金属杂项制品,142,中国,33725735.0
201802,83,第83章  贱金属杂项制品,143,中国台湾,46865611.0
201802,83,第83章  贱金属杂项制品,231,毛里求斯,818.0
201802,83,第83章  贱金属杂项制品,234,纳米比亚,58625.0
201802,83,第83章  贱金属杂项制品,240,塞内加尔,2374.0
201802,83,第83章  贱金属杂项制品,249,突尼斯,150180.0
201802,83,第83章  贱金属杂项制品,303,英国,15348951.0
201802,83,第83章  贱金属杂项制品,304,德国,130189435.0
201802,83,第83章  贱金属杂项制品,324,马耳他,394925.0
201802,83,第83章  贱金属杂项制品,337,格鲁吉亚,10981.0
201802,83,第83章  贱金属杂项制品,344,俄罗斯,370708.0
201802,83,第83章  贱金属杂项制品,358,塞尔维亚,1050.0
201802,83,第83章  贱金属杂项制品,502,美国,73048022.0
201802,83,第83章  贱金属杂项制品,601,澳大利亚,1011491.0
201802,83,第83章  贱金属杂项制品,701,国家（地区）不明 ,33482.0
201802,84,第84章  核反应堆、锅炉、机器、机械器具及零件,102,巴林,5340.0
201802,84,第84章  核反应堆、锅炉、机器、机械器具及零件,110,中国香港,34419828.0
201802,84,第84章  核反应堆、锅炉、机器、机械器具及零件,111,印度,331112077.0
201802,84,第84章  核反应堆、锅炉、机器、机械器具及零件,112,印度尼西亚,147458529.0
201802,84,第84章  核反应堆、锅炉、机器、机械器具及零件,113,伊朗,100804.0
201802,84,第84章  核反应堆、锅炉、机器、机械器具及零件,116,日本,14622338203.0
201802,84,第84章  核反应堆、锅炉、机器、机械器具及零件,119,老挝,170236.0
201802,84,第84章  核反应堆、锅炉、机器、机械器具及零件,120,黎巴嫩,20780.0
201802,84,第84章  核反应堆、锅炉、机器、机械器具及零件,122,马来西亚,1666404454.0
201802,84,第84章  核反应堆、锅炉、机器、机械器具及零件,125,尼泊尔,11280.0
201802,84,第84章  核反应堆、锅炉、机器、机械器具及零件,126,阿曼,229890.0
201802,84,第84章  核反应堆、锅炉、机器、机械器具及零件,132,新加坡,1907456635.0
201802,84,第84章  核反应堆、锅炉、机器、机械器具及零件,133,韩国,9586099793.0
201802,84,第84章  核反应堆、锅炉、机器、机械器具及零件,136,泰国,3290153812.0
201802,84,第84章  核反应堆、锅炉、机器、机械器具及零件,141,越南,583924284.0
201802,84,第84章  核反应堆、锅炉、机器、机械器具及零件,142,中国,9949475085.0
201802,84,第84章  核反应堆、锅炉、机器、机械器具及零件,143,中国台湾,5127075272.0
201802,84,第84章  核反应堆、锅炉、机器、机械器具及零件,206,喀麦隆,9273.0
201802,84,第84章  核反应堆、锅炉、机器、机械器具及零件,225,利比里亚,30881.0
201802,84,第84章  核反应堆、锅炉、机器、机械器具及零件,234,纳米比亚,52517.0
201802,84,第84章  核反应堆、锅炉、机器、机械器具及零件,242,塞拉利昂,664.0
201802,84,第84章  核反应堆、锅炉、机器、机械器具及零件,249,突尼斯,4187482.0
201802,84,第84章  核反应堆、锅炉、机器、机械器具及零件,303,英国,939063783.0
201802,84,第84章  核反应堆、锅炉、机器、机械器具及零件,304,德国,9555084694.0
201802,84,第84章  核反应堆、锅炉、机器、机械器具及零件,324,马耳他,608329.0
201802,84,第84章  核反应堆、锅炉、机器、机械器具及零件,337,格鲁吉亚,19100.0
201802,84,第84章  核反应堆、锅炉、机器、机械器具及零件,338,亚美尼亚,482118.0
201802,84,第84章  核反应堆、锅炉、机器、机械器具及零件,344,俄罗斯,37472277.0
201802,84,第84章  核反应堆、锅炉、机器、机械器具及零件,351,克罗地亚,13123029.0
201802,84,第84章  核反应堆、锅炉、机器、机械器具及零件,358,塞尔维亚,8120285.0
201802,84,第84章  核反应堆、锅炉、机器、机械器具及零件,502,美国,6849192575.0
201802,84,第84章  核反应堆、锅炉、机器、机械器具及零件,601,澳大利亚,41106905.0
201802,84,第84章  核反应堆、锅炉、机器、机械器具及零件,607,新喀里多尼亚,63146.0
201802,84,第84章  核反应堆、锅炉、机器、机械器具及零件,701,国家（地区）不明 ,2133381.0
201802,85,第85章  电机、电气设备及其零件；录音机及放声机、电视图像、声音的录制和重放设备及其零件、附件,110,中国香港,238907002.0
201802,85,第85章  电机、电气设备及其零件；录音机及放声机、电视图像、声音的录制和重放设备及其零件、附件,111,印度,202824511.0
201802,85,第85章  电机、电气设备及其零件；录音机及放声机、电视图像、声音的录制和重放设备及其零件、附件,112,印度尼西亚,624535693.0
201802,85,第85章  电机、电气设备及其零件；录音机及放声机、电视图像、声音的录制和重放设备及其零件、附件,113,伊朗,256037.0
201802,85,第85章  电机、电气设备及其零件；录音机及放声机、电视图像、声音的录制和重放设备及其零件、附件,116,日本,17719323746.0
201802,85,第85章  电机、电气设备及其零件；录音机及放声机、电视图像、声音的录制和重放设备及其零件、附件,119,老挝,9610431.0
201802,85,第85章  电机、电气设备及其零件；录音机及放声机、电视图像、声音的录制和重放设备及其零件、附件,122,马来西亚,13237797874.0
201802,85,第85章  电机、电气设备及其零件；录音机及放声机、电视图像、声音的录制和重放设备及其零件、附件,126,阿曼,8337.0
201802,85,第85章  电机、电气设备及其零件；录音机及放声机、电视图像、声音的录制和重放设备及其零件、附件,132,新加坡,3730666602.0
201802,85,第85章  电机、电气设备及其零件；录音机及放声机、电视图像、声音的录制和重放设备及其零件、附件,133,韩国,43399885824.0
201802,85,第85章  电机、电气设备及其零件；录音机及放声机、电视图像、声音的录制和重放设备及其零件、附件,136,泰国,3807783377.0
201802,85,第85章  电机、电气设备及其零件；录音机及放声机、电视图像、声音的录制和重放设备及其零件、附件,141,越南,15963494027.0
201802,85,第85章  电机、电气设备及其零件；录音机及放声机、电视图像、声音的录制和重放设备及其零件、附件,142,中国,39233176873.0
201802,85,第85章  电机、电气设备及其零件；录音机及放声机、电视图像、声音的录制和重放设备及其零件、附件,143,中国台湾,42611820038.0
201802,85,第85章  电机、电气设备及其零件；录音机及放声机、电视图像、声音的录制和重放设备及其零件、附件,206,喀麦隆,1058.0
201802,85,第85章  电机、电气设备及其零件；录音机及放声机、电视图像、声音的录制和重放设备及其零件、附件,217,埃塞俄比亚,423.0
201802,85,第85章  电机、电气设备及其零件；录音机及放声机、电视图像、声音的录制和重放设备及其零件、附件,218,加蓬,230.0
201802,85,第85章  电机、电气设备及其零件；录音机及放声机、电视图像、声音的录制和重放设备及其零件、附件,221,几内亚,1213.0
201802,85,第85章  电机、电气设备及其零件；录音机及放声机、电视图像、声音的录制和重放设备及其零件、附件,230,毛里塔尼亚,4956.0
201802,85,第85章  电机、电气设备及其零件；录音机及放声机、电视图像、声音的录制和重放设备及其零件、附件,231,毛里求斯,27243.0
201802,85,第85章  电机、电气设备及其零件；录音机及放声机、电视图像、声音的录制和重放设备及其零件、附件,234,纳米比亚,134279.0
201802,85,第85章  电机、电气设备及其零件；录音机及放声机、电视图像、声音的录制和重放设备及其零件、附件,240,塞内加尔,62452.0
201802,85,第85章  电机、电气设备及其零件；录音机及放声机、电视图像、声音的录制和重放设备及其零件、附件,242,塞拉利昂,83029.0
201802,85,第85章  电机、电气设备及其零件；录音机及放声机、电视图像、声音的录制和重放设备及其零件、附件,243,索马里,23855.0
201802,85,第85章  电机、电气设备及其零件；录音机及放声机、电视图像、声音的录制和重放设备及其零件、附件,249,突尼斯,27056349.0
201802,85,第85章  电机、电气设备及其零件；录音机及放声机、电视图像、声音的录制和重放设备及其零件、附件,303,英国,330645070.0
201802,85,第85章  电机、电气设备及其零件；录音机及放声机、电视图像、声音的录制和重放设备及其零件、附件,304,德国,5217730117.0
201802,85,第85章  电机、电气设备及其零件；录音机及放声机、电视图像、声音的录制和重放设备及其零件、附件,324,马耳他,123171330.0
201802,85,第85章  电机、电气设备及其零件；录音机及放声机、电视图像、声音的录制和重放设备及其零件、附件,337,格鲁吉亚,88704.0
201802,85,第85章  电机、电气设备及其零件；录音机及放声机、电视图像、声音的录制和重放设备及其零件、附件,338,亚美尼亚,3256.0
201802,85,第85章  电机、电气设备及其零件；录音机及放声机、电视图像、声音的录制和重放设备及其零件、附件,344,俄罗斯,40331988.0
201802,85,第85章  电机、电气设备及其零件；录音机及放声机、电视图像、声音的录制和重放设备及其零件、附件,351,克罗地亚,14483703.0
201802,85,第85章  电机、电气设备及其零件；录音机及放声机、电视图像、声音的录制和重放设备及其零件、附件,358,塞尔维亚,16446100.0
201802,85,第85章  电机、电气设备及其零件；录音机及放声机、电视图像、声音的录制和重放设备及其零件、附件,414,多米尼克,40418.0
201802,85,第85章  电机、电气设备及其零件；录音机及放声机、电视图像、声音的录制和重放设备及其零件、附件,425,海地,23224.0
201802,85,第85章  电机、电气设备及其零件；录音机及放声机、电视图像、声音的录制和重放设备及其零件、附件,437,圣卢西亚,6606.0
201802,85,第85章  电机、电气设备及其零件；录音机及放声机、电视图像、声音的录制和重放设备及其零件、附件,440,萨尔瓦多,28050067.0
201802,85,第85章  电机、电气设备及其零件；录音机及放声机、电视图像、声音的录制和重放设备及其零件、附件,502,美国,8644109712.0
201802,85,第85章  电机、电气设备及其零件；录音机及放声机、电视图像、声音的录制和重放设备及其零件、附件,601,澳大利亚,72195932.0
201802,85,第85章  电机、电气设备及其零件；录音机及放声机、电视图像、声音的录制和重放设备及其零件、附件,607,新喀里多尼亚,70420.0
201802,85,第85章  电机、电气设备及其零件；录音机及放声机、电视图像、声音的录制和重放设备及其零件、附件,701,国家（地区）不明 ,1439010.0
201802,86,第86章  铁道及电车道机车、车辆及其零件；铁道及电车道轨道固定装置及其零件；附件；各种机械（包括电动机械）交通信号设备,111,印度,498044.0
201802,86,第86章  铁道及电车道机车、车辆及其零件；铁道及电车道轨道固定装置及其零件；附件；各种机械（包括电动机械）交通信号设备,116,日本,28495633.0
201802,86,第86章  铁道及电车道机车、车辆及其零件；铁道及电车道轨道固定装置及其零件；附件；各种机械（包括电动机械）交通信号设备,122,马来西亚,144034.0
201802,86,第86章  铁道及电车道机车、车辆及其零件；铁道及电车道轨道固定装置及其零件；附件；各种机械（包括电动机械）交通信号设备,133,韩国,1229683.0
201802,86,第86章  铁道及电车道机车、车辆及其零件；铁道及电车道轨道固定装置及其零件；附件；各种机械（包括电动机械）交通信号设备,136,泰国,104018.0
201802,86,第86章  铁道及电车道机车、车辆及其零件；铁道及电车道轨道固定装置及其零件；附件；各种机械（包括电动机械）交通信号设备,142,中国,3040631.0
201802,86,第86章  铁道及电车道机车、车辆及其零件；铁道及电车道轨道固定装置及其零件；附件；各种机械（包括电动机械）交通信号设备,143,中国台湾,868174.0
201802,86,第86章  铁道及电车道机车、车辆及其零件；铁道及电车道轨道固定装置及其零件；附件；各种机械（包括电动机械）交通信号设备,303,英国,5883541.0
201802,86,第86章  铁道及电车道机车、车辆及其零件；铁道及电车道轨道固定装置及其零件；附件；各种机械（包括电动机械）交通信号设备,304,德国,103975050.0
201802,86,第86章  铁道及电车道机车、车辆及其零件；铁道及电车道轨道固定装置及其零件；附件；各种机械（包括电动机械）交通信号设备,502,美国,37057627.0
201802,86,第86章  铁道及电车道机车、车辆及其零件；铁道及电车道轨道固定装置及其零件；附件；各种机械（包括电动机械）交通信号设备,601,澳大利亚,7252392.0
201802,86,第86章  铁道及电车道机车、车辆及其零件；铁道及电车道轨道固定装置及其零件；附件；各种机械（包括电动机械）交通信号设备,701,国家（地区）不明 ,2651.0
201802,87,第87章  车辆及其零件、附件，但铁道及电车道车辆除外,110,中国香港,544989.0
201802,87,第87章  车辆及其零件、附件，但铁道及电车道车辆除外,111,印度,45636007.0
201802,87,第87章  车辆及其零件、附件，但铁道及电车道车辆除外,112,印度尼西亚,91396496.0
201802,87,第87章  车辆及其零件、附件，但铁道及电车道车辆除外,113,伊朗,102878.0
201802,87,第87章  车辆及其零件、附件，但铁道及电车道车辆除外,116,日本,6841804827.0
201802,87,第87章  车辆及其零件、附件，但铁道及电车道车辆除外,122,马来西亚,72986125.0
201802,87,第87章  车辆及其零件、附件，但铁道及电车道车辆除外,132,新加坡,860395.0
201802,87,第87章  车辆及其零件、附件，但铁道及电车道车辆除外,133,韩国,962779437.0
201802,87,第87章  车辆及其零件、附件，但铁道及电车道车辆除外,136,泰国,449538777.0
201802,87,第87章  车辆及其零件、附件，但铁道及电车道车辆除外,141,越南,105527881.0
201802,87,第87章  车辆及其零件、附件，但铁道及电车道车辆除外,142,中国,39994802.0
201802,87,第87章  车辆及其零件、附件，但铁道及电车道车辆除外,143,中国台湾,200582140.0
201802,87,第87章  车辆及其零件、附件，但铁道及电车道车辆除外,145,哈萨克斯坦,441648.0
201802,87,第87章  车辆及其零件、附件，但铁道及电车道车辆除外,204,博茨瓦纳,12408.0
201802,87,第87章  车辆及其零件、附件，但铁道及电车道车辆除外,230,毛里塔尼亚,3663.0
201802,87,第87章  车辆及其零件、附件，但铁道及电车道车辆除外,234,纳米比亚,20081.0
201802,87,第87章  车辆及其零件、附件，但铁道及电车道车辆除外,242,塞拉利昂,5083.0
201802,87,第87章  车辆及其零件、附件，但铁道及电车道车辆除外,243,索马里,1046.0
201802,87,第87章  车辆及其零件、附件，但铁道及电车道车辆除外,249,突尼斯,829768.0
201802,87,第87章  车辆及其零件、附件，但铁道及电车道车辆除外,303,英国,3703405647.0
201802,87,第87章  车辆及其零件、附件，但铁道及电车道车辆除外,304,德国,13028180894.0
201802,87,第87章  车辆及其零件、附件，但铁道及电车道车辆除外,324,马耳他,17508.0
201802,87,第87章  车辆及其零件、附件，但铁道及电车道车辆除外,337,格鲁吉亚,401.0
201802,87,第87章  车辆及其零件、附件，但铁道及电车道车辆除外,344,俄罗斯,523980.0
201802,87,第87章  车辆及其零件、附件，但铁道及电车道车辆除外,351,克罗地亚,970212.0
201802,87,第87章  车辆及其零件、附件，但铁道及电车道车辆除外,358,塞尔维亚,4458008.0
201802,87,第87章  车辆及其零件、附件，但铁道及电车道车辆除外,502,美国,6258194931.0
201802,87,第87章  车辆及其零件、附件，但铁道及电车道车辆除外,601,澳大利亚,11152239.0
201802,87,第87章  车辆及其零件、附件，但铁道及电车道车辆除外,701,国家（地区）不明 ,109098.0
201802,88,第88章  航空器、航天器及其零件,110,中国香港,1452854.0
201802,88,第88章  航空器、航天器及其零件,111,印度,231600.0
201802,88,第88章  航空器、航天器及其零件,116,日本,6793695.0
201802,88,第88章  航空器、航天器及其零件,122,马来西亚,7008350.0
201802,88,第88章  航空器、航天器及其零件,132,新加坡,16899024.0
201802,88,第88章  航空器、航天器及其零件,133,韩国,24142009.0
201802,88,第88章  航空器、航天器及其零件,136,泰国,173514.0
201802,88,第88章  航空器、航天器及其零件,141,越南,117701.0
201802,88,第88章  航空器、航天器及其零件,142,中国,8462738.0
201802,88,第88章  航空器、航天器及其零件,143,中国台湾,250119.0
201802,88,第88章  航空器、航天器及其零件,243,索马里,17277.0
201802,88,第88章  航空器、航天器及其零件,249,突尼斯,93856.0
201802,88,第88章  航空器、航天器及其零件,259,马约特,1239.0
201802,88,第88章  航空器、航天器及其零件,303,英国,98015232.0
201802,88,第88章  航空器、航天器及其零件,304,德国,605534659.0
201802,88,第88章  航空器、航天器及其零件,337,格鲁吉亚,1151.0
201802,88,第88章  航空器、航天器及其零件,344,俄罗斯,20819687.0
201802,88,第88章  航空器、航天器及其零件,502,美国,4443458529.0
201802,88,第88章  航空器、航天器及其零件,601,澳大利亚,5781547.0
201802,89,第89章  船舶及浮动结构体,116,日本,171194105.0
201802,89,第89章  船舶及浮动结构体,132,新加坡,168738.0
201802,89,第89章  船舶及浮动结构体,133,韩国,92789867.0
201802,89,第89章  船舶及浮动结构体,136,泰国,597672.0
201802,89,第89章  船舶及浮动结构体,141,越南,330773.0
201802,89,第89章  船舶及浮动结构体,142,中国,244912608.0
201802,89,第89章  船舶及浮动结构体,303,英国,250674.0
201802,89,第89章  船舶及浮动结构体,304,德国,5000146.0
201802,89,第89章  船舶及浮动结构体,344,俄罗斯,39244350.0
201802,89,第89章  船舶及浮动结构体,502,美国,4289497.0
201802,89,第89章  船舶及浮动结构体,601,澳大利亚,131174.0
201802,90,第90章  光学、照相、电影、计量、检验、医疗或外科用仪器及设备、精密仪器及设备；上述物品的零件、附件,110,中国香港,40686838.0
201802,90,第90章  光学、照相、电影、计量、检验、医疗或外科用仪器及设备、精密仪器及设备；上述物品的零件、附件,111,印度,89556849.0
201802,90,第90章  光学、照相、电影、计量、检验、医疗或外科用仪器及设备、精密仪器及设备；上述物品的零件、附件,112,印度尼西亚,64421451.0
201802,90,第90章  光学、照相、电影、计量、检验、医疗或外科用仪器及设备、精密仪器及设备；上述物品的零件、附件,116,日本,6514040769.0
201802,90,第90章  光学、照相、电影、计量、检验、医疗或外科用仪器及设备、精密仪器及设备；上述物品的零件、附件,119,老挝,110063.0
201802,90,第90章  光学、照相、电影、计量、检验、医疗或外科用仪器及设备、精密仪器及设备；上述物品的零件、附件,120,黎巴嫩,394594.0
201802,90,第90章  光学、照相、电影、计量、检验、医疗或外科用仪器及设备、精密仪器及设备；上述物品的零件、附件,122,马来西亚,584572054.0
201802,90,第90章  光学、照相、电影、计量、检验、医疗或外科用仪器及设备、精密仪器及设备；上述物品的零件、附件,125,尼泊尔,673748.0
201802,90,第90章  光学、照相、电影、计量、检验、医疗或外科用仪器及设备、精密仪器及设备；上述物品的零件、附件,132,新加坡,647722972.0
201802,90,第90章  光学、照相、电影、计量、检验、医疗或外科用仪器及设备、精密仪器及设备；上述物品的零件、附件,133,韩国,6130526389.0
201802,90,第90章  光学、照相、电影、计量、检验、医疗或外科用仪器及设备、精密仪器及设备；上述物品的零件、附件,136,泰国,936644480.0
201802,90,第90章  光学、照相、电影、计量、检验、医疗或外科用仪器及设备、精密仪器及设备；上述物品的零件、附件,141,越南,871783334.0
201802,90,第90章  光学、照相、电影、计量、检验、医疗或外科用仪器及设备、精密仪器及设备；上述物品的零件、附件,142,中国,3373536490.0
201802,90,第90章  光学、照相、电影、计量、检验、医疗或外科用仪器及设备、精密仪器及设备；上述物品的零件、附件,143,中国台湾,6720322867.0
201802,90,第90章  光学、照相、电影、计量、检验、医疗或外科用仪器及设备、精密仪器及设备；上述物品的零件、附件,148,土库曼斯坦,143784.0
201802,90,第90章  光学、照相、电影、计量、检验、医疗或外科用仪器及设备、精密仪器及设备；上述物品的零件、附件,231,毛里求斯,4780.0
201802,90,第90章  光学、照相、电影、计量、检验、医疗或外科用仪器及设备、精密仪器及设备；上述物品的零件、附件,242,塞拉利昂,3147.0
201802,90,第90章  光学、照相、电影、计量、检验、医疗或外科用仪器及设备、精密仪器及设备；上述物品的零件、附件,249,突尼斯,2888594.0
201802,90,第90章  光学、照相、电影、计量、检验、医疗或外科用仪器及设备、精密仪器及设备；上述物品的零件、附件,303,英国,550765662.0
201802,90,第90章  光学、照相、电影、计量、检验、医疗或外科用仪器及设备、精密仪器及设备；上述物品的零件、附件,304,德国,3796978203.0
201802,90,第90章  光学、照相、电影、计量、检验、医疗或外科用仪器及设备、精密仪器及设备；上述物品的零件、附件,324,马耳他,7038297.0
201802,90,第90章  光学、照相、电影、计量、检验、医疗或外科用仪器及设备、精密仪器及设备；上述物品的零件、附件,338,亚美尼亚,50090.0
201802,90,第90章  光学、照相、电影、计量、检验、医疗或外科用仪器及设备、精密仪器及设备；上述物品的零件、附件,344,俄罗斯,77190483.0
201802,90,第90章  光学、照相、电影、计量、检验、医疗或外科用仪器及设备、精密仪器及设备；上述物品的零件、附件,351,克罗地亚,562149.0
201802,90,第90章  光学、照相、电影、计量、检验、医疗或外科用仪器及设备、精密仪器及设备；上述物品的零件、附件,358,塞尔维亚,1081746.0
201802,90,第90章  光学、照相、电影、计量、检验、医疗或外科用仪器及设备、精密仪器及设备；上述物品的零件、附件,428,马提尼克,15183.0
201802,90,第90章  光学、照相、电影、计量、检验、医疗或外科用仪器及设备、精密仪器及设备；上述物品的零件、附件,440,萨尔瓦多,63692.0
201802,90,第90章  光学、照相、电影、计量、检验、医疗或外科用仪器及设备、精密仪器及设备；上述物品的零件、附件,502,美国,4699714308.0
201802,90,第90章  光学、照相、电影、计量、检验、医疗或外科用仪器及设备、精密仪器及设备；上述物品的零件、附件,601,澳大利亚,44987490.0
201802,90,第90章  光学、照相、电影、计量、检验、医疗或外科用仪器及设备、精密仪器及设备；上述物品的零件、附件,701,国家（地区）不明 ,504101.0
201802,91,第91章  钟表及其零件,110,中国香港,21590232.0
201802,91,第91章  钟表及其零件,111,印度,2571445.0
201802,91,第91章  钟表及其零件,112,印度尼西亚,67054.0
201802,91,第91章  钟表及其零件,116,日本,155771599.0
201802,91,第91章  钟表及其零件,122,马来西亚,4937089.0
201802,91,第91章  钟表及其零件,132,新加坡,2777882.0
201802,91,第91章  钟表及其零件,133,韩国,3279343.0
201802,91,第91章  钟表及其零件,136,泰国,35843362.0
201802,91,第91章  钟表及其零件,141,越南,4437772.0
201802,91,第91章  钟表及其零件,142,中国,264006844.0
201802,91,第91章  钟表及其零件,143,中国台湾,1170331.0
201802,91,第91章  钟表及其零件,231,毛里求斯,98758.0
201802,91,第91章  钟表及其零件,249,突尼斯,225629.0
201802,91,第91章  钟表及其零件,303,英国,131567.0
201802,91,第91章  钟表及其零件,304,德国,12629195.0
201802,91,第91章  钟表及其零件,344,俄罗斯,192104.0
201802,91,第91章  钟表及其零件,502,美国,2024046.0
201802,91,第91章  钟表及其零件,601,澳大利亚,118370.0
201802,91,第91章  钟表及其零件,701,国家（地区）不明 ,2804.0
201802,92,第92章  乐器及其零件、附件,110,中国香港,1892.0
201802,92,第92章  乐器及其零件、附件,111,印度,67427.0
201802,92,第92章  乐器及其零件、附件,112,印度尼西亚,71366228.0
201802,92,第92章  乐器及其零件、附件,116,日本,38385886.0
201802,92,第92章  乐器及其零件、附件,122,马来西亚,1717025.0
201802,92,第92章  乐器及其零件、附件,125,尼泊尔,33894.0
201802,92,第92章  乐器及其零件、附件,132,新加坡,1575.0
201802,92,第92章  乐器及其零件、附件,133,韩国,5294552.0
201802,92,第92章  乐器及其零件、附件,136,泰国,790720.0
201802,92,第92章  乐器及其零件、附件,141,越南,354312.0
201802,92,第92章  乐器及其零件、附件,142,中国,4132826.0
201802,92,第92章  乐器及其零件、附件,143,中国台湾,6887477.0
201802,92,第92章  乐器及其零件、附件,303,英国,229506.0
201802,92,第92章  乐器及其零件、附件,304,德国,25268853.0
201802,92,第92章  乐器及其零件、附件,344,俄罗斯,20960.0
201802,92,第92章  乐器及其零件、附件,502,美国,10787628.0
201802,94,第94章  家具；寝具、褥垫、弹簧床垫、软坐垫及类似的填充制品；未列名灯具及照明装置；发光标志、发光铭牌及类似品；活动房屋,110,中国香港,1141915.0
201802,94,第94章  家具；寝具、褥垫、弹簧床垫、软坐垫及类似的填充制品；未列名灯具及照明装置；发光标志、发光铭牌及类似品；活动房屋,111,印度,7744666.0
201802,94,第94章  家具；寝具、褥垫、弹簧床垫、软坐垫及类似的填充制品；未列名灯具及照明装置；发光标志、发光铭牌及类似品；活动房屋,112,印度尼西亚,16775397.0
201802,94,第94章  家具；寝具、褥垫、弹簧床垫、软坐垫及类似的填充制品；未列名灯具及照明装置；发光标志、发光铭牌及类似品；活动房屋,116,日本,102376523.0
201802,94,第94章  家具；寝具、褥垫、弹簧床垫、软坐垫及类似的填充制品；未列名灯具及照明装置；发光标志、发光铭牌及类似品；活动房屋,119,老挝,19507372.0
201802,94,第94章  家具；寝具、褥垫、弹簧床垫、软坐垫及类似的填充制品；未列名灯具及照明装置；发光标志、发光铭牌及类似品；活动房屋,122,马来西亚,18467172.0
201802,94,第94章  家具；寝具、褥垫、弹簧床垫、软坐垫及类似的填充制品；未列名灯具及照明装置；发光标志、发光铭牌及类似品；活动房屋,125,尼泊尔,257596.0
201802,94,第94章  家具；寝具、褥垫、弹簧床垫、软坐垫及类似的填充制品；未列名灯具及照明装置；发光标志、发光铭牌及类似品；活动房屋,132,新加坡,511654.0
201802,94,第94章  家具；寝具、褥垫、弹簧床垫、软坐垫及类似的填充制品；未列名灯具及照明装置；发光标志、发光铭牌及类似品；活动房屋,133,韩国,36759788.0
201802,94,第94章  家具；寝具、褥垫、弹簧床垫、软坐垫及类似的填充制品；未列名灯具及照明装置；发光标志、发光铭牌及类似品；活动房屋,136,泰国,52559831.0
201802,94,第94章  家具；寝具、褥垫、弹簧床垫、软坐垫及类似的填充制品；未列名灯具及照明装置；发光标志、发光铭牌及类似品；活动房屋,141,越南,54982798.0
201802,94,第94章  家具；寝具、褥垫、弹簧床垫、软坐垫及类似的填充制品；未列名灯具及照明装置；发光标志、发光铭牌及类似品；活动房屋,142,中国,54352144.0
201802,94,第94章  家具；寝具、褥垫、弹簧床垫、软坐垫及类似的填充制品；未列名灯具及照明装置；发光标志、发光铭牌及类似品；活动房屋,143,中国台湾,41105007.0
201802,94,第94章  家具；寝具、褥垫、弹簧床垫、软坐垫及类似的填充制品；未列名灯具及照明装置；发光标志、发光铭牌及类似品；活动房屋,234,纳米比亚,29945.0
201802,94,第94章  家具；寝具、褥垫、弹簧床垫、软坐垫及类似的填充制品；未列名灯具及照明装置；发光标志、发光铭牌及类似品；活动房屋,240,塞内加尔,10158.0
201802,94,第94章  家具；寝具、褥垫、弹簧床垫、软坐垫及类似的填充制品；未列名灯具及照明装置；发光标志、发光铭牌及类似品；活动房屋,249,突尼斯,24988.0
201802,94,第94章  家具；寝具、褥垫、弹簧床垫、软坐垫及类似的填充制品；未列名灯具及照明装置；发光标志、发光铭牌及类似品；活动房屋,303,英国,39087218.0
201802,94,第94章  家具；寝具、褥垫、弹簧床垫、软坐垫及类似的填充制品；未列名灯具及照明装置；发光标志、发光铭牌及类似品；活动房屋,304,德国,222336594.0
201802,94,第94章  家具；寝具、褥垫、弹簧床垫、软坐垫及类似的填充制品；未列名灯具及照明装置；发光标志、发光铭牌及类似品；活动房屋,324,马耳他,10778.0
201802,94,第94章  家具；寝具、褥垫、弹簧床垫、软坐垫及类似的填充制品；未列名灯具及照明装置；发光标志、发光铭牌及类似品；活动房屋,344,俄罗斯,6644225.0
201802,94,第94章  家具；寝具、褥垫、弹簧床垫、软坐垫及类似的填充制品；未列名灯具及照明装置；发光标志、发光铭牌及类似品；活动房屋,351,克罗地亚,540748.0
201802,94,第94章  家具；寝具、褥垫、弹簧床垫、软坐垫及类似的填充制品；未列名灯具及照明装置；发光标志、发光铭牌及类似品；活动房屋,358,塞尔维亚,153327.0
201802,94,第94章  家具；寝具、褥垫、弹簧床垫、软坐垫及类似的填充制品；未列名灯具及照明装置；发光标志、发光铭牌及类似品；活动房屋,502,美国,114718196.0
201802,94,第94章  家具；寝具、褥垫、弹簧床垫、软坐垫及类似的填充制品；未列名灯具及照明装置；发光标志、发光铭牌及类似品；活动房屋,601,澳大利亚,4268860.0
201802,94,第94章  家具；寝具、褥垫、弹簧床垫、软坐垫及类似的填充制品；未列名灯具及照明装置；发光标志、发光铭牌及类似品；活动房屋,701,国家（地区）不明 ,816.0
201802,95,第95章  玩具、游戏品、运动用品及其零件、附件,110,中国香港,855973.0
201802,95,第95章  玩具、游戏品、运动用品及其零件、附件,111,印度,1267657.0
201802,95,第95章  玩具、游戏品、运动用品及其零件、附件,112,印度尼西亚,11880393.0
201802,95,第95章  玩具、游戏品、运动用品及其零件、附件,116,日本,88869680.0
201802,95,第95章  玩具、游戏品、运动用品及其零件、附件,122,马来西亚,12780823.0
201802,95,第95章  玩具、游戏品、运动用品及其零件、附件,132,新加坡,12048.0
201802,95,第95章  玩具、游戏品、运动用品及其零件、附件,133,韩国,10481411.0
201802,95,第95章  玩具、游戏品、运动用品及其零件、附件,136,泰国,17451737.0
201802,95,第95章  玩具、游戏品、运动用品及其零件、附件,141,越南,22453311.0
201802,95,第95章  玩具、游戏品、运动用品及其零件、附件,142,中国,164444141.0
201802,95,第95章  玩具、游戏品、运动用品及其零件、附件,143,中国台湾,71691590.0
201802,95,第95章  玩具、游戏品、运动用品及其零件、附件,249,突尼斯,938461.0
201802,95,第95章  玩具、游戏品、运动用品及其零件、附件,303,英国,5666090.0
201802,95,第95章  玩具、游戏品、运动用品及其零件、附件,304,德国,33866390.0
201802,95,第95章  玩具、游戏品、运动用品及其零件、附件,351,克罗地亚,35029.0
201802,95,第95章  玩具、游戏品、运动用品及其零件、附件,440,萨尔瓦多,69776.0
201802,95,第95章  玩具、游戏品、运动用品及其零件、附件,502,美国,48766454.0
201802,95,第95章  玩具、游戏品、运动用品及其零件、附件,601,澳大利亚,1582738.0
201802,95,第95章  玩具、游戏品、运动用品及其零件、附件,701,国家（地区）不明 ,2730.0
201802,96,第96章  杂项制品,110,中国香港,7391877.0
201802,96,第96章  杂项制品,111,印度,1268228.0
201802,96,第96章  杂项制品,112,印度尼西亚,9787493.0
201802,96,第96章  杂项制品,116,日本,698645523.0
201802,96,第96章  杂项制品,122,马来西亚,14938429.0
201802,96,第96章  杂项制品,126,阿曼,161.0
201802,96,第96章  杂项制品,132,新加坡,340505.0
201802,96,第96章  杂项制品,133,韩国,34932897.0
201802,96,第96章  杂项制品,136,泰国,20270154.0
201802,96,第96章  杂项制品,141,越南,5079513.0
201802,96,第96章  杂项制品,142,中国,69481247.0
201802,96,第96章  杂项制品,143,中国台湾,33905469.0
201802,96,第96章  杂项制品,231,毛里求斯,224098.0
201802,96,第96章  杂项制品,249,突尼斯,394844.0
201802,96,第96章  杂项制品,303,英国,4739153.0
201802,96,第96章  杂项制品,304,德国,48612375.0
201802,96,第96章  杂项制品,502,美国,26672026.0
201802,96,第96章  杂项制品,601,澳大利亚,96330.0
201802,96,第96章  杂项制品,701,国家（地区）不明 ,30550.0
201802,97,第97章  艺术品、收藏品及古物,110,中国香港,210410.0
201802,97,第97章  艺术品、收藏品及古物,111,印度,21829.0
201802,97,第97章  艺术品、收藏品及古物,112,印度尼西亚,13722.0
201802,97,第97章  艺术品、收藏品及古物,116,日本,2788395.0
201802,97,第97章  艺术品、收藏品及古物,120,黎巴嫩,40595.0
201802,97,第97章  艺术品、收藏品及古物,122,马来西亚,12417.0
201802,97,第97章  艺术品、收藏品及古物,136,泰国,42809.0
201802,97,第97章  艺术品、收藏品及古物,141,越南,36183.0
201802,97,第97章  艺术品、收藏品及古物,142,中国,1137916.0
201802,97,第97章  艺术品、收藏品及古物,143,中国台湾,99000.0
201802,97,第97章  艺术品、收藏品及古物,204,博茨瓦纳,917.0
201802,97,第97章  艺术品、收藏品及古物,206,喀麦隆,2195.0
201802,97,第97章  艺术品、收藏品及古物,234,纳米比亚,2544.0
201802,97,第97章  艺术品、收藏品及古物,303,英国,25847662.0
201802,97,第97章  艺术品、收藏品及古物,304,德国,491950.0
201802,97,第97章  艺术品、收藏品及古物,344,俄罗斯,171593.0
201802,97,第97章  艺术品、收藏品及古物,351,克罗地亚,52000.0
201802,97,第97章  艺术品、收藏品及古物,502,美国,922738.0
201802,97,第97章  艺术品、收藏品及古物,601,澳大利亚,249506.0
201802,97,第97章  艺术品、收藏品及古物,701,国家（地区）不明 ,6826.0
201802,98,第98章  特殊交易品及未分类商品,102,巴林,46877.0
201802,98,第98章  特殊交易品及未分类商品,104,不丹,187.0
201802,98,第98章  特殊交易品及未分类商品,110,中国香港,119558786.0
201802,98,第98章  特殊交易品及未分类商品,111,印度,5657496.0
201802,98,第98章  特殊交易品及未分类商品,112,印度尼西亚,4289207.0
201802,98,第98章  特殊交易品及未分类商品,113,伊朗,113605.0
201802,98,第98章  特殊交易品及未分类商品,116,日本,131077946.0
201802,98,第98章  特殊交易品及未分类商品,119,老挝,258874293.0
201802,98,第98章  特殊交易品及未分类商品,120,黎巴嫩,72420.0
201802,98,第98章  特殊交易品及未分类商品,122,马来西亚,5380711.0
201802,98,第98章  特殊交易品及未分类商品,125,尼泊尔,1230343.0
201802,98,第98章  特殊交易品及未分类商品,126,阿曼,20576.0
201802,98,第98章  特殊交易品及未分类商品,132,新加坡,5208583.0
201802,98,第98章  特殊交易品及未分类商品,133,韩国,120560377.0
201802,98,第98章  特殊交易品及未分类商品,135,叙利亚,3491.0
201802,98,第98章  特殊交易品及未分类商品,136,泰国,12782672.0
201802,98,第98章  特殊交易品及未分类商品,139,也门,5528.0
201802,98,第98章  特殊交易品及未分类商品,141,越南,3756500038.0
201802,98,第98章  特殊交易品及未分类商品,142,中国,80975336.0
201802,98,第98章  特殊交易品及未分类商品,143,中国台湾,47000235.0
201802,98,第98章  特殊交易品及未分类商品,145,哈萨克斯坦,2119020.0
201802,98,第98章  特殊交易品及未分类商品,149,乌兹别克斯坦,5781.0
201802,98,第98章  特殊交易品及未分类商品,202,安哥拉,3499.0
201802,98,第98章  特殊交易品及未分类商品,204,博茨瓦纳,534.0
201802,98,第98章  特殊交易品及未分类商品,205,布隆迪,6.0
201802,98,第98章  特殊交易品及未分类商品,206,喀麦隆,2423.0
201802,98,第98章  特殊交易品及未分类商品,217,埃塞俄比亚,20593.0
201802,98,第98章  特殊交易品及未分类商品,218,加蓬,3398.0
201802,98,第98章  特殊交易品及未分类商品,221,几内亚,2579.0
201802,98,第98章  特殊交易品及未分类商品,223,科特迪瓦,11643.0
201802,98,第98章  特殊交易品及未分类商品,225,利比里亚,1358.0
201802,98,第98章  特殊交易品及未分类商品,230,毛里塔尼亚,809.0
201802,98,第98章  特殊交易品及未分类商品,231,毛里求斯,198629.0
201802,98,第98章  特殊交易品及未分类商品,234,纳米比亚,967.0
201802,98,第98章  特殊交易品及未分类商品,237,留尼汪,907.0
201802,98,第98章  特殊交易品及未分类商品,240,塞内加尔,3158.0
201802,98,第98章  特殊交易品及未分类商品,242,塞拉利昂,614.0
201802,98,第98章  特殊交易品及未分类商品,243,索马里,502.0
201802,98,第98章  特殊交易品及未分类商品,249,突尼斯,502454.0
201802,98,第98章  特殊交易品及未分类商品,303,英国,51297085.0
201802,98,第98章  特殊交易品及未分类商品,304,德国,90533692.0
201802,98,第98章  特殊交易品及未分类商品,324,马耳他,37253.0
201802,98,第98章  特殊交易品及未分类商品,337,格鲁吉亚,124071.0
201802,98,第98章  特殊交易品及未分类商品,338,亚美尼亚,536.0
201802,98,第98章  特殊交易品及未分类商品,344,俄罗斯,103646016.0
201802,98,第98章  特殊交易品及未分类商品,351,克罗地亚,236245.0
201802,98,第98章  特殊交易品及未分类商品,358,塞尔维亚,152279.0
201802,98,第98章  特殊交易品及未分类商品,399,欧洲其他国家(地区) ,4409.0
201802,98,第98章  特殊交易品及未分类商品,401,安提瓜和巴布达,1291.0
201802,98,第98章  特殊交易品及未分类商品,403,阿鲁巴,134.0
201802,98,第98章  特殊交易品及未分类商品,414,多米尼克,39.0
201802,98,第98章  特殊交易品及未分类商品,417,库拉索 ,501.0
201802,98,第98章  特殊交易品及未分类商品,420,法属圭亚那,237.0
201802,98,第98章  特殊交易品及未分类商品,421,格林纳达,482.0
201802,98,第98章  特殊交易品及未分类商品,424,圭亚那,2314.0
201802,98,第98章  特殊交易品及未分类商品,425,海地,24994.0
201802,98,第98章  特殊交易品及未分类商品,428,马提尼克,2175.0
201802,98,第98章  特殊交易品及未分类商品,437,圣卢西亚,200.0
201802,98,第98章  特殊交易品及未分类商品,440,萨尔瓦多,1015193.0
201802,98,第98章  特殊交易品及未分类商品,441,苏里南,1322.0
201802,98,第98章  特殊交易品及未分类商品,502,美国,301875571.0
201802,98,第98章  特殊交易品及未分类商品,601,澳大利亚,48886119.0
201802,98,第98章  特殊交易品及未分类商品,607,新喀里多尼亚,351.0
201802,98,第98章  特殊交易品及未分类商品,612,社会群岛 ,109.0
201802,98,第98章  特殊交易品及未分类商品,618,基里巴斯,16.0
201802,98,第98章  特殊交易品及未分类商品,701,国家（地区）不明 ,345.0
